domain,guideline,vignette,item_author_notes,validator_guideline,validator_notes,question_type,hypothesis,new_information,effect_phrase,options,author_notes,validator_selected_option
Celiac_Disease,american,"A 42-year-old woman presents with an 18-month history of intermittent, non-bloody diarrhea, significant bloating, and persistent fatigue. She has a past medical history of hypothyroidism, well-controlled on levothyroxine. Her family history is notable for a brother diagnosed with celiac disease five years ago. On review of systems, she mentions occasional aphthous ulcers. Initial laboratory workup reveals iron deficiency anemia with a hemoglobin of 10.8 g/dL and a ferritin of 12 ng/mL. Celiac serology was ordered due to the clinical suspicion and family history. The results show a tissue transglutaminase (tTG) IgA level of 254 U/mL (normal <15 U/mL) and a normal total serum IgA level. She has been consuming a regular, gluten-containing diet. An upper endoscopy with duodenal biopsies is being considered to confirm the suspected diagnosis and assess the degree of mucosal damage before initiating treatment.","This case assesses the standard diagnostic and management pathway for a patient with classic celiac disease, including navigating social barriers and recognizing non-responsive symptoms despite serological improvement.",,,diagnosis,a definitive diagnosis of celiac disease.,The duodenal biopsy report confirms Marsh 3c villous atrophy with increased intraepithelial lymphocytes.,this hypothesis becomes,"+2, +1, 0, -1, -2",The combination of highly positive tTG-IgA serology and classic histologic findings of villous atrophy on biopsy is considered the gold standard for confirming celiac disease. (+2),
,,,,,,management,"immediately recommending a strict, lifelong gluten-free diet.",The patient reveals she is a professional pastry chef and is extremely concerned about her livelihood.,this plan becomes,"+2, +1, 0, -1, -2","While a gluten-free diet is essential, her profession poses a significant barrier. A structured plan with an expert dietitian is critical before initiation, making this immediate action less appropriate. (-1)",
,,,,,,followup,relying solely on annual tTG-IgA testing to monitor disease activity.,"One year later, her tTG-IgA has normalized but she reports persistent bloating and fatigue.",this plan becomes,"+2, +1, 0, -1, -2",Persistent symptoms despite serologic normalization define non-responsive celiac disease. Relying on serology alone is insufficient; evaluation for other causes like SIBO or microscopic colitis is now required. (-1),
Celiac_Disease,american,"A 34-year-old woman presents with a one-year history of intermittent abdominal cramping, bloating, and 3-4 loose stools daily. She also reports significant fatigue and an unintentional 6 kg weight loss over the past six months. She has no significant past medical history and takes no regular medications. Her family history is notable for an aunt with type 1 diabetes. Initial laboratory workup reveals microcytic anemia with a hemoglobin of 10.8 g/dL (normal 12-16 g/dL) and a ferritin of 12 ng/mL (normal 15-150 ng/mL). A Celiac serology panel is ordered, showing an IgA tissue transglutaminase (tTG) antibody level of 85 U/mL (normal <15 U/mL). Her total serum IgA is within the normal range. She is currently consuming a regular, unrestricted diet and is anxious about the potential diagnosis and what it means for her long-term health and lifestyle.","This case outlines a classic presentation of celiac disease, from initial suspicion with serology to histologic confirmation. The scenarios explore guideline-based management decisions regarding bone health and the common follow-up challenge of persistent seropositivity.",,,diagnosis,a diagnosis of celiac disease is highly likely.,An upper endoscopy with duodenal biopsies reveals Marsh 3b classification (marked villous atrophy with crypt hyperplasia and increased intraepithelial lymphocytes).,this hypothesis becomes,"+2, +1, 0, -1, -2","The combination of classic symptoms, positive and specific serology (tTG-IgA >5x ULN), and confirmatory histology with marked villous atrophy makes the diagnosis of celiac disease definitive. (+2)",
,,,,,,management,recommending a baseline DEXA scan to screen for osteoporosis.,The patient reveals a history of a low-impact wrist fracture two years ago after a simple fall.,this action becomes,"+2, +1, 0, -1, -2","A history of a fragility fracture is a significant risk factor for osteoporosis. In a patient with a malabsorptive state like celiac disease, this finding makes bone density screening essential. (+2)",
,,,,,,followup,continuing to monitor dietary adherence with annual IgA tTG antibody testing.,"After one year on a strict gluten-free diet, her symptoms have resolved but her tTG-IgA level remains elevated at 65 U/mL.",this plan becomes,"+2, +1, 0, -1, -2","Persistently elevated serology despite symptomatic improvement strongly suggests ongoing, likely inadvertent, gluten exposure. Simply continuing to monitor is inappropriate; a more active investigation is required. (-2)",
Celiac_Disease,american,"A 28-year-old woman with a 15-year history of well-controlled type 1 diabetes presents with six months of intermittent diarrhea, bloating, and a 5 kg unintentional weight loss. She reports increasing fatigue that is affecting her work. She has no significant family history of gastrointestinal disease. Her primary care physician ordered initial labs which revealed a hemoglobin of 10.2 g/dL (normal 12-16) with a low MCV of 75 fL. Ferritin was 10 ng/mL (normal 15-150). A celiac panel showed an IgA tissue transglutaminase (tTG) antibody level of 250 U/mL (normal <10 U/mL). However, her total serum IgA level was subsequently found to be 15 mg/dL (normal 70-400 mg/dL). An upper endoscopy was performed, and duodenal biopsies confirmed Marsh 3b villous atrophy. The patient is anxious for a definitive diagnosis and a clear treatment plan.","This case focuses on a patient with classic symptoms and biopsy findings for celiac disease, complicated by selective IgA deficiency. This common clinical pitfall requires careful consideration of alternative serologic testing for both diagnosis and follow-up.",,,diagnosis,a definitive diagnosis of celiac disease based on the very high tTG-IgA level.,You learn that IgG-based serology (IgG-DGP) was also performed and returned highly positive.,this hypothesis becomes,"+2, +1, 0, -1, -2","In IgA deficiency, IgA-based tests are unreliable. A positive IgG-based test, combined with confirmatory biopsy, makes the diagnosis of celiac disease certain. (+2)",
,,,,,,management,initiating a strict gluten-free diet and consulting a registered dietitian.,The patient expresses significant anxiety about managing a gluten-free diet on top of her existing carbohydrate counting for type 1 diabetes.,this plan becomes,"+2, +1, 0, -1, -2","A strict gluten-free diet is the only effective treatment for celiac disease, regardless of comorbidities. The patient's valid concerns make the dietitian consultation even more essential. (+2)",
,,,,,,followup,monitoring dietary adherence in one year with a repeat IgA tTG test.,"You recall her baseline total IgA level was profoundly low, indicating selective IgA deficiency.",this plan becomes,"+2, +1, 0, -1, -2","Monitoring with an IgA-based test is inappropriate in a patient with known IgA deficiency, as the results will always be unreliable. IgG-based serology should be used instead. (-2)",
Celiac_Disease,american,"A 42-year-old woman returns for follow-up one year after being diagnosed with celiac disease. The initial diagnosis was established based on an IgA tissue transglutaminase (tTG) level of 150 U/mL (ULN <15 U/mL) and a duodenal biopsy demonstrating Marsh 3a villous atrophy. She was counselled by a dietitian and reports strict adherence to a gluten-free diet (GFD) for the past 12 months. Despite this, she continues to experience persistent bloating, intermittent diarrhea, and significant fatigue, which impacts her daily life. Her weight has remained stable. Repeat laboratory tests show her IgA-tTG remains elevated at 85 U/mL. She also has persistent mild iron deficiency anemia with a hemoglobin of 10.8 g/dL and a ferritin of 12 ng/mL. She is frustrated with her lack of improvement and is questioning the effectiveness of the diet.","This item focuses on the common clinical challenge of non-responsive celiac disease, exploring the differential diagnosis, management strategies, and appropriate follow-up when initial dietary therapy appears to fail.",,,diagnosis,refractory celiac disease type I as the primary diagnosis.,A detailed dietary review reveals frequent cross-contamination from a shared family toaster and cutting boards used for wheat bread.,this hypothesis becomes,"+2, +1, 0, -1, -2",Ongoing gluten exposure is the most common cause of non-responsive celiac disease. Identifying a clear source makes a complex diagnosis like refractory disease much less likely. (-2),
,,,,,,management,initiating an empirical trial of budesonide for suspected refractory disease.,"A hydrogen breath test is performed and is strongly positive, consistent with small intestinal bacterial overgrowth (SIBO).",this plan becomes,"+2, +1, 0, -1, -2","SIBO is a common, treatable cause of persistent symptoms in celiac disease. Treating the SIBO first is far more appropriate than starting steroids for refractory disease. (-2)",
,,,,,,followup,scheduling a repeat upper endoscopy with biopsies in the next month.,"The patient admits to occasional, intentional gluten consumption on weekends, believing small amounts would not cause harm.",this plan becomes,"+2, +1, 0, -1, -2","With clear non-adherence identified, the immediate next step is intensive dietary re-education, not an invasive procedure. The endoscopy is less appropriate until adherence is established. (-1)",
Celiac_Disease,american,"A 38-year-old woman presents with a six-month history of bloating, intermittent diarrhea, fatigue, and an unintentional 8-pound weight loss. Her past medical history is significant for hypothyroidism, well-controlled on levothyroxine. Three months prior to her visit, she self-initiated a ""mostly"" gluten-free diet after reading about her symptoms online, which she feels has provided partial relief. Initial laboratory workup reveals a hemoglobin of 11.2 g/dL (normal 12-16 g/dL) with a low ferritin level. Her tissue transglutaminase (tTG) IgA level is 15 U/mL (upper limit of normal <20 U/mL), and her total serum IgA is within the normal range. She is uncertain about the next steps and whether she truly needs to be on a strict diet for life. The ambiguity of her serology in the context of a partial dietary change presents a diagnostic challenge.","This case focuses on a common clinical challenge: diagnosing and managing celiac disease in a patient who has already partially initiated a gluten-free diet, leading to potentially misleading serological results. It tests reasoning around definitive diagnosis, management standards, and follow-up for non-responsive symptoms.",european,"The item is clinically sound and reflects common diagnostic and management challenges. The European (ESPGHAN) guideline strongly supports the intended reasoning. For adults, biopsy is definitive for diagnosis (Q1), expert dietitian consultation is essential regardless of patient confidence (Q2), and persistent symptoms necessitate a broader investigation for non-responsive celiac disease, making reliance on serology alone inappropriate (Q3). The reasoning holds true across major international guidelines.",diagnosis,the patient has active celiac disease despite her borderline serology.,An upper endoscopy with duodenal biopsies reveals Marsh 3b villous atrophy with increased intraepithelial lymphocytes.,this hypothesis becomes,"+2, +1, 0, -1, -2",The classic histologic finding of significant villous atrophy strongly supports active celiac disease. The borderline serology is likely due to her partial gluten-free diet. (+2),2.0
,,,,,,management,referring the patient to a registered dietitian for formal gluten-free diet education.,The patient states she feels confident managing her diet on her own using online resources and support groups.,this plan becomes,"+2, +1, 0, -1, -2","Patient confidence does not replace professional guidance. A dietitian is crucial for teaching strict adherence, avoiding cross-contamination, and ensuring nutritional adequacy, making the referral essential. (+2)",2.0
,,,,,,followup,monitoring dietary adherence and response with annual tTG-IgA testing alone.,"At her one-year follow-up, she has persistent fatigue and bloating despite reporting strict dietary adherence.",this plan becomes,"+2, +1, 0, -1, -2","Persistent symptoms despite a reported GFD suggest either ongoing gluten exposure or a co-existing diagnosis (e.g., SIBO, IBS). Relying only on serology is insufficient. (-1)",-2.0
Celiac_Disease,american,"A 42-year-old woman returns for follow-up one year after being diagnosed with celiac disease. Her initial diagnosis was confirmed with a tissue transglutaminase (tTG)-IgA level of 150 U/mL (ULN <15 U/mL) and a duodenal biopsy showing Marsh 3b villous atrophy. She immediately consulted a registered dietitian and reports strict adherence to a gluten-free diet (GFD). Despite these efforts, she continues to experience persistent bloating, intermittent non-bloody diarrhea (2-3 times per day), and significant fatigue, which affects her quality of life. Her repeat tTG-IgA level has decreased but remains elevated at 25 U/mL. Her complete blood count is normal, with a hemoglobin of 12.5 g/dL, and her iron studies are now within the normal range. She feels frustrated and is questioning the effectiveness of the diet. You are considering the next steps in evaluating her non-responsive celiac disease.","This item explores the differential diagnosis and management of non-responsive celiac disease, a common clinical challenge. It tests the ability to consider ongoing gluten exposure versus other co-existing conditions.",,,diagnosis,a co-existing diagnosis of microscopic colitis to explain her persistent diarrhea.,a colonoscopy with random biopsies reveals a thickened subepithelial collagen band and increased intraepithelial lymphocytes.,this hypothesis becomes,"+2, +1, 0, -1, -2","These are the classic histological findings for collagenous colitis, a form of microscopic colitis. This finding strongly confirms the co-existing diagnosis. (+2)",
,,,,,,management,initiating a trial of oral budesonide for suspected refractory disease.,a comprehensive dietary review reveals frequent inadvertent cross-contamination from shared kitchen appliances at home.,this action becomes,"+2, +1, 0, -1, -2",The most common cause of non-responsive CD is ongoing gluten exposure. Identifying this makes steroids inappropriate; the focus should be on stricter dietary adherence. (-2),
,,,,,,followup,scheduling a repeat upper endoscopy with biopsies to assess for refractory celiac disease.,"the patient admits to occasional intentional gluten consumption, believing 'a little won't hurt'.",this plan becomes,"+2, +1, 0, -1, -2","Refractory CD is a diagnosis of exclusion after confirming strict GFD adherence. With known non-adherence, an invasive procedure is less appropriate than re-education. (-1)",
Celiac_Disease,american,"A 28-year-old female was diagnosed with celiac disease one year ago based on a high IgA tissue transglutaminase (tTG) antibody level (>10x upper limit of normal) and a duodenal biopsy showing Marsh 3b villous atrophy. She was counselled by a dietitian and initiated a strict gluten-free diet (GFD). She initially reported significant improvement in her symptoms of bloating, diarrhea, and fatigue. However, over the past four months, her symptoms have gradually returned despite her insistence that she is meticulously following the diet. A repeat IgA tTG level is 45 U/mL (previously >250 U/mL; normal <15 U/mL). Her hemoglobin is stable at 12.5 g/dL. She is frustrated and concerned that the diet is no longer working, questioning if she might have a more severe or different condition. She feels her quality of life has deteriorated again and is seeking further evaluation and management options.","This case assesses the evaluation of non-responsive celiac disease. The key principle is to exhaustively investigate for ongoing gluten exposure, the most common cause, before considering a diagnosis of refractory disease or initiating advanced therapies.",,,diagnosis,a diagnosis of refractory celiac disease.,A detailed dietary history reveals she regularly eats french fries cooked in a shared fryer at a local restaurant.,this hypothesis becomes,"+2, +1, 0, -1, -2","This finding strongly suggests ongoing gluten exposure from cross-contamination. This is the most common cause of non-responsive symptoms, making the diagnosis of refractory disease much less likely. (-2)",
,,,,,,management,"proceeding directly to a trial of immunosuppressive therapy, such as budesonide.","She reveals that her roommate bakes with regular flour in their small, shared kitchen, without separate utensils.",this plan becomes,"+2, +1, 0, -1, -2","This information identifies a significant source of ongoing gluten exposure. The priority is intensive dietary and environmental counseling, not immunosuppression, which is reserved for true refractory disease. (-2)",
,,,,,,followup,scheduling a repeat upper endoscopy with duodenal biopsies in the next month.,A comprehensive review with a dietitian identifies several sources of unintentional gluten ingestion in her diet.,this plan becomes,"+2, +1, 0, -1, -2","With clear dietary lapses identified, the immediate next step is to correct the diet and provide further education. A repeat invasive procedure is less appropriate until adherence is optimized. (-1)",
Celiac_Disease,american,"A 48-year-old woman was diagnosed with celiac disease one year ago after presenting with chronic diarrhea, bloating, and iron deficiency anemia. Her initial workup revealed a tissue transglutaminase (tTG) IgA level of 185 U/mL (normal <15) and duodenal biopsies showing Marsh 3b villous atrophy. She was counseled by a registered dietitian and initiated a strict gluten-free diet (GFD). At her one-year follow-up, she reports feeling only marginally better, with persistent fatigue, intermittent loose stools, and significant bloating. She insists she is extremely careful about her diet and avoids all gluten-containing products and cross-contamination. Repeat laboratory tests show a hemoglobin of 11.8 g/dL (normal 12-16), ferritin of 15 ng/mL (normal 15-150), and a tTG-IgA of 55 U/mL. She is frustrated with her lack of progress and is concerned about the long-term implications.","This case focuses on the evaluation of non-responsive celiac disease, the most common cause of which is continued gluten exposure. It tests the ability to prioritize diagnostic and management steps when faced with persistent symptoms despite reported dietary adherence.",european,"The item is clinically sound and aligns well with the European guideline's approach to non-responsive celiac disease (NRCD). The guideline emphasizes that ongoing gluten exposure is the most common cause, making investigations for refractory disease or other conditions inappropriate until adherence is confirmed. This principle directly informs the responses. There are no significant differences in reasoning compared to the American guideline perspective for this specific clinical scenario.",diagnosis,a diagnosis of refractory celiac disease type I.,A detailed dietary review reveals frequent unintentional gluten cross-contamination from shared kitchen appliances.,this hypothesis becomes,"+2, +1, 0, -1, -2",The most common cause of non-responsive celiac disease is ongoing gluten exposure. Identifying a clear source makes a diagnosis of refractory celiac disease highly unlikely. (-2),-2.0
,,,,,,management,"ordering tests for SIBO, lactose intolerance, and microscopic colitis.","Her repeat tTG-IgA comes back at 190 U/mL, even higher than her level at diagnosis one year ago.",this plan becomes,"+2, +1, 0, -1, -2","A rising tTG-IgA level is a strong indicator of significant, ongoing gluten ingestion. This makes investigating alternative diagnoses less appropriate until dietary adherence is definitively addressed. (-1)",-2.0
,,,,,,followup,"scheduling a follow-up in one year with repeat serology, as some patients take longer to respond.",Her adult daughter was recently diagnosed with Type 1 diabetes and is being screened for celiac disease.,this plan becomes,"+2, +1, 0, -1, -2",The daughter's new diagnosis is relevant for family screening but does not change the clinical urgency for the patient. A 'wait and see' approach remains suboptimal given her symptoms and labs. (0),0.0
Celiac_Disease,american,"A 42-year-old woman returns for a one-year follow-up after being diagnosed with celiac disease. The initial diagnosis was established based on a tissue transglutaminase (tTG) IgA level >250 U/mL (normal <15 U/mL) and duodenal biopsies showing Marsh 3b villous atrophy. She reports diligently following a strict gluten-free diet (GFD) and has consulted online resources extensively. Despite her efforts, she continues to experience persistent bloating, fatigue, and intermittent loose stools, though her symptoms are milder than at diagnosis. She feels frustrated with her lack of complete recovery. A repeat tTG-IgA level today is 45 U/mL, significantly lower than her initial value but still elevated. Her total IgA level is normal. She is otherwise healthy with no other significant medical history. You are considering the next steps in managing her non-responsive symptoms.",This item focuses on the evaluation of non-responsive celiac disease. It emphasizes that the most common cause is persistent gluten exposure and that a thorough dietary review should precede invasive testing for refractory disease.,british,"The item aligns well with British Society of Gastroenterology guidelines. The core principles for managing non-responsive celiac disease—prioritizing a thorough dietary review with a specialist dietitian to rule out inadvertent gluten exposure before considering refractory disease—are congruent. Both guidelines emphasize screening for nutritional deficiencies, making the follow-up plan essential. There are no significant deviations from the author's intended reasoning from a British perspective.",diagnosis,ongoing gluten exposure as the primary cause of her symptoms.,She admits to using the same toaster as her family for her gluten-free bread and frequently eats french fries from restaurant fryers.,this hypothesis becomes,"+2, +1, 0, -1, -2","These are classic sources of significant cross-contamination, which constitutes ongoing gluten exposure. This information makes the hypothesis virtually certain. (+2)",2.0
,,,,,,management,scheduling a repeat endoscopy with biopsies to evaluate for refractory celiac disease.,The patient has not yet had a formal consultation with a dietitian experienced in celiac disease management.,this action becomes,"+2, +1, 0, -1, -2",Refractory celiac disease is a diagnosis of exclusion. The first step for non-responsive disease is a formal dietary review to rule out inadvertent gluten intake. Endoscopy is premature. (-2),-2.0
,,,,,,followup,"checking for common nutritional deficiencies such as iron, vitamin D, and B12 at this one-year visit.",Her initial diagnostic workup one year ago revealed significant iron deficiency anemia and low vitamin D levels.,this plan becomes,"+2, +1, 0, -1, -2","Given her history of deficiencies at diagnosis and persistent symptoms suggesting ongoing malabsorption, re-evaluating her nutritional status is essential and highly appropriate. (+2)",2.0
Celiac_Disease,american,"A 34-year-old woman with a 10-year history of well-controlled type 1 diabetes presents with six months of intermittent diarrhea, bloating, and an unintentional 5 kg weight loss. She also reports significant fatigue impacting her daily activities. Her initial laboratory workup reveals a microcytic anemia with a hemoglobin of 10.8 g/dL (normal 12-16 g/dL) and a low ferritin level of 12 ng/mL (normal 15-150 ng/mL). A comprehensive metabolic panel is otherwise unremarkable. Given her history of type 1 diabetes and presenting symptoms, celiac disease is high on the differential diagnosis. A serological screen is performed, showing a tissue transglutaminase IgA (tTG-IgA) level of 2 U/mL (normal <15 U/mL). A total serum IgA level is also measured and comes back at 18 mg/dL (normal 70-400 mg/dL), indicating selective IgA deficiency. The patient is anxious for a clear diagnosis and management plan.","This case focuses on the diagnostic pitfall of selective IgA deficiency in a high-risk patient (type 1 diabetes). It tests the correct interpretation of serology, the prerequisites for biopsy, and the management of serologic non-response during follow-up.",,,diagnosis,ruling out celiac disease due to the negative tTG-IgA test result.,an IgG-based deamidated gliadin peptide (DGP-IgG) test comes back strongly positive at 150 U/mL (normal <20 U/mL).,this hypothesis becomes,"+2, +1, 0, -1, -2","In patients with IgA deficiency, IgA-based serology like tTG-IgA is falsely negative. A positive IgG-based test is the appropriate alternative and makes celiac disease highly likely. Therefore, ruling out the diagnosis becomes completely inappropriate. (-2)",
,,,,,,management,proceeding directly to an upper endoscopy with duodenal biopsies for diagnostic confirmation.,the patient reveals she independently started a strict gluten-free diet three weeks ago after reading about her symptoms online.,this plan becomes,"+2, +1, 0, -1, -2","Initiating a gluten-free diet before biopsy can lead to mucosal healing and a false-negative result (normal histology). Proceeding directly is now inappropriate without a formal gluten challenge, which would be needed to ensure diagnostic accuracy. (-2)",
,,,,,,followup,scheduling annual follow-up with repeat serology to monitor dietary adherence.,"one year after diagnosis and starting a GFD, her symptoms are resolved but her DGP-IgG titer remains elevated.",this plan becomes,"+2, +1, 0, -1, -2","Persistent positive serology, even with clinical improvement, suggests ongoing gluten exposure, which is the most common cause of non-responsive disease. Continued close follow-up and monitoring is essential to investigate the source of gluten and prevent complications. (+2)",
Celiac_Disease,american,"A 38-year-old woman was diagnosed with celiac disease two years ago based on a tTG-IgA level >250 U/mL (ULN <15 U/mL) and a duodenal biopsy showing Marsh 3b villous atrophy. She immediately adopted a strict gluten-free diet (GFD) after consulting with a specialized dietitian. She reports meticulous avoidance of gluten, including using separate kitchen utensils and reading all food labels. Despite her efforts, she continues to experience persistent bloating, intermittent non-bloody diarrhea (2-3 times per week), and significant fatigue, which impacts her quality of life. Her follow-up tTG-IgA level has decreased but remains mildly elevated at 25 U/mL. Her hemoglobin is stable at 12.8 g/dL, but her 25-hydroxyvitamin D level is low at 18 ng/mL (normal >30 ng/mL). She is frustrated with her lack of complete symptomatic improvement and is seeking further evaluation for her persistent symptoms.","This item assesses the evaluation of non-responsive celiac disease. The key is to prioritize investigating ongoing gluten exposure, the most common cause, before considering refractory disease or proceeding with invasive tests.",,,diagnosis,a definitive diagnosis of refractory celiac disease type I.,A detailed dietary review reveals frequent consumption of 'gluten-free' oats and dining out at restaurants with high cross-contamination risk.,this hypothesis becomes,"+2, +1, 0, -1, -2",Inadvertent gluten exposure is the most common cause of non-responsive celiac disease. Identifying a clear source of ongoing exposure makes the more serious diagnosis of refractory disease highly unlikely. (-2),
,,,,,,management,proceeding directly to a repeat upper endoscopy with duodenal biopsies.,The patient admits to not having seen a dietitian since her initial diagnosis and is unsure about hidden sources of gluten.,this action becomes,"+2, +1, 0, -1, -2","Before pursuing invasive testing for non-responsive celiac disease, the recommended first step is reinforcing strict dietary adherence with an expert dietitian review. (-1)",
,,,,,,followup,planning to monitor her dietary adherence with annual tTG-IgA testing.,Her symptoms have completely resolved after three months of intensive dietary counseling and eliminating all potential cross-contamination sources.,this plan becomes,"+2, +1, 0, -1, -2","Annual tTG-IgA is the standard method for monitoring dietary adherence. With symptom resolution confirming the issue was non-adherence, this follow-up plan is essential and highly appropriate. (+2)",
Celiac_Disease,american,"A 28-year-old male was diagnosed with celiac disease one year ago after presenting with iron deficiency anemia and bloating. His initial tTG-IgA was >250 U/mL (normal <15 U/mL) and a duodenal biopsy confirmed Marsh 3b villous atrophy. He was counseled by a dietitian and initiated a strict gluten-free diet (GFD), with initial improvement in his symptoms. Over the past four months, however, he has experienced a recurrence of intermittent abdominal cramping, bloating, and fatigue. He insists he is meticulously adherent to his GFD, avoiding all obvious gluten sources and checking labels carefully. A repeat tTG-IgA is now 45 U/mL. His hemoglobin has dropped slightly to 12.8 g/dL (normal 13.5-17.5 g/dL), and his ferritin is 20 ng/mL (normal 30-400 ng/mL). He is frustrated and seeking advice on the next steps for his persistent symptoms despite his best efforts.","This case assesses the clinical approach to non-responsive celiac disease. The key is to systematically evaluate for ongoing gluten exposure, co-existing conditions, and the possibility of refractory disease, especially when alarm symptoms are present.",,,diagnosis,"The primary cause of his persistent symptoms is ongoing, inadvertent gluten exposure from cross-contamination.",A meticulous 7-day food diary reviewed by a specialist dietitian reveals no obvious gluten sources or high-risk cross-contamination practices.,this hypothesis becomes,"+2, +1, 0, -1, -2","While hidden gluten is the most common cause of non-responsive celiac disease, a thorough dietetic review suggesting excellent adherence makes it less likely and prompts consideration of other etiologies. (-1)",
,,,,,,management,Proceeding with a repeat upper endoscopy and duodenal biopsies to investigate for non-responsive or refractory celiac disease.,He now reports new-onset nocturnal diarrhea and an unintentional 5 kg weight loss over the past two months.,this plan becomes,"+2, +1, 0, -1, -2",The development of alarm symptoms in a patient with non-responsive celiac disease makes re-evaluation with endoscopy and biopsy essential to assess for refractory disease or complications like lymphoma. (+2),
,,,,,,followup,Ordering a DEXA scan at this visit to screen for celiac-associated osteoporosis as a next step.,A review of his records shows a DEXA scan was performed at diagnosis one year ago and was entirely normal.,this plan becomes,"+2, +1, 0, -1, -2",Repeating a normal DEXA scan just one year after the initial baseline screen is not indicated. The priority is to investigate the cause of his persistent symptoms and malabsorption. (-2),
Celiac_Disease,american,"A 34-year-old woman with a 15-year history of well-controlled type 1 diabetes mellitus presents to your gastroenterology clinic with a six-month history of intermittent, non-bloody diarrhea, significant bloating, and persistent fatigue. She also reports an unintentional weight loss of 5 kg over this period. She has no family history of inflammatory bowel disease or gastrointestinal malignancy. Her initial laboratory workup, ordered by her primary care physician, revealed a mild microcytic anemia with a hemoglobin of 11.2 g/dL. Specific celiac serology was pursued, showing an elevated IgA tissue transglutaminase (tTG-IgA) level of 85 U/mL (upper limit of normal <15 U/mL). Her total serum IgA level was within the normal range. An upper endoscopy with duodenal biopsies has been performed to confirm the suspected diagnosis, and you are reviewing the complete case to determine the next steps in her care.","This case assesses the nuances of diagnosing and managing celiac disease in a high-risk patient (type 1 diabetes). It explores diagnostic uncertainty with discordant serology/biopsy, management priorities, and comprehensive follow-up beyond serological monitoring.",,,diagnosis,a definitive diagnosis of celiac disease is confirmed.,the duodenal biopsy report shows increased intraepithelial lymphocytes but no villous atrophy (Marsh 1 lesion).,this hypothesis becomes,"+2, +1, 0, -1, -2","While Marsh 1 is abnormal, it is not specific for celiac disease. With positive serology, this finding makes the diagnosis less certain and warrants further consideration, but does not confirm it. (-1)",
,,,,,,management,initiating a strict gluten-free diet and referring to a dietitian.,the patient is very anxious and requests HLA genotyping to 'be absolutely sure' before starting the diet.,this action becomes,"+2, +1, 0, -1, -2",A gluten-free diet is the only treatment. HLA typing has high negative predictive value but does not confirm the diagnosis. Delaying standard therapy for this test is not indicated. (+2),
,,,,,,followup,scheduling annual follow-up with repeat tTG-IgA serology only.,"at diagnosis, her DEXA scan revealed a Z-score of -2.2 at the lumbar spine.",this plan becomes,"+2, +1, 0, -1, -2","This patient has osteoporosis, a significant complication. A follow-up plan must also include monitoring and management of her bone health, making a 'serology only' plan less appropriate. (-1)",
Celiac_Disease,american,"A 34-year-old woman was diagnosed with celiac disease one year ago based on a tTG-IgA level of 150 U/mL (normal <15 U/mL) and a duodenal biopsy showing Marsh 3b changes. She was counselled by a dietitian and initiated a strict gluten-free diet (GFD). She initially reported significant improvement in her chronic diarrhea and bloating. However, over the past four months, she has experienced a recurrence of intermittent loose stools, abdominal cramping, and profound fatigue, despite insisting she is meticulously avoiding all gluten, including cross-contamination. Today, her follow-up labs show a hemoglobin of 10.8 g/dL with a low ferritin of 12 ng/mL. Her repeat tTG-IgA is 45 U/mL. She appears distressed and frustrated with her lack of progress, questioning the effectiveness of the diet.","This item assesses reasoning in non-responsive celiac disease, a common clinical challenge. It tests the ability to prioritize common causes (dietary non-adherence, secondary intolerances) over rarer diagnoses like refractory celiac disease or microscopic colitis.",,,diagnosis,The patient has developed refractory celiac disease type I.,A detailed dietary review with a specialist dietitian reveals frequent unintentional gluten exposure from restaurant meals and shared kitchen appliances.,this hypothesis becomes,"+2, +1, 0, -1, -2",The most common cause of non-responsive celiac disease is inadvertent gluten ingestion. Identifying a clear source of exposure makes the rare diagnosis of refractory celiac disease much less likely. (-2),
,,,,,,management,Ordering a colonoscopy with biopsies to investigate for microscopic colitis.,"The patient reports significant bloating and flatulence after consuming dairy products, a symptom which has worsened since starting her gluten-free diet.",this action becomes,"+2, +1, 0, -1, -2","Secondary lactose intolerance is common in active celiac disease due to damaged villi. This points to a more probable diagnosis to pursue first, making an immediate colonoscopy less appropriate. (-1)",
,,,,,,followup,Planning for a repeat upper endoscopy with biopsies in 3-6 months to assess for histologic improvement.,"After intensive GFD re-education, her tTG-IgA level normalizes and symptoms completely resolve within two months.",this plan becomes,"+2, +1, 0, -1, -2","With complete symptomatic and serologic response to a stricter diet, an invasive procedure like a repeat endoscopy is no longer indicated in the near term and becomes less appropriate. (-1)",
Celiac_Disease,american,"A 34-year-old woman, diagnosed with celiac disease one year ago via positive tTG-IgA serology and duodenal biopsy showing Marsh 3b villous atrophy, returns for follow-up. She was referred to a dietitian and reports strict adherence to a gluten-free diet (GFD) for the past 12 months. Despite this, she continues to experience intermittent non-bloody diarrhea, significant bloating, and persistent fatigue, which she feels have only marginally improved. She expresses frustration, stating she meticulously avoids gluten and cross-contamination. Repeat laboratory tests show her tTG-IgA level has decreased from >250 U/mL at diagnosis to 25 U/mL (upper limit of normal <15 U/mL). Her complete blood count is normal, and her ferritin level has normalized. You are considering the next steps in evaluating her nonresponsive celiac disease.",This item assesses the evaluation of nonresponsive celiac disease. Key decision points include differentiating ongoing gluten exposure from co-existing conditions (SIBO) and adjusting follow-up plans based on serological response.,,,diagnosis,a concurrent diagnosis of small intestinal bacterial overgrowth (SIBO) as the cause of her persistent symptoms.,"A glucose breath test is performed and shows an early and sustained rise in hydrogen levels, meeting diagnostic criteria for SIBO.",this hypothesis becomes,"+2, +1, 0, -1, -2","SIBO is a common cause of persistent symptoms in patients with celiac disease, even with good dietary adherence. A positive glucose breath test strongly supports this concurrent diagnosis. (+2)",
,,,,,,management,referring her for a comprehensive dietary review with a dietitian specializing in celiac disease.,"A gluten-containing-food detection test on a stool sample is performed and returns a positive result, indicating recent gluten ingestion.",this plan becomes,"+2, +1, 0, -1, -2","This provides objective evidence of ongoing gluten exposure, which is the most common cause of nonresponsive celiac disease. A specialized dietary review becomes the essential next step. (+2)",
,,,,,,followup,planning for a repeat upper endoscopy with duodenal biopsies in the next month to assess for refractory disease.,"After a phone consultation and further dietary counseling, her repeat tTG-IgA level three months later has completely normalized to 8 U/mL.",this plan becomes,"+2, +1, 0, -1, -2",Complete normalization of tTG-IgA strongly suggests improved dietary adherence and likely mucosal healing. This significantly reduces the immediate need for an invasive repeat endoscopy to rule out refractory disease. (-1),
Celiac_Disease,american,"A 24-year-old woman presents with a six-month history of intermittent diarrhea, abdominal bloating, and fatigue. She has also noted an unintentional weight loss of 5 kg. Her older sister was diagnosed with celiac disease two years ago. On examination, she appears pale but is otherwise hemodynamically stable. Initial laboratory investigations reveal a microcytic anemia with a hemoglobin of 10.8 g/dL (normal 12-16 g/dL) and a ferritin of 12 ng/mL (normal 15-150 ng/mL). Her total serum IgA is within the normal range at 210 mg/dL (normal 70-400 mg/dL). A celiac serology panel was ordered, showing a tissue transglutaminase (tTG) IgA level of 115 U/mL (upper limit of normal [ULN] <15 U/mL). She is anxious about the potential diagnosis and is keen to start treatment as soon as possible to alleviate her symptoms.","This case focuses on a patient with positive serology for celiac disease that does not meet criteria for a no-biopsy diagnosis, highlighting the interpretation of histology and the management of non-responsive symptoms.",,,diagnosis,a definitive diagnosis of celiac disease requires endoscopic confirmation.,Duodenal biopsies show only increased intraepithelial lymphocytes (Marsh 1 lesion) without villous atrophy.,this hypothesis becomes,"+2, +1, 0, -1, -2","Positive serology with only a Marsh 1 lesion complicates a definitive diagnosis. While consistent with early celiac disease, the lack of villous atrophy makes the diagnosis less certain and may warrant further evaluation. (+1)",
,,,,,,management,initiating a strict gluten-free diet (GFD) immediately after biopsy.,The patient reveals she was on a self-initiated low-gluten diet for a month before her blood tests and endoscopy.,this action becomes,"+2, +1, 0, -1, -2","A pre-test low-gluten diet can blunt serological and histological findings. This new information reinforces the high likelihood of celiac disease and makes starting a formal, strict GFD an essential next step. (+2)",
,,,,,,followup,scheduling a follow-up with repeat tTG-IgA serology in one year.,"At her 1-year follow-up, her tTG-IgA is 50 U/mL, and she reports persistent, though improved, bloating and fatigue.",this plan becomes,"+2, +1, 0, -1, -2",Persistent symptoms and significantly elevated tTG after a year on GFD indicate non-responsive celiac disease. Simply planning another follow-up is insufficient; active investigation into dietary adherence or alternative diagnoses is now required. (-1),
Celiac_Disease,american,"A 28-year-old woman was diagnosed with celiac disease one year ago based on a high tTG-IgA titer (>250 U/mL) and a duodenal biopsy showing Marsh 3b villous atrophy. She consulted with a registered dietitian and initiated a strict gluten-free diet (GFD), leading to significant improvement in her chronic diarrhea and fatigue within three months. For the past four months, however, her symptoms have returned despite her self-reported meticulous adherence to the GFD, including avoiding cross-contamination. She now experiences daily bloating, 3-4 loose stools, and persistent fatigue. Repeat laboratory tests show her tTG-IgA has decreased to 55 U/mL (normal <15 U/mL), and her hemoglobin is 11.2 g/dL with a ferritin of 18 ng/mL, showing only partial improvement from her initial anemia. She feels frustrated and is questioning the effectiveness of her diet.","This item explores the differential diagnosis and management of non-responsive celiac disease, a common clinical challenge. It tests the ability to prioritize investigations based on new clinical data, distinguishing between poor adherence, co-existing conditions, and refractory disease.",,,diagnosis,unintentional gluten exposure as the cause for her persistent symptoms.,A detailed review by a dietitian with celiac expertise reveals frequent consumption of processed foods not certified gluten-free.,this hypothesis becomes,"+2, +1, 0, -1, -2",Ongoing gluten exposure is the most common cause of non-responsive celiac disease. A detailed dietary review identifying potential sources of contamination strongly supports this hypothesis. (+2),
,,,,,,management,initiating empiric treatment with rifaximin for suspected small intestinal bacterial overgrowth (SIBO).,"A glucose hydrogen breath test shows an early and significant rise in hydrogen levels, consistent with SIBO.",this action becomes,"+2, +1, 0, -1, -2","SIBO is a frequent cause of persistent symptoms in celiac disease. A positive breath test confirms this diagnosis, making targeted treatment with rifaximin highly appropriate. (+2)",
,,,,,,followup,scheduling a repeat upper endoscopy with duodenal biopsies to reassess for villous atrophy.,"After three additional months of strict dietary reinforcement, her tTG-IgA level has completely normalized to 8 U/mL.",this plan becomes,"+2, +1, 0, -1, -2",Normalization of tTG-IgA strongly suggests mucosal healing in response to a truly gluten-free diet. This makes an invasive repeat endoscopy much less appropriate at this time. (-2),
Celiac_Disease,american,"A 24-year-old woman with a 10-year history of well-controlled type 1 diabetes mellitus presents with persistent fatigue and mild, intermittent abdominal bloating. She denies diarrhea or weight loss. Her BMI is 22 kg/m². Her HbA1c is 7.1%. Laboratory workup reveals microcytic anemia with a hemoglobin of 10.8 g/dL and a ferritin of 12 ng/mL. A gastroenterology consultation is requested. Initial serologic testing for celiac disease shows a tissue transglutaminase (tTG) IgA level of 18 U/mL (upper limit of normal <15 U/mL). Her total serum IgA is within the normal range at 210 mg/dL. An upper endoscopy with duodenal biopsies is performed, which reveals histologically normal mucosa with no villous atrophy or increased intraepithelial lymphocytes (Marsh 0). The patient is unsure about dietary changes and is seeking clear guidance on her diagnosis and next steps.","This case explores the diagnostic nuance of potential celiac disease in a high-risk patient (T1DM) with discordant serology and histology, and the subsequent management and follow-up challenges.",,,diagnosis,the diagnosis is celiac disease despite the normal biopsy findings.,endomysial antibody (EMA) IgA testing comes back strongly positive.,this hypothesis becomes,"+2, +1, 0, -1, -2","A positive EMA is highly specific (>99%) for celiac disease. In a high-risk patient with elevated tTG, this result strongly supports the diagnosis, suggesting potential patchy villous atrophy. (+2)",
,,,,,,management,recommending an immediate and strict gluten-free diet (GFD) for life.,the patient expresses significant anxiety about the dietary restrictions and their impact on managing her diabetes.,this plan becomes,"+2, +1, 0, -1, -2","While a GFD is necessary, the patient's anxiety and T1DM complexity require a multidisciplinary approach. Initiating it without dietitian support is less appropriate and risks poor adherence. (-1)",
,,,,,,followup,"performing annual follow-up with serology testing only, with no plan for repeat biopsy.","after one year on a GFD, her tTG-IgA level normalizes but she continues to have persistent anemia.",this plan becomes,"+2, +1, 0, -1, -2","Persistent anemia despite normalized serology indicates non-responsive celiac disease or another etiology. Relying solely on serology is inappropriate; further workup, including repeat endoscopy, is needed. (-2)",
Celiac_Disease,american,"A 28-year-old woman presents with a six-month history of postprandial bloating, intermittent diarrhea, and profound fatigue. Her sister was diagnosed with celiac disease five years ago. She has tried over-the-counter remedies without relief and reports an unintentional 4 kg weight loss. On examination, she appears pale, but her abdomen is soft and non-tender. Initial laboratory tests show a microcytic anemia with a hemoglobin of 11.2 g/dL and a low ferritin of 12 ng/mL. Her primary care physician ordered celiac serology, which revealed an IgA tissue transglutaminase (tTG) antibody level of 3 U/mL (normal < 15 U/mL). A total serum IgA level was also checked and reported as 18 mg/dL (normal 70-400 mg/dL). She is referred to your gastroenterology clinic for further evaluation of her persistent symptoms and anemia despite the negative tTG test.","This item assesses the recognition and management of celiac disease in the context of selective IgA deficiency. Key points include using appropriate IgG-based serology for diagnosis and follow-up, and understanding the prerequisites for diagnostic endoscopy.",,,diagnosis,"a diagnosis of celiac disease, despite the negative IgA tTG result.",An IgG-based deamidated gliadin peptide (DGP) antibody test result comes back markedly elevated.,this hypothesis becomes,"+2, +1, 0, -1, -2","The patient has IgA deficiency, rendering the IgA tTG test unreliable. A positive IgG-based serology in this context makes celiac disease highly probable. (+2)",
,,,,,,management,proceeding directly to an upper endoscopy with duodenal biopsies for confirmation.,The patient reveals she started a strict gluten-free diet three weeks ago after reading about her sister's condition.,this action becomes,"+2, +1, 0, -1, -2",A gluten-free diet can lead to mucosal healing and a false-negative biopsy. Endoscopy is inappropriate without a prior gluten challenge in this situation. (-2),
,,,,,,followup,planning to monitor her long-term dietary adherence with annual IgA tTG serology.,The patient's initial diagnosis of celiac disease is confirmed by biopsy after a successful gluten challenge.,this plan becomes,"+2, +1, 0, -1, -2","Given her established IgA deficiency, IgA tTG will remain negative regardless of gluten intake. An IgG-based test must be used for monitoring. (-2)",
Celiac_Disease,american,"A 28-year-old woman was diagnosed with celiac disease 18 months ago. The diagnosis was confirmed with a tissue transglutaminase (tTG) IgA level >10 times the upper limit of normal and a duodenal biopsy showing Marsh 3b villous atrophy. She responded well initially to a strict gluten-free diet (GFD), with complete resolution of her bloating and diarrhea, and her follow-up tTG-IgA normalized at 6 months. For the past three months, however, she has experienced a recurrence of abdominal cramping, significant bloating, and 2-3 loose stools daily. She insists she is meticulously adherent to her GFD, which was recently reviewed by a registered dietitian specializing in celiac disease. Her current labs show a normal tTG-IgA level, hemoglobin of 12.5 g/dL, and normal ferritin. She is frustrated by the return of her symptoms despite her efforts.","This case explores the differential diagnosis and management of a patient with non-responsive celiac disease, where symptoms persist despite a gluten-free diet and normalized serology. It highlights the need to consider co-existing conditions like SIBO and to assess for complications like osteoporosis.",,,diagnosis,a co-existing diagnosis of small intestinal bacterial overgrowth (SIBO) as the cause of her current symptoms.,A glucose breath test is performed and shows a rise in hydrogen of 25 ppm within 90 minutes.,this hypothesis becomes,"+2, +1, 0, -1, -2","This is a classic positive result for a glucose breath test. SIBO is a common cause for persistent symptoms in celiac disease patients, even with good dietary adherence. (+2)",
,,,,,,management,initiating empiric treatment with a course of rifaximin for suspected SIBO.,"The patient reports a significant allergy to rifampin, with a history of anaphylaxis.",this plan becomes,"+2, +1, 0, -1, -2","Rifaximin is a rifamycin antimicrobial, structurally related to rifampin. Given a history of anaphylaxis to a drug in the same class, its use is contraindicated. (-2)",
,,,,,,followup,reassuring the patient and scheduling a routine follow-up appointment in one year.,"A DEXA scan, performed as part of her evaluation, reveals a Z-score of -2.6 at the lumbar spine.",this plan becomes,"+2, +1, 0, -1, -2","A Z-score <-2.0 indicates osteoporosis that is more severe than expected for age. This finding suggests significant ongoing malabsorption requiring urgent investigation, not routine follow-up. (-2)",
Celiac_Disease,american,"A 24-year-old woman with a 10-year history of well-controlled type 1 diabetes presents with six months of intermittent diarrhea, bloating, and an unintentional 5 kg weight loss. She also reports significant fatigue impacting her studies. There is no family history of gastrointestinal disease. Initial laboratory workup reveals a microcytic anemia with hemoglobin of 10.8 g/dL (normal 12-16 g/dL) and ferritin of 10 ng/mL (normal 15-150 ng/mL). Her tissue transglutaminase (tTG) IgA level is 185 U/mL (normal <15 U/mL), and her total serum IgA is within the normal range. An upper endoscopy confirms macroscopic scalloping of the duodenal folds. Subsequent duodenal biopsies are reported as Marsh 3b, showing marked villous atrophy and crypt hyperplasia with increased intraepithelial lymphocytes. She has been counseled on her new diagnosis of celiac disease and is anxious about long-term management.","This item assesses reasoning in a newly diagnosed celiac disease patient with type 1 diabetes. It tests the recognition of associated conditions (dermatitis herpetiformis), the importance of multidisciplinary management (dietitian), and appropriate screening for long-term complications (osteoporosis).",,,diagnosis,a concurrent diagnosis of dermatitis herpetiformis.,"She reports an intensely pruritic, papulovesicular rash on her elbows and knees that has been present for the past year.",this hypothesis becomes,"+2, +1, 0, -1, -2","This new information describes the classic presentation and distribution of dermatitis herpetiformis, the specific cutaneous manifestation of celiac disease. This makes the diagnosis almost certain. (+2)",
,,,,,,management,proceeding with a gluten-free diet without a formal dietitian consultation.,The patient states she has done extensive online research and feels confident managing the diet on her own.,this plan becomes,"+2, +1, 0, -1, -2",Guidelines strongly recommend dietitian consultation to ensure nutritional adequacy and address hidden gluten/cross-contamination. Bypassing this expert advice based on patient confidence is less appropriate. (-1),
,,,,,,followup,ordering a baseline DEXA scan to assess for osteopenia or osteoporosis.,Her calculated FRAX 10-year probability of major osteoporotic fracture is found to be very low.,this plan becomes,"+2, +1, 0, -1, -2","Despite a low FRAX score, guidelines recommend considering DEXA at diagnosis in adults due to prolonged malabsorption of calcium and vitamin D. The plan remains appropriate. (+1)",
Celiac_Disease,american,"A 28-year-old woman with a 15-year history of well-controlled type 1 diabetes presents with six months of intermittent bloating, loose stools, and persistent fatigue. She denies significant weight loss but struggles with energy levels impacting her work. Her family history is negative for gastrointestinal disorders. Initial laboratory workup reveals a hemoglobin of 10.8 g/dL (normal 12-16) with a mean corpuscular volume of 78 fL (normal 80-100), and a ferritin of 12 ng/mL (normal 15-150). Her celiac serology shows a tissue transglutaminase (tTG) IgA level of 45 U/mL (upper limit of normal <15 U/mL), with a normal total serum IgA. Given the positive serology and symptoms, she undergoes an upper endoscopy. The procedure reveals subtle scalloping of the duodenal folds. Duodenal biopsies are obtained, and the pathology report describes Marsh 1 classification changes: increased intraepithelial lymphocytes (>25 per 100 enterocytes) but preserved villous architecture.","This item assesses reasoning in a patient with discordant celiac testing (positive serology, borderline histology). It explores how data on gluten intake, confounding diagnoses (SIBO), and more specific tests (EMA, HLA) modifies the approach.",,,diagnosis,a definitive diagnosis of celiac disease.,The patient reports having significantly reduced her gluten intake for several weeks prior to the endoscopy.,this hypothesis becomes,"+2, +1, 0, -1, -2",A low gluten diet can mask the full extent of histologic damage. Finding Marsh 1 changes despite reduced gluten intake strengthens the likelihood of underlying celiac disease. (+1),
,,,,,,management,"initiating a strict, lifelong gluten-free diet and arranging dietitian consultation.",A subsequent hydrogen breath test is strongly positive for small intestinal bacterial overgrowth (SIBO).,this plan becomes,"+2, +1, 0, -1, -2","SIBO is a common confounder, especially in T1D, and can mimic celiac symptoms. Addressing the SIBO first before committing the patient to a lifelong GFD is a reasonable strategy. (-1)",
,,,,,,followup,recommending a repeat endoscopy with biopsies in 2-3 years while on a normal gluten diet.,"HLA genotyping returns positive for DQ2.5, and her anti-endomysial antibody (EMA) test is also positive.",this plan becomes,"+2, +1, 0, -1, -2","The combination of positive tTG, highly specific positive EMA, and permissive HLA genotype makes the diagnosis of celiac disease highly probable. Deferring treatment is inappropriate. (-2)",
Celiac_Disease,american,"A 28-year-old woman presents with a one-year history of intermittent, non-bloody diarrhea, abdominal bloating, and profound fatigue. She reports an unintentional weight loss of 5 kg over the past six months. Her past medical history is unremarkable, though her mother has Hashimoto's thyroiditis. She follows an unrestricted diet and has not traveled recently. Initial laboratory workup reveals microcytic anemia with a hemoglobin of 10.8 g/dL and a ferritin of 12 ng/mL. Celiac serology was ordered, showing a negative tissue transglutaminase (tTG) IgA antibody level of 4 U/mL (reference <15 U/mL). However, her total serum IgA level was noted to be low at 35 mg/dL (normal range 70-400 mg/dL). She is anxious for a definitive diagnosis and is asking about the next steps, given the conflicting results.","This case focuses on the diagnostic challenge of celiac disease in the setting of IgA deficiency, a common clinical pitfall. The questions explore appropriate diagnostic testing, management of complications like anemia, and essential long-term follow-up based on risk factors.",british,"This is a well-constructed SCT item. The clinical scenario of celiac disease with IgA deficiency is common and important. The reasoning for all three questions aligns perfectly with the British Society of Gastroenterology guidelines. The plan for biopsy after positive IgG-DGP is essential, IV iron is needed for intolerance, and a DEXA scan is crucial given the fragility fracture history. No significant divergence from the American guideline is noted in these core principles.",diagnosis,proceeding with an upper endoscopy and duodenal biopsies to confirm celiac disease.,Her IgG-based deamidated gliadin peptide (DGP) antibody test result is strongly positive.,this plan becomes,"+2, +1, 0, -1, -2","With confirmed IgA deficiency, a negative tTG-IgA is uninformative. A positive IgG-DGP is highly specific for celiac disease, making biopsy essential for confirmation. (+2)",2.0
,,,,,,management,initiating oral iron sulfate supplementation to manage her iron deficiency anemia.,She reports severe gastrointestinal upset and worsening diarrhea with previous attempts to take oral iron supplements.,this action becomes,"+2, +1, 0, -1, -2","While oral iron is standard, severe GI intolerance is a common reason for failure, especially in a patient with active gut inflammation. This makes the plan much less appropriate. (-2)",-2.0
,,,,,,followup,planning for a baseline DEXA scan to assess for osteopenia or osteoporosis.,She mentions a history of a low-trauma wrist fracture two years ago after a minor fall.,this plan becomes,"+2, +1, 0, -1, -2",Celiac disease is a major risk factor for osteoporosis due to malabsorption. A prior fragility fracture makes baseline bone density assessment an essential part of her management. (+2),2.0
Celiac_Disease,american,"A 32-year-old woman was diagnosed with celiac disease one year ago after presenting with chronic diarrhea, bloating, and an 8 kg weight loss. Her initial workup revealed a tissue transglutaminase (tTG) IgA level of 180 U/mL (normal <15 U/mL) and a duodenal biopsy confirming Marsh 3b villous atrophy. She was started on a strict gluten-free diet (GFD) following a consultation with a registered dietitian and initially reported significant improvement. Over the past four months, however, her symptoms of intermittent abdominal pain and profound fatigue have returned, despite her insistence on meticulous dietary adherence. A repeat tTG-IgA level is now 45 U/mL. She expresses frustration, stating she avoids all gluten-containing products and is vigilant about cross-contamination. Her primary care physician is concerned about the possibility of non-responsive celiac disease and has referred her for further evaluation.","This case focuses on the challenging clinical scenario of non-responsive celiac disease. It explores the differential diagnosis, initial management steps, and the critical importance of identifying features of refractory disease.",,,diagnosis,"thinking the primary issue is persistent, unintentional gluten exposure.","A glucose breath test is performed and shows an early, significant rise in hydrogen levels.",this hypothesis becomes,"+2, +1, 0, -1, -2","A positive breath test points to small intestinal bacterial overgrowth (SIBO), a common comorbidity that can mimic symptoms of gluten exposure. This provides a strong alternative diagnosis for her persistent symptoms. (-1)",
,,,,,,management,referring her for an intensive dietary review with a celiac-specialized dietitian.,A repeat endoscopy with biopsies shows persistent Marsh 3b villous atrophy.,this plan becomes,"+2, +1, 0, -1, -2",Persistent villous atrophy despite a reported GFD makes ruling out inadvertent gluten ingestion the top priority. An expert dietetic review is the cornerstone of this essential investigation. (+2),
,,,,,,followup,planning for annual follow-up with tTG-IgA testing only.,Flow cytometry of her duodenal lymphocytes reveals an aberrant intraepithelial lymphocyte population lacking surface CD3 and CD8.,this plan becomes,"+2, +1, 0, -1, -2","This flow cytometry result is characteristic of Refractory Celiac Disease Type II, a serious condition with malignant potential. Management requires advanced therapies and intensive surveillance, making simple serology follow-up contraindicated. (-2)",
Celiac_Disease,american,"A 38-year-old woman, diagnosed with celiac disease two years ago based on a tissue transglutaminase (tTG) IgA level of 150 U/mL (normal <15) and a duodenal biopsy showing Marsh 3b villous atrophy, returns for follow-up. She initially experienced significant improvement in her bloating and diarrhea after starting a strict gluten-free diet (GFD) with dietitian support. However, for the past six months, she has had a recurrence of daily loose stools, abdominal cramping, and profound fatigue, despite insisting she is meticulously avoiding gluten and cross-contamination. Repeat laboratory tests show her tTG-IgA has risen to 95 U/mL. Her hemoglobin is stable at 12.5 g/dL, and her vitamin D level is adequate. She is frustrated and worried about the lack of progress, questioning if something else is wrong.","This item assesses the differential diagnosis and management of non-responsive celiac disease, emphasizing the need to reconsider dietary adherence and the validity of initial tests before diagnosing refractory disease.",,,diagnosis,"a diagnosis of refractory celiac disease, type 1","a detailed dietary review reveals she frequently eats oats from a brand not certified as gluten-free, a potential source of cross-contamination.",this hypothesis becomes,"+2, +1, 0, -1, -2",Ongoing gluten exposure is the leading cause of non-responsive celiac disease. Identifying a clear dietary source makes a complex diagnosis like refractory disease much less likely. (-2),
,,,,,,management,proceeding directly to repeat endoscopy with biopsies to evaluate for refractory disease,a review of past records shows her total serum IgA level at initial diagnosis was profoundly low at 12 mg/dL.,this action becomes,"+2, +1, 0, -1, -2","The initial tTG-IgA was a false positive due to IgA deficiency. The entire diagnosis is now in question, making an endoscopy for 'refractory' disease inappropriate before re-evaluating with IgG-based tests. (-2)",
,,,,,,followup,reassuring her and scheduling a routine follow-up visit in one year,"a DEXA scan, performed due to her persistent symptoms, reveals a Z-score of -2.8 at the lumbar spine.",this plan becomes,"+2, +1, 0, -1, -2","A Z-score of -2.8 indicates severe osteoporosis, a significant complication of uncontrolled malabsorption. This requires urgent intervention, not routine follow-up. (-2)",
Celiac_Disease,american,"A 34-year-old woman presents to your gastroenterology clinic with a nine-month history of intermittent, non-bloody diarrhea, abdominal bloating, and an unintentional weight loss of 7 kg. She also reports significant fatigue that is affecting her work as a graphic designer. She has a personal history of Hashimoto's thyroiditis, well-controlled on levothyroxine, and a family history of type 1 diabetes in her brother. Initial laboratory workup reveals a microcytic anemia with hemoglobin of 10.8 g/dL and low ferritin. Her IgA tissue transglutaminase (tTG) antibody level is elevated at 112 U/mL (normal <15 U/mL), and her total IgA is within the normal range. An upper endoscopy is performed, which shows scalloping of the duodenal folds. Biopsies are taken, and the pathology report confirms Marsh 3b classification, characterized by marked villous atrophy and crypt hyperplasia. She is now awaiting your recommendations.","This case focuses on a classic presentation of celiac disease in an adult with autoimmune comorbidities. The questions explore common clinical nuances: secondary lactose intolerance, managing complications like osteoporosis, and recognizing non-responsive disease requiring expedited follow-up.",,,diagnosis,a co-diagnosis of secondary lactose intolerance is contributing to her bloating.,"She reports that her bloating and gas are significantly worse after consuming milk or ice cream, but not after eating hard cheeses.",this hypothesis becomes,"+2, +1, 0, -1, -2",Villous atrophy causes lactase deficiency. The patient's specific symptoms after consuming high-lactose dairy (milk) but not low-lactose dairy (cheese) strongly suggests this diagnosis. (+2),
,,,,,,management,initiating a strict gluten-free diet and arranging an urgent dietitian consultation.,"A baseline DEXA scan, performed due to her malabsorptive state, reveals osteoporosis with a T-score of -2.7 at the lumbar spine.",this action becomes,"+2, +1, 0, -1, -2","A GFD is the cornerstone of therapy. The finding of significant osteoporosis, a known complication of celiac disease, underscores the urgency of treating the underlying malabsorption. (+2)",
,,,,,,followup,planning to repeat her IgA tTG serology in one year to assess dietary adherence.,"At a 6-month visit, she reports persistent fatigue and her hemoglobin has not improved despite iron supplementation and a strict GFD.",this plan becomes,"+2, +1, 0, -1, -2",Persistent symptoms and anemia at 6 months suggest non-responsive celiac disease. Waiting another 6 months for routine annual serology is inappropriate; a more aggressive workup is needed now. (-2),
Celiac_Disease,american,"A 42-year-old male with a 15-year history of well-controlled type 1 diabetes presents to your gastroenterology clinic with a six-month history of intermittent diarrhea, abdominal bloating, and an unintentional 5 kg weight loss. He has no other significant medical history and takes only insulin. His primary care physician ordered initial labs, which revealed a positive IgA tissue transglutaminase (tTG) antibody test, while his total serum IgA level was within the normal range. He was subsequently referred for an upper endoscopy. The endoscopic examination of the duodenum was visually unremarkable, with normal-appearing villi. However, duodenal biopsies were taken, and the pathology report described an increase in intraepithelial lymphocytes with preserved villous architecture, consistent with a Marsh 1 lesion. The patient is anxious about the possibility of having another chronic condition and is seeking definitive guidance on his diagnosis and what to do next.","This case assesses the nuanced interpretation of discordant results in celiac disease workup (positive serology, non-diagnostic biopsy), a common clinical challenge, especially in high-risk populations like those with Type 1 Diabetes.",,,diagnosis,a definitive diagnosis of celiac disease based on the available information.,HLA genotyping reveals the patient is negative for both HLA-DQ2 and HLA-DQ8.,this hypothesis becomes,"+2, +1, 0, -1, -2","The absence of HLA-DQ2 and DQ8 has a very high negative predictive value (>99%), making a diagnosis of celiac disease extremely unlikely. This finding effectively rules it out. (-2)",
,,,,,,management,"initiating a strict, lifelong gluten-free diet at this time.",a repeat tTG-IgA level is only slightly elevated at 25 U/mL (ULN <20 U/mL).,this plan becomes,"+2, +1, 0, -1, -2","Committing to a lifelong restrictive diet is a major decision. With only a borderline tTG and non-specific Marsh 1 changes, this action is less appropriate without more definitive evidence. (-1)",
,,,,,,followup,"discharging the patient from clinic with reassurance, as the biopsy is not diagnostic.",his mother and sister both have biopsy-confirmed celiac disease.,this plan becomes,"+2, +1, 0, -1, -2","A strong family history significantly increases the pre-test probability. Given his symptoms and positive serology, discharging him would be inappropriate, even with a non-diagnostic biopsy. (-2)",
Celiac_Disease,american,"A 28-year-old woman returns for follow-up one year after being diagnosed with celiac disease. The initial diagnosis was confirmed with a tTG-IgA level >250 U/mL (ULN <15 U/mL) and a duodenal biopsy showing Marsh 3b villous atrophy. She reports being strictly adherent to a gluten-free diet (GFD) and has consulted with a dietitian. Despite this, she continues to experience intermittent abdominal bloating, cramping, and persistent fatigue. Her weight has remained stable over the past year. Today's laboratory results show a tTG-IgA level of 45 U/mL, which is significantly reduced from her diagnostic level but remains elevated. Her hemoglobin is 11.8 g/dL (normal 12-16) and ferritin is 25 ng/mL (normal 15-150), both low-normal. She feels discouraged by her lack of complete symptomatic improvement and is seeking further guidance on her condition.","This item explores the common clinical challenge of non-responsive celiac disease. It tests the ability to prioritize differential diagnoses, adjust management, and tailor follow-up when initial treatment is insufficient.",,,diagnosis,unintentional gluten exposure is the primary cause of her persistent symptoms and elevated serology.,A detailed dietary review reveals she frequently eats oat-based granola bars that are not certified gluten-free and dines out without inquiring about cross-contamination.,this hypothesis becomes,"+2, +1, 0, -1, -2","This finding provides direct evidence of ongoing gluten exposure, the most common cause of non-responsive celiac disease. The hypothesis becomes highly likely. (+2)",
,,,,,,management,referring her for a repeat upper endoscopy with biopsies to evaluate for refractory celiac disease.,"She provides a detailed food diary and photos of all her meals, showing meticulous avoidance of gluten and cross-contamination for the past three months.",this action becomes,"+2, +1, 0, -1, -2","With strong evidence of dietary adherence but persistent serologic activity and symptoms, investigating for refractory disease or other enteropathies becomes highly appropriate. (+2)",
,,,,,,followup,"scheduling annual follow-up with tTG-IgA testing, assuming her symptoms will gradually resolve.","She mentions developing an intensely itchy, blistering rash on her elbows and knees, which she had not reported before.",this plan becomes,"+2, +1, 0, -1, -2","The new rash is highly suggestive of dermatitis herpetiformis, indicating ongoing, significant immune activation. A simple annual follow-up plan is now insufficient and less appropriate. (-2)",
Celiac_Disease,american,"A 34-year-old woman presents with a nine-month history of intermittent, non-bloody diarrhea, abdominal bloating, and an unintentional weight loss of 7 kg. She has a past medical history of type 1 diabetes, diagnosed at age 12, and reports increasing fatigue that is affecting her work as a graphic designer. Her family history is significant for an older sister with Hashimoto's thyroiditis. On examination, she appears thin but is in no acute distress. Initial laboratory tests show a microcytic anemia with hemoglobin of 10.8 g/dL (normal 12-16 g/dL) and ferritin of 10 ng/mL (normal 15-150 ng/mL). Serological testing reveals a tissue transglutaminase (tTG) IgA level of 185 U/mL (normal <15 U/mL), with a normal total IgA level. An upper endoscopy is performed, showing scalloping of the duodenal folds. Biopsies are taken from the second part of the duodenum and are pending histopathology.","This item assesses the diagnostic confirmation, initial management, and long-term follow-up of celiac disease, specifically addressing a complication (osteoporosis) and the challenge of non-responsive disease.",,,diagnosis,a definitive diagnosis of celiac disease.,"The final duodenal biopsy report confirms Marsh 3c classification, showing severe villous atrophy with increased intraepithelial lymphocytes.",this hypothesis becomes,"+2, +1, 0, -1, -2","This histopathological finding, in the context of classic symptoms and strongly positive tTG-IgA serology, is the gold standard for confirming celiac disease. The diagnosis becomes definitive. (+2)",
,,,,,,management,recommending a strict gluten-free diet and consultation with a dietitian as the primary therapy.,"A DEXA scan performed at baseline reveals osteoporosis, with a T-score of -2.7 at the lumbar spine.",this plan becomes,"+2, +1, 0, -1, -2",Significant osteoporosis is a major complication of malabsorptive celiac disease. This finding makes strict adherence to a GFD essential to improve bone density and prevent fractures. (+2),
,,,,,,followup,scheduling routine annual follow-up with repeat tTG-IgA serology to monitor dietary adherence.,"After one year on a self-reported strict gluten-free diet, her diarrhea has not resolved and her tTG-IgA level remains 150 U/mL.",this plan becomes,"+2, +1, 0, -1, -2",Persistent symptoms and elevated serology indicate non-responsive celiac disease. Routine monitoring is inappropriate; an aggressive evaluation for ongoing gluten exposure or an alternative diagnosis is now required. (-2),
Celiac_Disease,american,"A 38-year-old woman with a 10-year history of type 1 diabetes presents with six months of non-bloody diarrhea, bloating, and an unintentional 5 kg weight loss. She reports persistent fatigue that interferes with her daily activities. There is no significant family history of gastrointestinal disease. Her initial laboratory workup reveals a hemoglobin of 10.8 g/dL with a low mean corpuscular volume of 76 fL. Ferritin is 12 ng/mL (normal 15-150 ng/mL). Serological testing for celiac disease shows an elevated tissue transglutaminase (tTG) IgA level of 85 U/mL (normal <20 U/mL), and her total serum IgA is within the normal range. An upper endoscopy is performed to obtain duodenal biopsies for histologic confirmation. She is anxious about the potential diagnosis and its implications for her lifestyle, particularly given her existing dietary management for diabetes. The patient is currently awaiting the pathology results.","This item assesses reasoning in a classic celiac disease presentation complicated by type 1 diabetes. It explores nuances in diagnosis with discordant biopsy results, management with potential confounders, and follow-up for non-responsive symptoms, reflecting common clinical challenges.",,,diagnosis,a definitive diagnosis of celiac disease based on serology and symptoms.,Duodenal biopsy pathology report describes Marsh 1 changes (increased intraepithelial lymphocytes) but no villous atrophy.,this hypothesis becomes,"+2, +1, 0, -1, -2","While positive serology and Marsh 1 changes are consistent with gluten sensitivity, the absence of villous atrophy (Marsh 3) makes a 'definitive' diagnosis less certain. This finding weakens the initial hypothesis. (-1)",
,,,,,,management,initiating a strict gluten-free diet and arranging a dietitian consultation.,The patient reports a strong family history of Crohn's disease and mentions intermittent right lower quadrant cramping.,this plan becomes,"+2, +1, 0, -1, -2",This new information raises suspicion for a concurrent or alternative diagnosis but does not change the initial management for highly suspected celiac disease. A GFD remains the cornerstone of therapy. (+2),
,,,,,,followup,repeating tTG-IgA serology in 12 months to monitor dietary adherence.,"After six months on a self-reported strict gluten-free diet, her diarrhea persists and tTG-IgA remains elevated.",this plan becomes,"+2, +1, 0, -1, -2",Persistent symptoms and elevated serology at six months indicate non-responsive celiac disease. Simply waiting another six months is inappropriate; a more active evaluation for gluten exposure or alternative diagnoses is needed. (-1),
Celiac_Disease,british,"A 34-year-old woman with a 10-year history of well-controlled type 1 diabetes presents to her GP with a one-year history of intermittent diarrhea, abdominal bloating, and profound fatigue. She denies any weight loss or rectal bleeding. Her partner has noticed she seems more irritable and 'foggy' recently. Her diet is varied, with no specific intolerances noted. Initial blood tests reveal a microcytic anemia with a hemoglobin of 10.8 g/dL (normal 12.0-15.5) and a low ferritin of 12 ng/mL (normal 15-150). A celiac screen is performed, showing a tissue transglutaminase (tTG) IgA level of 17 U/mL (normal <10 U/mL), with a normal total serum IgA level of 210 mg/dL (normal 70-400). She is referred to a gastroenterologist for further evaluation and is anxious about the potential implications of another lifelong autoimmune condition.","This case focuses on an adult with risk factors for celiac disease and weakly positive serology, creating diagnostic uncertainty. The questions probe key British guideline recommendations regarding the necessity of biopsy, management of complications, and contraindications to a 'no-biopsy' pathway in this population.",american,"The item is clinically sound. The American (ACG) guideline aligns with the British guideline on the key points tested: a biopsy is mandatory for this adult patient with weakly positive serology, and Marsh 1 changes are insufficient for a definitive diagnosis. The need for pneumococcal vaccination is also recognized in US practice, making the 'standard' follow-up plan incomplete. The clinical reasoning is consistent across both guidelines for this specific case.",diagnosis,a definitive diagnosis of celiac disease.,Duodenal biopsy shows Marsh 1 changes (increased intraepithelial lymphocytes) but normal villous architecture.,this hypothesis becomes,"+2, +1, 0, -1, -2","Weakly positive serology with non-specific biopsy findings (Marsh 1) is not sufficient for a definitive diagnosis in adults. It makes the diagnosis less likely, prompting further investigation. (-1)",-1.0
,,,,,,management,proceeding directly to a gluten-free diet without further testing.,Her IgA tTG level is only weakly positive at 1.7 times the upper limit of normal.,this action becomes,"+2, +1, 0, -1, -2","British guidelines state duodenal biopsy is essential for diagnosis in adults, especially with weakly positive serology. A 'no-biopsy' approach is reserved for children with very high tTG levels. (-2)",-2.0
,,,,,,followup,recommending a standard follow-up plan focused on dietary adherence and symptom review.,"On further questioning, she reports never having received a pneumococcal vaccination.",this plan becomes,"+2, +1, 0, -1, -2",Patients with celiac disease are at risk of functional hyposplenism. British guidelines recommend pneumococcal vaccination. A standard plan is incomplete until this key health maintenance step is addressed. (-1),-1.0
Celiac_Disease,british,"A 34-year-old woman presents with a six-month history of intermittent loose stools, significant bloating, and fatigue. She reports an unintentional weight loss of 5 kg. Her past medical history is unremarkable, but she notes that her older sister was diagnosed with celiac disease five years ago. She is not taking any regular medications. Initial laboratory investigations reveal a mild iron deficiency anemia with a hemoglobin of 10.8 g/dL (normal 12.1-15.1 g/dL) and ferritin of 12 ng/mL (normal 13-150 ng/mL). Her total IgA level is within the normal range. A serological test for IgA tissue transglutaminase (tTG) returns a result of 45 U/mL (upper limit of normal <15 U/mL). She is anxious about the potential diagnosis and is keen to start treatment as soon as possible to alleviate her symptoms.","This item assesses the nuances of diagnosing and managing adult celiac disease per British guidelines, focusing on the essential role of biopsy, the timing of dietary intervention, and the interpretation of follow-up serology.",,,diagnosis,a definitive diagnosis of celiac disease based on serology and family history.,A subsequent duodenal biopsy shows Marsh 1 changes (increased intraepithelial lymphocytes) but preserved villous architecture.,this hypothesis becomes,"+2, +1, 0, -1, -2","British guidelines require biopsy for adult diagnosis. While Marsh 1 is consistent with celiac disease, it lacks the specificity of villous atrophy (Marsh 3), making a definitive diagnosis less certain. (-1)",
,,,,,,management,initiating a strict gluten-free diet and arranging an immediate dietitian referral.,The patient reveals she has already been following a 'mostly gluten-free' diet for two months before her blood tests were taken.,this action becomes,"+2, +1, 0, -1, -2","A gluten-free diet before definitive biopsy can normalize histology and serology, confounding the diagnosis. This action is much less appropriate until a firm diagnosis is established on a gluten-containing diet. (-2)",
,,,,,,followup,scheduling a routine annual review including repeat serology and nutritional screening.,"At one year, her symptoms are resolved, but her tTG level has only decreased from 45 to 35 U/mL.",this plan becomes,"+2, +1, 0, -1, -2",Persistent tTG elevation despite symptom resolution strongly suggests inadvertent gluten ingestion. A routine annual review becomes essential to reinforce dietary education and investigate adherence. (+2),
Celiac_Disease,british,"A 28-year-old female presents with a one-year history of intermittent abdominal bloating, fatigue, and mild diarrhea. She has a history of well-controlled autoimmune thyroiditis. Her mother was diagnosed with celiac disease five years ago. Initial bloodwork reveals microcytic anemia (Hb 10.8 g/dL, MCV 78 fL) and a low ferritin level of 12 ng/mL. Celiac serology is requested. The IgA tissue transglutaminase (tTG) result is 15 U/mL (reference range <10 U/mL), and her total IgA level is within the normal range. She is anxious about the diagnosis and its implications for her diet and future health. She has been trying to conceive with her partner for the last 18 months without success. The GP refers her to gastroenterology for further evaluation and management planning. The patient is currently consuming a normal, gluten-containing diet.","This case explores the management pathway for a patient with weakly positive celiac serology, persistent symptoms, and relevant comorbidities. It tests understanding of confirmatory testing, initial management priorities, and long-term surveillance according to BSG guidelines.",,,diagnosis,a definitive diagnosis of celiac disease.,A subsequent IgA endomysial antibody (EMA) test is negative.,this hypothesis becomes,"+2, +1, 0, -1, -2","With a weakly positive tTG, a negative EMA makes the diagnosis less certain. Duodenal biopsy is now essential to confirm or refute the diagnosis. (-1)",
,,,,,,management,initiating a strict gluten-free diet (GFD) immediately based on serology.,The patient is scheduled for an upper endoscopy and duodenal biopsy in four weeks.,this action becomes,"+2, +1, 0, -1, -2","A GFD should not be started before a diagnostic biopsy, as it can lead to false-negative histology. This action is contraindicated at this stage. (-2)",
,,,,,,followup,arranging an annual review including repeat serology and a dietitian assessment.,"One year post-diagnosis, her symptoms have resolved but her tTG remains elevated at 20 U/mL.",this plan becomes,"+2, +1, 0, -1, -2","Persistent seropositivity, even with symptom resolution, is most commonly due to inadvertent gluten ingestion. A dietitian review is essential to reinforce the GFD. (+2)",
Celiac_Disease,british,"A 48-year-old woman was diagnosed with celiac disease one year ago based on a high IgA tissue transglutaminase (tTG) level of 150 U/mL (normal <10) and a duodenal biopsy showing Marsh 3b villous atrophy. She was referred to a specialist dietitian and initiated a strict gluten-free diet (GFD). She initially reported significant improvement in her bloating and energy levels. However, over the past four months, her symptoms of abdominal discomfort, intermittent diarrhea, and fatigue have returned, though less severely than at diagnosis. She insists she is meticulously adherent to her GFD. Repeat blood tests show her hemoglobin has improved from 10.8 g/dL to 11.9 g/dL (normal 12-16), and her tTG has decreased to 18 U/mL. Her total IgA level is normal. She is frustrated with her lack of complete recovery and is seeking further evaluation.","This case assesses the evaluation of non-responsive celiac disease, emphasizing the need to systematically rule out common causes like inadvertent gluten exposure and co-existing conditions before considering refractory disease, per BSG guidelines.",european,"This is a high-quality item assessing the workup of non-responsive celiac disease. The European guideline, similar to the British one, emphasizes that inadvertent gluten exposure is the most common cause. Therefore, identifying cross-contamination or a co-existing condition like lactose intolerance makes a diagnosis of refractory disease or the use of steroids highly inappropriate. The reasoning is sound and aligns well with standard European practice.",diagnosis,a diagnosis of refractory celiac disease.,A detailed dietary review with a specialist dietitian reveals frequent cross-contamination from shared kitchen equipment at home.,this hypothesis becomes,"+2, +1, 0, -1, -2",Inadvertent gluten ingestion is the most common cause of non-responsive symptoms. Identifying a clear source of contamination makes a complex diagnosis like refractory disease much less likely. (-2),-2.0
,,,,,,management,initiating a trial of budesonide to manage her persistent symptoms.,"The patient mentions that her symptoms are consistently worse after consuming dairy products, which she started eating more since going gluten-free.",this plan becomes,"+2, +1, 0, -1, -2","This suggests secondary lactose intolerance due to villous atrophy, a common issue in active celiac disease. Addressing this is far more appropriate than starting steroids for suspected refractory disease. (-2)",-2.0
,,,,,,followup,scheduling a repeat upper endoscopy with duodenal biopsies in six months.,She has just started working with the dietitian to eliminate cross-contamination and her symptoms are already improving after two weeks.,this plan becomes,"+2, +1, 0, -1, -2","With a likely cause for symptoms identified and clinical improvement occurring, immediate plans for an invasive procedure can be deferred. It is less appropriate to proceed straight to endoscopy now. (-1)",-1.0
Celiac_Disease,british,"A 28-year-old woman presents with a one-year history of intermittent bloating, abdominal discomfort, and fatigue. She has been treated for iron deficiency anemia by her GP without a clear cause identified. She has a history of well-controlled type 1 diabetes mellitus, diagnosed in adolescence. Her sister was recently diagnosed with autoimmune thyroiditis. She denies significant weight loss or overt GI bleeding. Initial blood tests show a hemoglobin of 10.8 g/dL and ferritin of 12 ng/mL. Celiac serology was performed, revealing an IgA tissue transglutaminase (tTG) level of 18 U/mL (reference range <10 U/mL), and a total serum IgA level of 210 mg/dL (normal 70-400 mg/dL). An upper endoscopy with duodenal biopsies has been scheduled to confirm the diagnosis, and she is awaiting the procedure while continuing her normal diet. The results are pending.","This item assesses the interpretation of weakly positive serology in celiac disease, the management of co-existing conditions, and the importance of lifelong, guideline-directed follow-up, even in well-controlled patients.",,,diagnosis,a definitive diagnosis of celiac disease.,The duodenal biopsy report shows Marsh 3b villous atrophy and increased intraepithelial lymphocytes.,this hypothesis becomes,"+2, +1, 0, -1, -2",A weakly positive tTG antibody combined with characteristic histological findings (Marsh 3b) confirms the diagnosis of celiac disease in an adult according to guidelines. This is the gold standard. (+2),
,,,,,,management,initiating a strict gluten-free diet and referring to a specialist dietitian.,"The patient also has a positive hydrogen breath test, suggesting co-existent small intestinal bacterial overgrowth (SIBO).",this plan becomes,"+2, +1, 0, -1, -2","While SIBO may contribute to symptoms and requires treatment, it does not alter the fundamental management for celiac disease, which is a lifelong gluten-free diet and dietitian support. The plan remains essential. (+2)",
,,,,,,followup,scheduling an annual review including repeat serology and nutritional blood tests.,"After one year on a gluten-free diet, her GI symptoms have fully resolved, and her tTG has normalized.",this plan becomes,"+2, +1, 0, -1, -2","British guidelines recommend annual review for patients with celiac disease, even when asymptomatic, to monitor adherence, nutritional status, and screen for complications. This remains the standard of care. (+2)",
Celiac_Disease,british,"A 34-year-old female primary school teacher presents with a one-year history of persistent fatigue, intermittent abdominal bloating, and mouth ulcers. She has a background of well-controlled hypothyroidism (Hashimoto's thyroiditis) and a family history of type 1 diabetes in her brother. She reports no significant weight loss or change in bowel habits but feels 'drained' constantly. Initial blood tests confirm iron-deficiency anemia with a hemoglobin of 10.8 g/dL and ferritin of 12 ng/mL. Celiac serology revealed a weakly positive IgA tissue transglutaminase (tTG) at 15 U/mL (reference range <10 U/mL). Her total IgA level is within the normal range. She has been referred to gastroenterology for further evaluation and is anxious about the potential diagnosis and its lifelong implications.","This case assesses the interpretation of weakly positive celiac serology and initial management steps in a patient with relevant comorbidities. It requires applying guideline-based knowledge about confirmatory testing, the role of dietitians, and appropriate screening for complications.",,,diagnosis,the patient has celiac disease as the cause of her symptoms.,An IgA endomysial antibody (EMA) test comes back strongly positive.,this hypothesis becomes,"+2, +1, 0, -1, -2","IgA EMA is highly specific for celiac disease. A strongly positive result in the context of a positive tTG and suggestive symptoms makes the diagnosis virtually certain, per British guidelines. (+2)",
,,,,,,management,initiating a strict gluten-free diet and referring her to a specialist dietitian.,She mentions a history of a severe anaphylactic reaction to nuts and is extremely anxious about food restrictions.,this plan becomes,"+2, +1, 0, -1, -2",The patient's anxiety and history of another severe food-related condition make a specialist dietitian referral even more critical. Expert guidance is essential for safely implementing a complex restrictive diet. (+2),
,,,,,,followup,arranging a DEXA scan to assess her baseline bone mineral density.,Her records show she had a normal DEXA scan two years ago for an unrelated reason.,this plan becomes,"+2, +1, 0, -1, -2","While assessing bone health at diagnosis is standard, a very recent normal DEXA scan makes an immediate repeat scan less appropriate. Follow-up could be deferred based on this recent result. (-1)",
Celiac_Disease,british,"A 34-year-old woman with a 10-year history of well-controlled Type 1 Diabetes presents with an 8-month history of intermittent diarrhea, abdominal bloating, and fatigue. She has also noted an unintentional weight loss of 5 kg over the past year despite a good appetite. She has no significant family history of gastrointestinal disease. Her initial blood tests show a hemoglobin of 10.8 g/dL (normal 12-16), MCV of 78 fL (normal 80-100), and a ferritin of 12 ng/mL (normal 15-150). Celiac serology was requested by her GP. The results show an IgA tissue transglutaminase (tTG) level of 18 U/mL (normal <10 U/mL) and a total serum IgA of 210 mg/dL (normal 70-400 mg/dL). She is referred to gastroenterology for further evaluation and management, feeling anxious about a potential new lifelong diagnosis.","This item assesses diagnostic confirmation, initial management, and long-term follow-up for celiac disease, focusing on a patient with suggestive symptoms and weakly positive serology, reflecting British Society of Gastroenterology guidelines.",,,diagnosis,a definitive diagnosis of celiac disease.,Duodenal biopsies show Marsh 3b changes with crypt hyperplasia and marked villous atrophy.,this hypothesis becomes,"+2, +1, 0, -1, -2",Histological confirmation of villous atrophy (Marsh 3b) in a symptomatic patient with positive tTG serology is the gold standard for diagnosing celiac disease in adults. (+2),
,,,,,,management,initiating a strict gluten-free diet and providing written materials only.,The patient expresses confusion about hidden gluten sources and is feeling overwhelmed by the diagnosis.,this plan becomes,"+2, +1, 0, -1, -2","British guidelines mandate referral to a specialist dietitian. Given the patient's expressed anxiety and the complexities of a GFD, providing only written materials is inadequate and inappropriate. (-2)",
,,,,,,followup,planning an annual review focused solely on repeating celiac serology.,A baseline DEXA scan reveals osteopenia with a T-score of -1.8 at the femoral neck.,this plan becomes,"+2, +1, 0, -1, -2","Annual review should be comprehensive, including nutritional status (iron, B12/folate) and bone health management, especially with known osteopenia. A serology-only plan is dangerously incomplete. (-2)",
Celiac_Disease,british,"A 28-year-old woman presents to the gastroenterology clinic with an 18-month history of intermittent, non-bloody diarrhea, abdominal bloating, and profound fatigue. She has a personal history of type 1 diabetes, diagnosed in her teens, and a family history of autoimmune thyroid disease in her mother. She has noted unintentional weight loss of 5 kg over the past year despite a good appetite. Initial blood tests ordered by her GP revealed a microcytic anemia (Hb 10.8 g/dL, MCV 78 fL). Serological testing for celiac disease showed an IgA tissue transglutaminase (tTG) level of 85 U/mL (normal <10 U/mL), with a normal total serum IgA level. An upper endoscopy with duodenal biopsies has been scheduled to confirm the diagnosis, as per standard adult guidelines. She is currently consuming a normal, gluten-containing diet.","This case assesses nuanced interpretation of diagnostic findings, management priorities, and the approach to non-responsive symptoms in a typical adult presentation of celiac disease.",,,diagnosis,a definitive diagnosis of celiac disease based on the strong serology and symptoms.,Duodenal biopsies show Marsh 1 changes (increased intraepithelial lymphocytes) but with preserved villous architecture.,this hypothesis becomes,"+2, +1, 0, -1, -2","Marsh 1 findings are non-specific and are not diagnostic for celiac disease on their own. This makes a definitive diagnosis less likely despite the positive serology, requiring further consideration. (-1)",
,,,,,,management,advising the patient to start a strict gluten-free diet following definitive diagnosis.,"The patient's initial DEXA scan, done to assess bone health, reveals osteoporosis with a T-score of -2.7 at the lumbar spine.",this plan becomes,"+2, +1, 0, -1, -2",Osteoporosis is a significant complication of malabsorptive celiac disease. This finding underscores the urgency and necessity of starting the definitive treatment (GFD) to improve bone mineral density. (+2),
,,,,,,followup,scheduling a routine annual review with a dietitian and repeat serology to monitor progress.,"At her 6-month follow-up, she reports excellent dietary adherence but continues to experience significant bloating and fatigue.",this plan becomes,"+2, +1, 0, -1, -2","Persistent symptoms despite a reported strict GFD suggest non-responsive celiac disease. A routine annual review is insufficient; an expedited, more thorough investigation is now required. (-2)",
Celiac_Disease,british,"A 28-year-old woman presents with a one-year history of intermittent, non-bloody diarrhea, abdominal bloating, and profound fatigue. She has also been treated for iron deficiency anemia by her GP without a clear source of blood loss identified. Her past medical history is unremarkable, although her mother has autoimmune thyroiditis. Physical examination is normal, with a BMI of 19.5 kg/m². Initial blood tests confirm a microcytic anemia with Hb 10.8 g/dL and ferritin 12 ng/mL. Celiac serology was performed, revealing a weakly positive IgA tissue transglutaminase (tTG) of 15 U/mL (normal <10 U/mL). Her total IgA level is within the normal range. She is referred to gastroenterology for further evaluation and management. The patient is anxious for a clear diagnosis and wants to know what steps are next.","This SCT item assesses the diagnostic pathway for celiac disease with weak serology, the importance of correct sequencing in management, and how follow-up plans must adapt to new findings like osteoporosis.",,,diagnosis,a definitive diagnosis of celiac disease.,Duodenal biopsy reveals Marsh 3c villous atrophy with increased intraepithelial lymphocytes.,this hypothesis becomes,"+2, +1, 0, -1, -2",The combination of positive serology (even if weak) and characteristic histological findings of severe villous atrophy on duodenal biopsy confirms the diagnosis of celiac disease in an adult. (+2),
,,,,,,management,initiating a strict gluten-free diet and referring to a specialist dietitian.,The patient reports feeling much better after empirically starting a gluten-free diet two weeks before her appointment.,this action becomes,"+2, +1, 0, -1, -2","Starting a gluten-free diet before a confirmatory biopsy is obtained is inappropriate as it can lead to false-negative histological results, complicating a definitive diagnosis. (-2)",
,,,,,,followup,planning an annual follow-up with repeat serology to monitor dietary adherence.,Her initial DEXA scan at diagnosis reveals a T-score of -2.7 at the lumbar spine.,this plan becomes,"+2, +1, 0, -1, -2","While annual review is standard, the new finding of osteoporosis requires a more comprehensive plan including calcium/vitamin D supplementation and consideration of bisphosphonates. The original plan is now insufficient. (-1)",
Celiac_Disease,british,"A 42-year-old woman is referred by her GP for investigation of persistent fatigue and microcytic anemia (Hb 10.8 g/dL, MCV 76 fL). She has a background of well-controlled autoimmune thyroiditis on levothyroxine. She reports intermittent bloating and loose stools for the past year, which she had attributed to stress. There is no significant weight loss or family history of gastrointestinal disease. Initial investigations confirmed iron deficiency with a ferritin of 12 ng/mL. Celiac serology was performed, revealing an IgA tissue transglutaminase (tTG) level of 15 U/mL (reference <10 U/mL). Her total serum IgA level is within the normal range at 210 mg/dL (reference 70-400 mg/dL). She is anxious about the possibility of having a chronic condition and is awaiting a gastroenterology consultation to discuss the next steps. Her current symptoms are manageable but impacting her quality of life.","This case focuses on a common presentation of celiac disease with weakly positive serology, requiring careful diagnostic confirmation and management planning according to BSG guidelines before initiating lifelong treatment.",american,The item is clinically sound. The ACG (American) guideline strongly aligns with the BSG (British) on these fundamental points. Both mandate biopsy for confirmation in adults with low-positive serology. A normal biopsy (Marsh 0) rules out active disease (-2). Initiating a gluten-free diet before biopsy is contraindicated as it confounds diagnosis (-2). The presence of a significant complication like osteoporosis makes standard annual follow-up even more essential (+2). No major conflicts between guidelines noted.,diagnosis,concluding she has a definitive diagnosis of active celiac disease.,Duodenal biopsy histology shows Marsh 0 classification (normal mucosa with no increase in intraepithelial lymphocytes).,this hypothesis becomes,"+2, +1, 0, -1, -2","The British Society of Gastroenterology guideline states duodenal biopsy is essential for diagnosis in adults. A normal (Marsh 0) biopsy effectively rules out active celiac disease, despite the weakly positive serology. (-2)",-2.0
,,,,,,management,referring her to a specialist dietitian to immediately commence a strict gluten-free diet.,She has not yet undergone an upper endoscopy and duodenal biopsy to confirm the diagnosis.,this action becomes,"+2, +1, 0, -1, -2","Starting a gluten-free diet before a definitive biopsy is contraindicated as it can cause histological improvement, confounding the diagnosis. Histological confirmation is mandatory before committing to a lifelong diet. (-2)",-2.0
,,,,,,followup,planning an annual review including repeat serology and nutritional blood tests.,She is found to have significant osteoporosis on her baseline DEXA scan at diagnosis.,this plan becomes,"+2, +1, 0, -1, -2",Annual review is standard care for celiac disease. The presence of a significant complication like osteoporosis makes this routine monitoring even more critical to ensure dietary adherence and manage bone health. (+2),2.0
Celiac_Disease,british,"A 42-year-old woman with a 15-year history of well-controlled type 1 diabetes presents with persistent bloating, intermittent diarrhea, and profound fatigue for the past year. She has no significant family history of gastrointestinal disease. Her primary care physician noted a new microcytic anemia with a hemoglobin of 10.8 g/dL and a ferritin of 12 ng/mL. Celiac serology was performed, revealing a positive IgA tissue transglutaminase (tTG) at 85 U/mL (normal <10 U/mL) and a normal total IgA level. An upper endoscopy showed scalloping of the duodenal folds. Duodenal biopsies subsequently confirmed subtotal villous atrophy with crypt hyperplasia and increased intraepithelial lymphocytes, consistent with Marsh 3b classification. The diagnosis of celiac disease is communicated to the patient, and she is eager to start treatment and feel better.","This case assesses key aspects of celiac disease management according to UK guidelines, including the definition of refractory disease, indications for bone health assessment, and the comprehensive nature of annual follow-up.",,,diagnosis,the patient has refractory celiac disease type 1.,her symptoms have been present for over 12 months prior to diagnosis.,this hypothesis becomes,"+2, +1, 0, -1, -2",Refractory celiac disease is defined by persistent symptoms despite a strict gluten-free diet for over a year. The duration of symptoms before diagnosis is irrelevant to this specific diagnosis. (-2),
,,,,,,management,referring her for a DEXA scan to assess bone mineral density.,the patient reports a recent wrist fracture from a minor fall last year.,this action becomes,"+2, +1, 0, -1, -2","A history of a fragility fracture in a patient with newly diagnosed celiac disease, a condition known to cause osteoporosis, makes bone density assessment essential per guidelines. (+2)",
,,,,,,followup,planning an annual review focused solely on serology and symptom assessment.,"at diagnosis, her baseline Vitamin D level was severely deficient.",this plan becomes,"+2, +1, 0, -1, -2","Guidelines recommend screening for and managing nutritional deficiencies. A known severe deficiency necessitates specific monitoring, making a plan focused only on symptoms and serology inadequate. (-1)",
Celiac_Disease,british,"A 42-year-old man, recently diagnosed with type 1 diabetes, is referred to gastroenterology for investigation of a six-month history of bloating, intermittent diarrhea, and an 8 kg weight loss. He also mentions a non-specific itchy rash on his elbows. His initial blood tests show a microcytic anemia with hemoglobin of 10.8 g/dL and ferritin of 12 ng/mL. Serological testing reveals a high IgA tissue transglutaminase (tTG) antibody level at 145 U/mL (normal <15 U/mL), with a normal total IgA. An upper endoscopy is performed, showing scalloping of the duodenal folds. Duodenal biopsies confirm the diagnosis of celiac disease with findings of marked villous atrophy and crypt hyperplasia, corresponding to Marsh 3b classification. He is attending his initial post-diagnosis consultation to discuss the findings and long-term management plan.","This case focuses on a newly diagnosed adult with celiac disease. The scenarios test the recognition of associated conditions (microscopic colitis), management of complications (osteoporosis), and essential preventative care based on potential complications (hyposplenism).",,,diagnosis,an additional diagnosis of microscopic colitis to explain his persistent diarrhea.,"After six months on a strict gluten-free diet, his anemia resolves but his watery diarrhea persists without any improvement.",this hypothesis becomes,"+2, +1, 0, -1, -2","Persistent diarrhea despite adherence to a gluten-free diet is a primary indication to investigate for alternative or concurrent diagnoses. Microscopic colitis is a known association, making this hypothesis much more likely. (+2)",
,,,,,,management,recommending a gluten-free diet with referral to a dietitian and starting iron supplementation.,"A baseline DEXA scan, performed due to his malabsorptive state, reveals a T-score of -2.7 at the lumbar spine, consistent with osteoporosis.",this plan becomes,"+2, +1, 0, -1, -2","The diagnosis of osteoporosis necessitates a more comprehensive management plan that includes vitamin D and calcium supplementation, and consideration of bisphosphonates. The initial plan is now insufficient. (-1)",
,,,,,,followup,a standard follow-up plan involving an annual review with symptom assessment and repeat serology.,"Review of his blood film from diagnosis reveals Howell-Jolly bodies, suggesting functional hyposplenism.",this plan becomes,"+2, +1, 0, -1, -2","Functional hyposplenism increases the risk of overwhelming infection from encapsulated bacteria. The follow-up plan must now include offering pneumococcal vaccination, making the standard plan incomplete and less appropriate. (-1)",
Celiac_Disease,british,"A 42-year-old woman presents with a two-year history of bloating, intermittent diarrhea, and profound fatigue. She has a personal history of autoimmune thyroiditis and a family history of type 1 diabetes. Initial blood tests reveal mild iron deficiency anemia with a hemoglobin of 11.2 g/dL and a ferritin of 12 ng/mL. Her primary care physician orders celiac serology. The results show an IgA tissue transglutaminase (tTG) of 35 U/mL (normal <15 U/mL) and a normal total IgA level of 210 mg/dL (normal 70-400 mg/dL). She is referred to a gastroenterologist for further evaluation and is currently consuming a normal, gluten-containing diet. She is anxious about the potential diagnosis and its implications for her lifestyle and future health. An upper endoscopy with duodenal biopsies is planned to confirm the diagnosis.","This case assesses the nuanced diagnostic pathway for celiac disease in adults, emphasizing the critical role of histology and the correct timing of management initiation. It also touches upon the approach to non-responsive celiac disease, a common clinical challenge.",american,"The item's clinical reasoning is sound and aligns well with American (ACG) guidelines, which are largely congruent with international standards on these core topics. The scenarios are realistic. The author's +2 for the followup question appears to be an error; non-responsive disease makes a 'standard annual review' highly inappropriate (-2), as a more urgent workup is needed.",diagnosis,a definitive diagnosis of celiac disease is confirmed.,The duodenal biopsy report shows only increased intraepithelial lymphocytes (Marsh 1 lesion) with normal villous architecture.,this hypothesis becomes,"+2, +1, 0, -1, -2","While positive tTG and a Marsh 1 lesion are suggestive, this is not specific enough for a definitive diagnosis in an adult, as other conditions can cause this. The hypothesis is less likely. (-1)",-1.0
,,,,,,management,initiating a strict gluten-free diet immediately after her initial consultation.,The patient is scheduled for her diagnostic upper endoscopy and duodenal biopsies in two weeks.,this action becomes,"+2, +1, 0, -1, -2","Starting a gluten-free diet before diagnostic biopsy is contraindicated. It can lead to normalization of serology and histology, confounding the diagnosis. This action is highly inappropriate. (-2)",-2.0
,,,,,,followup,scheduling a standard annual review to monitor symptoms and repeat serology.,"Six months into a dietitian-supervised gluten-free diet, her fatigue and bloating persist, and her tTG remains elevated.",this plan becomes,"+2, +1, 0, -1, -2",Persistent symptoms and elevated serology indicate non-responsive celiac disease. A standard annual review is insufficient; more urgent and detailed investigation is required to assess dietary adherence and rule out other causes. (+2),-2.0
Celiac_Disease,british,"A 45-year-old woman with a history of autoimmune thyroiditis was diagnosed with celiac disease 18 months ago via positive IgA tTG antibodies and a duodenal biopsy showing Marsh 3b villous atrophy. She attends her annual review, reporting strict adherence to a gluten-free diet, which was reviewed by a specialist dietitian three months prior. Despite this, she continues to experience intermittent bloating, abdominal cramps, and 2-3 loose stools daily. She also notes ongoing fatigue and has had an unintentional weight loss of 3 kg over the past six months. Her recent blood tests show a hemoglobin of 11.8 g/dL, ferritin of 18 ng/mL, and a persistently elevated IgA tTG of 25 U/mL (normal <15 U/mL). Her total IgA level is within the normal range. She is frustrated with her lack of progress and is seeking further guidance on management.","This case explores the common clinical challenge of non-responsive celiac disease. It tests the ability to prioritize differential diagnoses, from inadvertent gluten exposure to co-existing conditions and the more serious diagnosis of refractory disease, aligning with BSG guideline principles.",,,diagnosis,a diagnosis of refractory celiac disease type 1 as the cause of her current symptoms.,a detailed dietary history reveals she regularly consumes “gluten-free” oats from a brand that is not certified gluten-free.,this hypothesis becomes,"+2, +1, 0, -1, -2","The most common cause of non-responsive celiac disease is inadvertent gluten ingestion. Uncertified oats are a major source of gluten contamination, making this a far more likely explanation than refractory disease. (-2)",
,,,,,,management,arranging a hydrogen breath test to investigate for small intestinal bacterial overgrowth (SIBO).,a repeat endoscopy with duodenal biopsies shows persistent Marsh 3b villous atrophy with markedly raised intraepithelial lymphocytes.,this action becomes,"+2, +1, 0, -1, -2",Persistent severe villous atrophy indicates significant ongoing mucosal inflammation. The priority must be to investigate the cause of this active enteropathy (gluten exposure vs. refractory disease) rather than a secondary issue like SIBO. (-1),
,,,,,,followup,scheduling a DEXA scan to assess for osteoporosis as part of her ongoing care.,"her records show she had a DEXA scan at diagnosis 18 months ago, which revealed a normal bone mineral density (T-score -0.5).",this plan becomes,"+2, +1, 0, -1, -2","A normal DEXA scan was performed recently at diagnosis. While her ongoing malabsorption is a concern, repeating the scan so soon is generally not indicated unless new, significant risk factors have emerged. (-1)",
Celiac_Disease,british,"A 28-year-old woman with a 10-year history of well-controlled type 1 diabetes presents with 12 months of intermittent bloating, flatulence, and loose stools. She denies weight loss but feels persistently fatigued. Her diet is varied, and she has no family history of gastrointestinal disease. Initial investigations reveal a microcytic anemia with a hemoglobin of 10.8 g/dL (normal 12.1-15.1) and ferritin of 12 ng/mL (normal 13-150). Her liver function tests are normal. Celiac serology is requested: IgA tissue transglutaminase (tTG) is 15 U/mL (normal <10 U/mL) and total IgA level is within the normal range at 210 mg/dL (normal 70-400). She is anxious about the possibility of another lifelong condition and is seeking definitive answers and a clear management plan. An upper GI endoscopy is performed, and duodenal biopsies are taken. She is awaiting the histology results.","This item explores the nuances of diagnosing and managing celiac disease when initial serology is only weakly positive, a common clinical challenge. It tests the application of guidelines regarding confirmatory testing, dietary management, and long-term monitoring for complications.",american,"This is a clinically sound item. The American College of Gastroenterology (ACG) guideline perspective aligns well with the author's reasoning. A definitive diagnosis is less likely with low-positive tTG and non-specific Marsh 1 histology. A gluten-free diet is inappropriate with conflicting serology (negative EMA) and an unconfirmed diagnosis. The new history of fragility fractures makes a DEXA scan essential to evaluate for osteoporosis, a known complication of celiac disease.",diagnosis,a definitive diagnosis of celiac disease.,The duodenal histology report shows Marsh 1 changes (increased intraepithelial lymphocytes) but intact villous architecture.,this hypothesis becomes,"+2, +1, 0, -1, -2","Marsh 1 changes are non-specific and, combined with weakly positive tTG, are insufficient for a definitive adult diagnosis, which typically requires villous atrophy. (-1)",-1.0
,,,,,,management,"advising the patient to immediately commence a strict, lifelong gluten-free diet.","While awaiting biopsy results, IgA endomysial antibody (EMA) testing comes back negative.",this action becomes,"+2, +1, 0, -1, -2","With weakly positive tTG and negative, highly specific EMA, the diagnosis is uncertain. Committing to a lifelong gluten-free diet is inappropriate without a confirmed diagnosis. (-2)",-2.0
,,,,,,followup,arranging a DEXA scan to assess for osteoporosis at this initial presentation.,The patient reports a history of two low-trauma wrist fractures in the past five years.,this plan becomes,"+2, +1, 0, -1, -2","Guidelines recommend assessing bone health at diagnosis. The added history of low-trauma fractures significantly increases the clinical suspicion for osteoporosis, making a DEXA scan essential. (+2)",2.0
Celiac_Disease,british,"A 42-year-old female presents to the gastroenterology clinic with a six-month history of intermittent, non-bloody diarrhea, significant bloating, and profound fatigue. She reports an unintentional weight loss of 5 kg over this period. Her past medical history is notable for well-controlled Hashimoto's thyroiditis, for which she takes levothyroxine. There is no family history of inflammatory bowel disease or colorectal cancer. Initial laboratory investigations reveal a mild normocytic anemia with a hemoglobin of 11.2 g/dL (normal 12.0-15.5 g/dL) and a ferritin of 12 ng/mL (normal 15-150 ng/mL). Her liver function tests are unremarkable. Celiac serology was performed, showing an IgA tissue transglutaminase (tTG) level of 65 U/mL (upper limit of normal <10 U/mL). Her total serum IgA level is within the normal range. An upper endoscopy with duodenal biopsies has been arranged to confirm the suspected diagnosis.","This case assesses the nuanced management of a new celiac disease diagnosis in an adult, focusing on the standard diagnostic pathway, initial management priorities beyond diet, and appropriate long-term follow-up based on British Society of Gastroenterology guidelines.",american,"This is a well-constructed and clinically valid SCT item. The American College of Gastroenterology (ACG) guidelines align very closely with the British guidelines on these core points. The combination of serology and classic histology confirms the diagnosis. Expert dietitian referral is a cornerstone of management, irrespective of the patient's own attempts. The discovery of significant osteoporosis makes a follow-up plan that ignores bone health management clearly inadequate and inappropriate.",diagnosis,a definitive diagnosis of celiac disease is now established.,"Duodenal biopsies show Marsh 3b changes with villous atrophy, crypt hyperplasia, and increased intraepithelial lymphocytes.",this hypothesis becomes,"+2, +1, 0, -1, -2",The combination of positive serology (tTG) and classic histological findings (Marsh 3b) confirms the diagnosis of celiac disease in an adult according to BSG guidelines. (+2),2.0
,,,,,,management,referring the patient to a specialist dietitian for gluten-free diet education.,The patient mentions she has already started a strict gluten-free diet on her own two weeks ago after seeing her positive blood test.,this plan becomes,"+2, +1, 0, -1, -2","Referral to a specialist dietitian is mandatory for all new diagnoses of celiac disease. This ensures the diet is nutritionally complete, effective, and sustainable, regardless of patient pre-conceptions. (+2)",2.0
,,,,,,followup,planning an annual review with serology and symptom assessment only.,A baseline DEXA scan performed at diagnosis reveals osteoporosis with a T-score of -2.8 at the lumbar spine.,this plan becomes,"+2, +1, 0, -1, -2","The presence of osteoporosis, a known complication, means follow-up must also include monitoring and managing bone health. A plan limited only to serology and symptoms is now insufficient. (-1)",-2.0
Celiac_Disease,british,"A 34-year-old woman presents to her general practitioner with persistent fatigue and lethargy over the past year. She has a history of iron deficiency anemia diagnosed six months ago, which has not responded to oral iron supplementation. Her hemoglobin is currently 10.8 g/dL and MCV is 74 fL. She denies significant gastrointestinal symptoms such as diarrhea, abdominal pain, or weight loss, but does report intermittent bloating which she attributes to her diet. She has no significant past medical history and no family history of autoimmune or gastrointestinal disorders. Initial screening blood tests for celiac disease are ordered. The results show an IgA tissue transglutaminase (tTG) level of 15 U/mL (reference range <10 U/mL) and a total IgA level of 210 mg/dL (reference range 70-400 mg/dL). She is referred to a gastroenterologist for further evaluation.",This item assesses the diagnostic and management pathway for a patient with a classic presentation of celiac disease (unexplained iron deficiency anemia) but weakly positive serology. It emphasizes the confirmatory role of biopsy and the management of complications and non-responsive disease.,,,diagnosis,a definitive diagnosis of celiac disease.,"Duodenal biopsy shows Marsh 3b changes with severe villous atrophy, crypt hyperplasia, and increased intraepithelial lymphocytes.",this hypothesis becomes,"+2, +1, 0, -1, -2","In an adult with positive serology (even if weakly positive), characteristic histological findings on duodenal biopsy are considered the gold standard for confirming celiac disease. (+2)",
,,,,,,management,"initiating a strict, lifelong gluten-free diet and referring to a specialist dietitian.",A DEXA scan performed at baseline reveals osteoporosis with a T-score of -2.7 at the lumbar spine.,this action becomes,"+2, +1, 0, -1, -2","While the finding of osteoporosis requires separate management (e.g., calcium/vitamin D), it is a known complication of celiac disease. The cornerstone of treatment remains the gluten-free diet, which is essential. (+2)",
,,,,,,followup,scheduling a routine annual review to monitor symptoms and repeat serology.,"After 12 months on a self-reported strict gluten-free diet, her tTG remains elevated and her anemia has not improved.",this plan becomes,"+2, +1, 0, -1, -2",Persistent symptoms and elevated serology after a year indicate non-responsive celiac disease. A routine annual review is insufficient; this makes the plan less appropriate as more intensive investigation is needed. (-1),
Celiac_Disease,british,"A 42-year-old woman was diagnosed with celiac disease 18 months ago, confirmed by a positive IgA tissue transglutaminase (tTG) antibody test and a duodenal biopsy showing Marsh 3b villous atrophy. She was referred to a specialist dietitian and reports strict adherence to a gluten-free diet. Despite this, she continues to experience intermittent diarrhea, significant bloating, and persistent fatigue. Her follow-up blood tests show her IgA tTG has decreased from >200 U/mL to 25 U/mL (normal <15 U/mL), but has not fully normalized. Her full blood count reveals a persistent mild normocytic anemia with a hemoglobin of 11.2 g/dL (normal 12.0-15.5 g/dL) and a ferritin of 28 ng/mL (normal 15-150 ng/mL). She is frustrated with her lack of complete symptomatic resolution and is seeking advice on the next steps in her management plan.","This item explores the common clinical challenge of a patient with established celiac disease who is not responding adequately to a gluten-free diet. It tests reasoning around differential diagnosis (non-adherence vs. co-morbidities vs. refractory disease), appropriate management escalation, and comprehensive long-term care.",,,diagnosis,inadvertent gluten ingestion as the cause of her ongoing symptoms.,A detailed dietary history reveals she regularly consumes oat-based cereals that are not certified as gluten-free.,this hypothesis becomes,"+2, +1, 0, -1, -2","Inadvertent gluten exposure is the most common cause of non-responsive celiac disease. Oats are frequently cross-contaminated with wheat, making this a highly probable explanation for her symptoms. (+2)",
,,,,,,management,initiating an empirical trial of budesonide for suspected refractory celiac disease.,The patient reports her bloating and diarrhea are significantly worse after consuming milk or yogurt.,this action becomes,"+2, +1, 0, -1, -2","This new information strongly suggests secondary lactose intolerance, a common issue in active celiac disease. Addressing this is the priority, making steroid therapy for RCD inappropriate. (-2)",
,,,,,,followup,arranging a DEXA scan to assess her bone mineral density.,Her baseline vitamin D level is found to be severely deficient at 18 nmol/L.,this plan becomes,"+2, +1, 0, -1, -2","Celiac disease is a major risk factor for osteoporosis. Severe vitamin D deficiency, a key component for bone health, makes assessing her bone density essential for long-term management. (+2)",
Celiac_Disease,british,"A 42-year-old woman with a 15-year history of well-controlled Type 1 Diabetes presents to the gastroenterology clinic with a six-month history of intermittent abdominal bloating, loose stools, and profound fatigue. She has also noted unintentional weight loss of 4 kg. She has no significant family history of gastrointestinal disease. Her initial blood tests arranged by her GP show a mild microcytic anemia with hemoglobin of 11.2 g/dL and ferritin of 12 ng/mL. Her liver function tests and thyroid function are normal. Celiac serology was performed, revealing a total IgA level of 250 mg/dL (normal 70-400 mg/dL) and an IgA tissue transglutaminase (tTG) antibody level of 18 U/mL (upper limit of normal <15 U/mL). She is anxious about the possibility of having another autoimmune condition and wants to know the next steps. An upper endoscopy for duodenal biopsies has been scheduled but not yet performed.","This item focuses on the clinical reasoning required for a patient with a high pre-test probability of celiac disease but equivocal serology, emphasizing guideline-based confirmatory steps, management timing, and long-term care.",,,diagnosis,a definitive diagnosis of celiac disease.,a reflex IgA endomysial antibody (EMA) test comes back as positive.,this hypothesis becomes,"+2, +1, 0, -1, -2","In a patient with compatible symptoms and weakly positive tTG, a positive EMA is highly specific and strongly supports the diagnosis, making it much more likely. (+2)",
,,,,,,management,initiating a strict gluten-free diet prior to endoscopy.,the patient's scheduled endoscopy for duodenal biopsies is in two weeks.,this action becomes,"+2, +1, 0, -1, -2","Starting a gluten-free diet before biopsy is contraindicated as it can lead to histological remission, obscuring the diagnosis. Biopsy confirmation is essential in adults. (-2)",
,,,,,,followup,arranging a DEXA scan and pneumococcal vaccination.,"one year after diagnosis, she has had a complete symptomatic and serological response to a gluten-free diet.",this plan becomes,"+2, +1, 0, -1, -2",UK guidelines recommend assessing bone health at diagnosis and offering pneumococcal vaccination due to the risk of hyposplenism. These are essential parts of long-term care. (+2),
Celiac_Disease,british,"A 32-year-old female primary school teacher presents with a one-year history of fluctuating abdominal bloating, intermittent loose stools, and persistent fatigue. She has a past medical history of well-controlled autoimmune thyroiditis on levothyroxine. There is no significant family history of gastrointestinal disease. She has tried over-the-counter remedies for irritable bowel syndrome without relief. Initial blood tests reveal a mild normocytic anemia (Hb 11.2 g/dL), low ferritin at 18 µg/L (normal 30-200), and a normal total IgA level. Her IgA tissue transglutaminase (tTG) antibody test comes back at 15 U/mL (reference range <10 U/mL). She is referred to gastroenterology for further evaluation, feeling anxious about a potential diagnosis and the implications for her diet and lifestyle.","This item tests the approach to a weakly positive tTG, the importance of assessing for complications like osteoporosis at diagnosis, and troubleshooting non-responsive symptoms, which is commonly due to poor adherence.",,,diagnosis,a definitive diagnosis of celiac disease is required.,A duodenal biopsy is performed and shows Marsh 3b changes with crypt hyperplasia and marked villous atrophy.,this hypothesis becomes,"+2, +1, 0, -1, -2",The combination of positive serology (even if weakly positive) and confirmatory histology with significant villous atrophy is the gold standard for diagnosing celiac disease in adults. (+2),
,,,,,,management,initiating a gluten-free diet and referring her to a specialist dietitian.,"A DEXA scan, performed as part of her initial workup, reveals osteoporosis with a T-score of -2.8 at the lumbar spine.",this action becomes,"+2, +1, 0, -1, -2","The presence of osteoporosis, a significant complication of malabsorption, underscores the urgency of treatment. A gluten-free diet is essential to improve bone density and overall health. (+2)",
,,,,,,followup,arranging a follow-up endoscopy to assess for refractory celiac disease.,"Her follow-up tTG level has normalized, but she admits to finding the diet difficult and occasionally eating out without checking ingredients.",this plan becomes,"+2, +1, 0, -1, -2","Persistent symptoms with normalized serology strongly suggest ongoing, inadvertent gluten exposure, not refractory disease. The next step is dietary reinforcement, not invasive investigation. (-1)",
Celiac_Disease,british,"A 24-year-old female is referred to the gastroenterology clinic for evaluation. She was screened for celiac disease because her mother was recently diagnosed. The patient feels perfectly well, reporting no diarrhea, abdominal pain, bloating, or weight loss. She is an active runner and maintains a stable weight. Her past medical history is unremarkable, and she takes no regular medications. Initial blood tests ordered by her GP revealed a significantly elevated IgA tissue transglutaminase (tTG) level of 152 U/mL (normal <10 U/mL). Her total IgA level was normal at 210 mg/dL (normal 70-400 mg/dL). A full blood count and ferritin level were also within normal limits. An upper endoscopy has been performed, and the macroscopic appearance of the duodenum was noted as normal, with biopsy results pending. She is anxious about the potential diagnosis and what it means for her lifestyle.","This SCT item assesses reasoning in a case of asymptomatic celiac disease found via screening. It tests the definitive diagnostic criteria, the appropriate timing for dietary intervention, and the breadth of necessary long-term follow-up beyond gastrointestinal symptoms.",,,diagnosis,A definitive diagnosis of celiac disease.,The duodenal biopsy report shows Marsh 3b changes with villous atrophy and crypt hyperplasia.,this hypothesis becomes,"+2, +1, 0, -1, -2","BSG guidelines confirm the diagnosis of celiac disease in adults with positive IgA tTG and confirmatory duodenal histology, even if asymptomatic. (+2)",
,,,,,,management,Advising the patient to start a strict gluten-free diet immediately.,The patient expresses significant anxiety and states she is unwilling to change her diet without definitive proof.,this action becomes,"+2, +1, 0, -1, -2","A strict gluten-free diet should only be initiated after a definitive histological diagnosis. Starting prematurely is inappropriate, especially given the patient's reluctance. (-2)",
,,,,,,followup,Planning an annual review focused solely on serology and symptom assessment.,A baseline DEXA scan at diagnosis reveals osteopenia with a T-score of -1.8 at the lumbar spine.,this plan becomes,"+2, +1, 0, -1, -2",The finding of osteopenia makes a follow-up plan focused only on symptoms and serology inadequate. Bone health monitoring now becomes an essential component. (-1),
Celiac_Disease,british,"A 28-year-old woman with a 10-year history of well-controlled type 1 diabetes presents with a one-year history of intermittent, non-bloody diarrhea, abdominal bloating, and profound fatigue. She reports an unintentional weight loss of 5 kg over the past six months despite a good appetite. She has no significant family history of gastrointestinal disease. Her initial blood tests show a microcytic anemia with a hemoglobin of 10.8 g/dL (normal 12-16) and a ferritin of 12 ng/mL (normal 15-150). Her liver function tests and inflammatory markers are within normal limits. Serological testing for celiac disease reveals a weakly positive IgA tissue transglutaminase (tTG) level of 15 U/mL (upper limit of normal <10 U/mL). Her total serum IgA level is normal. An upper endoscopy with duodenal biopsies has been performed to establish a definitive diagnosis, and she is awaiting the histology results.","This item assesses the nuanced interpretation of weakly positive serology, the importance of diagnostic confirmation before management, and risk stratification for complications like osteoporosis in suspected celiac disease.",,,diagnosis,a definitive diagnosis of celiac disease.,Duodenal histology reveals Marsh 1 changes with increased intraepithelial lymphocytes but normal villous architecture.,this hypothesis becomes,"+2, +1, 0, -1, -2","Marsh 1 changes are consistent with celiac disease but are non-specific. Combined with a weakly positive tTG in a high-risk patient, this increases suspicion but does not definitively confirm the diagnosis. (+1)",
,,,,,,management,referring the patient to a specialist dietitian to commence a gluten-free diet immediately.,The patient's updated family history reveals her mother was recently diagnosed with microscopic colitis.,this plan becomes,"+2, +1, 0, -1, -2","Starting a GFD before a definitive histological diagnosis is premature. The new information raises a plausible alternative diagnosis for her symptoms, making it less appropriate to initiate a lifelong diet. (-1)",
,,,,,,followup,arranging a baseline DEXA scan to assess for osteoporosis at the time of diagnosis.,The patient reports a history of multiple low-impact fractures during her adolescence.,this plan becomes,"+2, +1, 0, -1, -2","British guidelines recommend assessing bone health at diagnosis. A history of low-impact fractures greatly increases the risk of significant osteopenia or osteoporosis, making a DEXA scan essential. (+2)",
Celiac_Disease,british,"A 38-year-old woman was diagnosed with celiac disease one year ago based on a positive IgA tissue transglutaminase (tTG) antibody test (>250 U/mL) and duodenal biopsies showing Marsh 3b villous atrophy. She was referred to a specialist dietitian and has been on a strict gluten-free diet (GFD) for the past 12 months. Despite her reported adherence, she presents for her annual review with persistent symptoms, including intermittent bloating, abdominal cramps, and two to three loose stools daily. She also notes ongoing fatigue that has only marginally improved. Her follow-up blood tests show that her IgA tTG has fallen to 35 U/mL (normal <15 U/mL), and her ferritin remains low at 20 ng/mL (normal 30-300 ng/mL). She brings a detailed food diary, which, on review, does not reveal any obvious sources of gluten contamination. The persistence of her symptoms despite a partial serological response is causing her significant distress.","This case focuses on the common clinical challenge of non-responsive celiac disease. It tests the ability to prioritize investigations, differentiate between inadvertent gluten exposure and refractory disease, and understand the role of repeat endoscopy in symptomatic patients.",american,"This is a strong clinical item. The American College of Gastroenterology guideline aligns with the author's reasoning. The primary cause of non-responsive celiac disease is inadvertent gluten exposure, which must be rigorously excluded before considering refractory disease or immunosuppressants. A repeat biopsy is warranted for persistent symptoms despite serologic improvement to assess for mucosal healing. The clinical reasoning is sound and consistent across major international guidelines for this scenario.",diagnosis,a co-existing diagnosis of microscopic colitis as the cause for her ongoing diarrhea.,A colonoscopy with random biopsies is performed and the histology is completely normal.,this hypothesis becomes,"+2, +1, 0, -1, -2","Normal colonoscopy biopsies effectively exclude a diagnosis of microscopic colitis, a known cause of persistent diarrhea in celiac disease patients. The hypothesis is therefore refuted. (-2)",-2.0
,,,,,,management,proceeding directly to immunosuppressive therapy with steroids for suspected refractory celiac disease.,A thorough re-evaluation of her diet by the specialist dietitian has not yet been performed.,this plan becomes,"+2, +1, 0, -1, -2","Refractory celiac disease is a diagnosis of exclusion. The most common cause of non-response is inadvertent gluten exposure, which must be rigorously ruled out before considering immunosuppressants. (-2)",-2.0
,,,,,,followup,scheduling a repeat upper endoscopy with duodenal biopsies to assess for histologic response.,Her repeat IgA tTG antibody level has now completely normalized to 10 U/mL.,this plan becomes,"+2, +1, 0, -1, -2","Despite serological normalization, persistent symptoms in celiac disease warrant investigation for persistent villous atrophy. A repeat biopsy is essential to confirm mucosal healing and rule out refractory disease. (+2)",2.0
Celiac_Disease,british,"A 38-year-old woman with a 15-year history of well-controlled type 1 diabetes mellitus presents with six months of persistent fatigue, bloating, and mild diarrhea. She has no significant family history of gastrointestinal disease. Initial blood tests reveal a microcytic anemia with hemoglobin of 10.8 g/dL and ferritin of 12 ng/mL. Her liver function and thyroid function are normal. Given her autoimmune background and symptoms, celiac serology is performed. The results show a strongly positive IgA tissue transglutaminase (tTG) at 250 U/mL (normal <10 U/mL) and a normal total IgA level. She is referred for an upper endoscopy with duodenal biopsies to confirm the diagnosis.","This item focuses on the standard diagnostic and management pathway for an adult with classic celiac disease, referencing British guidelines for biopsy confirmation, holistic management, and specialist follow-up.",,,diagnosis,celiac disease as the unifying diagnosis for her symptoms.,The duodenal biopsy report shows Marsh 3b villous atrophy with crypt hyperplasia and increased intraepithelial lymphocytes.,this hypothesis becomes,"+2, +1, 0, -1, -2","The combination of classic symptoms, high-titer positive serology, and characteristic histological findings (Marsh 3b) confirms the diagnosis of celiac disease according to all guidelines. (+2)",
,,,,,,management,initiating a strict lifelong gluten-free diet as the sole intervention.,Initial blood tests also reveal a low vitamin D level and a calculated FRAX score indicating high fracture risk.,this action becomes,"+2, +1, 0, -1, -2","While GFD is essential, significant comorbidities like high fracture risk require concurrent management (e.g., supplementation, DEXA). A GFD as the sole intervention is less appropriate. (-1)",
,,,,,,followup,discharging the patient to primary care for ongoing management after the initial dietitian appointment.,The patient reports significant symptomatic improvement after three months on a strict gluten-free diet.,this plan becomes,"+2, +1, 0, -1, -2","Despite initial improvement, British guidelines recommend annual specialist follow-up. Early discharge is inappropriate as long-term adherence and complications must be monitored. (-2)",
Celiac_Disease,british,"A 38-year-old woman was diagnosed with celiac disease one year ago after presenting with iron deficiency anemia and bloating. Her initial IgA tissue transglutaminase (tTG) was >250 U/mL (normal <15 U/mL) and a duodenal biopsy showed Marsh 3b villous atrophy. She was referred to a specialist dietitian and initiated a strict gluten-free diet (GFD). At her annual review, she reports feeling somewhat better but still experiences significant bloating, intermittent loose stools, and persistent fatigue. She insists she has been meticulously adherent to her GFD. Repeat bloodwork shows her hemoglobin is 10.8 g/dL (normal 12-16 g/dL), ferritin is 12 ng/mL (normal 15-150 ng/mL), and her IgA tTG has decreased to 45 U/mL. Her total IgA level is within the normal range. She is frustrated with her lack of complete recovery and is seeking further advice.","This item assesses the management of non-responsive celiac disease. It tests the ability to prioritize investigation of poor dietary adherence over rare diagnoses, and to distinguish between different aspects of routine follow-up care.",american,"The item is clinically sound and aligns well with the American College of Gastroenterology guidelines. The core principle tested—that ongoing gluten exposure is the most common cause of non-responsive celiac disease—is consistent across international guidelines. The questions logically progress from diagnosis to management, and the distractors are relevant. No significant differences were noted between the American and British guideline perspectives for this specific clinical scenario.",diagnosis,refractory celiac disease (RCD) as the cause of her persistent symptoms.,A detailed dietary review with a specialist dietitian reveals frequent cross-contamination from shared kitchen appliances at home.,this hypothesis becomes,"+2, +1, 0, -1, -2",The most common cause of non-responsive celiac disease is ongoing gluten exposure. Identifying a clear source of cross-contamination makes a complex diagnosis like RCD much less likely. (-2),-2.0
,,,,,,management,proceeding directly to a repeat upper endoscopy with duodenal biopsies to assess for mucosal healing.,The patient confirms she has not had a formal follow-up review with a specialist dietitian since her initial consultation.,this plan becomes,"+2, +1, 0, -1, -2",Reinforcing dietary education with a dietitian is the priority before proceeding to invasive testing. Inadvertent gluten intake is far more likely than refractory disease. (-1),-1.0
,,,,,,followup,arranging a DEXA scan to assess for osteoporosis at this annual review.,Her records show she received a pneumococcal vaccination at the time of her initial diagnosis last year.,this plan becomes,"+2, +1, 0, -1, -2",Pneumococcal vaccination addresses the risk of hyposplenism but is unrelated to bone health assessment. The strong indication for a DEXA scan remains unchanged by this information. (0),0.0
Celiac_Disease,british,"A 28-year-old female was diagnosed with celiac disease 18 months ago. The diagnosis was confirmed with a highly positive IgA tissue transglutaminase (tTG) antibody test (>250 U/mL) and a duodenal biopsy showing Marsh 3b villous atrophy. She was referred to a specialist dietitian and initiated a strict gluten-free diet (GFD). She attends her annual review reporting persistent, though improved, symptoms. She experiences intermittent bloating, abdominal cramps, and 2-3 loose stools daily, which she finds distressing. She insists she is meticulously adherent to the GFD and has decontaminated her kitchen. Her weight has remained stable since her last visit. Repeat serology shows her IgA tTG has fallen significantly to 15 U/mL (normal <10 U/mL), but has not fully normalized. Her full blood count and ferritin levels are now within the normal range. She expresses significant frustration with her lack of complete symptomatic resolution.","This item explores the differential diagnosis and management priorities for a patient with celiac disease who has persistent symptoms despite a gluten-free diet, a common clinical challenge.",american,"The item aligns perfectly with the American College of Gastroenterology (ACG) guidelines. The reasoning for each question is sound. The ACG guideline emphasizes ruling out ongoing gluten exposure and alternative diagnoses like SIBO before considering refractory disease. It also recommends bone density screening for patients with risk factors, such as a prior fragility fracture. There is no significant conflict between the American perspective and the author's rationale in these common clinical scenarios.",diagnosis,a co-existing diagnosis of Irritable Bowel Syndrome (IBS) is the cause of her current symptoms.,a hydrogen breath test shows an early and sustained rise in hydrogen levels after lactulose administration.,this hypothesis becomes,"+2, +1, 0, -1, -2","A positive lactulose breath test strongly suggests Small Intestinal Bacterial Overgrowth (SIBO), an alternative diagnosis for her persistent symptoms. This makes a diagnosis of exclusion like IBS much less likely. (-2)",-2.0
,,,,,,management,proceeding directly to a repeat endoscopy with biopsy to investigate for refractory celiac disease.,a detailed dietary review reveals frequent cross-contamination from shared toasters and cutting boards at her shared flat.,this action becomes,"+2, +1, 0, -1, -2",Inadvertent gluten ingestion is the most common cause of persistent symptoms. Identifying a clear source makes invasive investigation for rare refractory disease premature and inappropriate. (-2),-2.0
,,,,,,followup,arranging a DEXA scan to assess her bone mineral density as part of her ongoing care.,"she mentions a history of a low-impact wrist fracture two years ago, just prior to her initial celiac diagnosis.",this plan becomes,"+2, +1, 0, -1, -2","Malabsorption in celiac disease increases osteoporosis risk. A prior low-impact fracture is a significant red flag, making a DEXA scan an essential part of her baseline assessment and follow-up. (+2)",2.0
Celiac_Disease,british,"A 28-year-old woman with a history of well-controlled type 1 diabetes presents with a one-year history of chronic fatigue, intermittent bloating, and loose stools. She has no significant family history of gastrointestinal disease. On examination, she appears pale but is otherwise well, with a BMI of 21 kg/m². Initial blood tests reveal a microcytic anemia with hemoglobin of 10.2 g/dL (normal 12.0-15.5 g/dL) and a ferritin of 9 ng/mL (normal 15-150 ng/mL). Celiac serology is ordered, showing an IgA tissue transglutaminase (tTG) level of 25 U/mL (normal <10 U/mL), while her total IgA level is within the normal range. An upper endoscopy is performed, revealing mild scalloping of the duodenal folds. The patient is anxious about a potential long-term diagnosis and the lifestyle changes it might entail. She awaits the results of her duodenal biopsies.","This case focuses on a classic presentation of celiac disease in a high-risk individual (Type 1 diabetes). The scenarios test key principles: diagnostic confirmation in adults, the importance of core management, and recognizing inadequate response during follow-up.",american,"The item is clinically sound and aligns perfectly with American College of Gastroenterology guidelines. The progression from diagnosis (requiring biopsy confirmation in adults), management (GFD as essential, reinforced by complications like osteoporosis), to follow-up (recognizing persistent anemia as a red flag needing more than routine review) is logical and tests key concepts. No major differences noted between the American and British approaches for these fundamental scenarios.",diagnosis,a definitive diagnosis of celiac disease based on the weakly positive serology.,Duodenal biopsy results show Marsh 3b villous atrophy with crypt hyperplasia and increased intraepithelial lymphocytes.,this hypothesis becomes,"+2, +1, 0, -1, -2","In adults, duodenal biopsy is essential for diagnosis. The finding of significant villous atrophy (Marsh 3b) confirms the diagnosis suggested by positive serology and clinical context. (+2)",2.0
,,,,,,management,initiating a strict gluten-free diet and referring to a specialist dietitian.,"The patient's initial DEXA scan at diagnosis reveals a T-score of -2.8 at the lumbar spine, indicating osteoporosis.",this plan becomes,"+2, +1, 0, -1, -2","This plan is the cornerstone of celiac management. The finding of osteoporosis, a known complication of malabsorption, makes strict adherence to a GFD even more critical to improve bone density. (+2)",2.0
,,,,,,followup,arranging a routine annual review with repeat serology in one year's time.,"Six months after starting a gluten-free diet, her symptoms have resolved but she still has persistent iron deficiency anemia.",this plan becomes,"+2, +1, 0, -1, -2","Persistent anemia despite symptomatic improvement suggests ongoing malabsorption, likely from inadvertent gluten ingestion. A routine annual review is inadequate; closer follow-up and dietary review are needed. (-2)",-2.0
Celiac_Disease,british,"A 42-year-old woman was diagnosed with celiac disease 18 months ago based on positive IgA tissue transglutaminase (tTG) antibodies (>200 U/mL) and duodenal biopsies showing Marsh 3b villous atrophy. She received comprehensive counseling from a specialist dietitian and initiated a strict gluten-free diet (GFD), reporting significant improvement in her bloating, diarrhea, and fatigue over the initial year. However, for the past four months, her symptoms have returned, with intermittent loose stools, abdominal cramping, and persistent tiredness. She is adamant about her dietary adherence and cannot identify any sources of cross-contamination. Repeat serology reveals her IgA tTG level has decreased but remains elevated at 62 U/mL (normal <10 U/mL). Her hemoglobin and ferritin levels have normalized since her diagnosis. She expresses significant frustration with her lack of sustained progress.","This item assesses the clinical reasoning for a patient with non-responsive celiac disease, focusing on differentiating inadvertent gluten exposure from refractory disease and considering common co-existing conditions.",european,"The item is clinically robust and aligns well with European (ESPGHAN) guidelines. The scenarios correctly test the key principles in managing non-responsive celiac disease: ruling out ongoing gluten exposure as the primary cause before considering refractory disease, and investigating common co-morbidities like lactose intolerance. The reasoning is consistent with a step-wise, evidence-based approach emphasized by major international guidelines.",diagnosis,"the primary diagnosis is refractory celiac disease, given her persistent symptoms and elevated serology despite a reported gluten-free diet.",A detailed dietary review with the specialist dietitian reveals frequent consumption of 'gluten-free' oats and sauces with undeclared wheat starch.,this hypothesis becomes,"+2, +1, 0, -1, -2",Inadvertent gluten ingestion is the most common cause of non-responsive celiac disease. Identifying a clear source of gluten makes a diagnosis of refractory celiac disease highly unlikely. (-2),-2.0
,,,,,,management,arranging an immediate repeat upper endoscopy with duodenal biopsies to reassess for persistent villous atrophy.,"She mentions her symptoms are significantly worse after consuming milk and cheese, a pattern she did not notice before starting the GFD.",this plan becomes,"+2, +1, 0, -1, -2",Secondary lactose intolerance is a frequent comorbidity in active celiac disease. This new information suggests a trial of a lactose-free diet is a more appropriate initial step than an invasive endoscopy. (-1),-1.0
,,,,,,followup,scheduling a DEXA scan in the next month to assess her bone mineral density as part of her ongoing care.,Her medical records confirm she had a normal DEXA scan at the time of her initial diagnosis 18 months ago.,this plan becomes,"+2, +1, 0, -1, -2","While baseline bone density assessment is crucial, a repeat DEXA scan is not indicated so soon after a normal result. The clinical priority is resolving her active gastrointestinal symptoms first. (-1)",-1.0
Celiac_Disease,british,"A 45-year-old woman, diagnosed with celiac disease two years ago based on positive IgA tTG antibodies and a duodenal biopsy showing Marsh 3b villous atrophy, returns to the gastroenterology clinic. She initially experienced significant improvement in her symptoms of bloating and diarrhea on a strict gluten-free diet (GFD). However, over the past six months, she has had a recurrence of daily loose stools, abdominal cramping, and profound fatigue, despite insisting she maintains strict dietary adherence. She has had several consultations with a specialist dietitian. A recent blood test confirms her IgA tTG level is now undetectable (<4 U/L), but her ferritin is low at 12 µg/L (normal 15-150 µg/L). Her total IgA level is normal. She is distressed by her persistent symptoms and worried about the long-term implications of her condition.","This item assesses reasoning in a patient with non-responsive celiac disease. The vignette presents a common dilemma where serology (negative tTG) suggests adherence, but symptoms persist. The questions explore key differential diagnoses, management priorities, and appropriate follow-up investigations.",european,"This is a well-constructed item assessing non-responsive celiac disease. The European guideline supports the intended reasoning for all questions. The primary cause of non-responsive CD is ongoing gluten exposure, making dietary re-evaluation (Q2) paramount before invasive procedures. Microscopic colitis is a key differential (Q1 is confirmatory). A recent normal DEXA scan makes an urgent repeat less appropriate (Q3). The clinical logic is consistent across European and British guidelines for this case.",diagnosis,a diagnosis of microscopic colitis as the cause for her ongoing symptoms.,"Colonoscopy is macroscopically normal, but random biopsies show a thickened subepithelial collagen band greater than 10 micrometers.",this hypothesis becomes,"+2, +1, 0, -1, -2","This is the pathognomonic histological finding for collagenous colitis, a form of microscopic colitis, confirming the diagnosis as the likely cause of her GFD-resistant symptoms. (+2)",2.0
,,,,,,management,proceeding directly to a repeat upper endoscopy with duodenal biopsies to investigate for refractory disease.,"A detailed dietary history reveals she started consuming certified 'gluten-free' oats daily about six months ago, coinciding with her symptom recurrence.",this action becomes,"+2, +1, 0, -1, -2","A subset of celiac patients react to avenin in oats. The most appropriate first step is an oat-exclusion trial, making an immediate invasive procedure less appropriate. (-1)",-1.0
,,,,,,followup,scheduling an urgent DEXA scan to reassess her bone mineral density.,"Her baseline DEXA scan, performed at her initial diagnosis two years ago, showed a normal bone mineral density with T-scores above -1.0.",this plan becomes,"+2, +1, 0, -1, -2","Given a normal baseline scan two years ago, an urgent repeat is unnecessary. Reassessment can be done routinely later, but it is not an immediate priority. (-1)",-1.0
Celiac_Disease,british,"A 28-year-old woman with a history of Hashimoto's thyroiditis presents with a two-year history of intermittent bloating, loose stools, and persistent fatigue. She has tried over-the-counter remedies for irritable bowel syndrome without relief. She reports no significant weight loss but struggles to maintain her energy levels. Her family history is unremarkable for gastrointestinal disease. Initial blood tests reveal a mild normocytic anemia (hemoglobin 11.2 g/dL) and a borderline low ferritin of 18 ng/mL (normal >15 ng/mL). Celiac serology is requested: IgA tissue transglutaminase (tTG) is 15 U/mL (upper limit of normal <10 U/mL), and total serum IgA is within the normal range. An upper endoscopy is performed, and duodenal biopsies are taken, which subsequently show Marsh 3a changes, including partial villous atrophy and increased intraepithelial lymphocytes. She is awaiting her gastroenterology follow-up appointment to discuss the results and next steps.","This item assesses the nuances of diagnosing celiac disease with borderline serology, recognizing indications for further management steps like bone density screening, and identifying complications such as hyposplenism during follow-up.",,,diagnosis,a definitive diagnosis of celiac disease.,Her stored serum sample is tested and is strongly positive for IgA endomysial antibody (EMA).,this hypothesis becomes,"+2, +1, 0, -1, -2","Positive EMA, in addition to a weakly positive tTG and confirmatory duodenal biopsy (Marsh 3a), solidifies the diagnosis of celiac disease. This combination is highly specific and effectively confirms the condition. (+2)",
,,,,,,management,initiating a strict lifelong gluten-free diet and referring her to a specialist dietitian.,She mentions a history of a low-trauma wrist fracture two years ago and a strong family history of osteoporosis.,this action becomes,"+2, +1, 0, -1, -2","This plan remains the essential cornerstone of management. The new information highlights a significant risk for osteoporosis, a known complication, making comprehensive management, starting with a GFD, even more appropriate and urgent. (+2)",
,,,,,,followup,scheduling a routine annual review to monitor symptoms and dietary adherence.,"On review of her blood film, there are Howell-Jolly bodies and target cells noted by the hematologist.",this plan becomes,"+2, +1, 0, -1, -2","The presence of Howell-Jolly bodies indicates functional hyposplenism. A routine review is no longer sufficient; the plan must be upgraded to include pneumococcal vaccination and education on infection risk, making the original plan less appropriate. (-1)",
Celiac_Disease,european,"A 38-year-old woman was diagnosed with celiac disease two years ago based on a high IgA tissue transglutaminase (tTG) titer and a duodenal biopsy showing Marsh 3b villous atrophy. She was referred to a dietitian and reports strict adherence to a gluten-free diet (GFD). Initially, her fatigue improved, but for the past nine months, she has experienced a recurrence of bloating, abdominal cramping, and 2-3 loose stools daily. She denies any intentional gluten exposure. Her follow-up labs show a tTG-IgA of 25 U/mL (ULN 15 U/mL), which has decreased from >250 U/mL at diagnosis but has not normalized. Her hemoglobin is 11.8 g/dL (normal 12-16) with a ferritin of 18 ng/mL (normal 20-200). She is frustrated with her persistent symptoms despite her efforts and is concerned about the long-term effectiveness of her diet.","This case focuses on the diagnostic and management challenges of non-responsive celiac disease. The scenarios explore key differential diagnoses, the limits of dietary intervention, and the recognition of 'red flag' symptoms requiring urgent escalation of care.",british,"This item is clinically sound and effectively assesses the management of non-responsive celiac disease. The reasoning aligns with the British guideline, which supports considering microscopic colitis and recognizes red flags for malignancy (e.g., lymphoma). The scenarios are realistic and test crucial clinical decision points. There are no significant conflicts between the British and European approaches for this case.",diagnosis,a diagnosis of co-existing microscopic colitis as the cause of her persistent diarrhea.,Colonoscopy with random biopsies shows a thickened subepithelial collagen band greater than 10 micrometers and increased intraepithelial lymphocytes.,this hypothesis becomes,"+2, +1, 0, -1, -2","This is the classic histopathological finding for collagenous colitis, a form of microscopic colitis, which can co-exist with celiac disease and explain persistent symptoms. (+2)",2.0
,,,,,,management,an immediate referral for intensive gluten-free diet re-education with a specialist dietitian.,"The patient provides a detailed seven-day food diary, which is meticulously reviewed by you and found to be impeccably gluten-free.",this plan becomes,"+2, +1, 0, -1, -2","If her diet is confirmed to be strictly gluten-free, further dietary re-education is unlikely to be helpful. The focus should shift to investigating other causes. (-1)",-1.0
,,,,,,followup,scheduling a follow-up visit in 6 months with repeat tTG-IgA serology.,"She reports a new 5 kg unintentional weight loss over the past two months, along with new-onset, drenching night sweats.",this plan becomes,"+2, +1, 0, -1, -2",These are 'red flag' symptoms concerning for a serious complication like enteropathy-associated T-cell lymphoma (EATL). A routine follow-up is dangerously inappropriate; urgent investigation is required. (-2),-2.0
Celiac_Disease,european,"A 28-year-old woman, diagnosed with celiac disease one year ago based on positive IgA-tTG antibodies (>10x ULN) and Marsh 3b duodenal histology, returns for follow-up. She reports strict adherence to a gluten-free diet (GFD) after consulting with a registered dietitian. Despite this, she continues to experience persistent fatigue, abdominal bloating, and intermittent diarrhea. She has lost 3 kg since her last visit six months ago. Today, her weight is 55 kg (BMI 19.5 kg/m²). Laboratory tests show a hemoglobin of 11.8 g/dL (normal 12-16), MCV 82 fL (normal 80-100), and ferritin of 12 ng/mL (normal 15-150). Her repeat IgA-tTG has decreased significantly but remains slightly elevated at 25 U/mL (normal <15 U/mL). She feels frustrated with her lack of improvement and questions the effectiveness of the diet. You are considering the next steps in her evaluation.","This item focuses on the evaluation of non-responsive celiac disease (NRCD). It tests the ability to consider common causes like inadvertent gluten exposure, exclude mimics, and plan appropriate follow-up when initial management fails.",american,"This item correctly assesses the stepwise evaluation of non-responsive celiac disease. The American guideline strongly emphasizes inadvertent gluten exposure as the primary cause, requiring a thorough dietary review before considering refractory disease. The logic is sound and aligns with standard US practice. No major differences between American and European approaches are evident in this specific clinical scenario; the item is valid from both perspectives.",diagnosis,inadvertent gluten ingestion as the primary cause of her persistent symptoms.,A detailed dietary review reveals frequent cross-contamination from shared kitchen appliances at her university housing.,this hypothesis becomes,"+2, +1, 0, -1, -2","Inadvertent gluten intake is the most common cause of non-responsive celiac disease. This finding strongly supports the initial hypothesis, making it the most likely diagnosis. (+2)",2.0
,,,,,,management,empirically starting a lactose-free diet in addition to her current GFD.,Hydrogen breath testing for lactose malabsorption comes back definitively negative.,this plan becomes,"+2, +1, 0, -1, -2","Secondary lactose intolerance is a common cause of persistent symptoms. However, a negative breath test rules it out, making this empirical dietary change inappropriate. (-2)",-2.0
,,,,,,followup,proceeding to a repeat upper endoscopy with duodenal biopsies to evaluate for refractory celiac disease.,She mentions she has not yet had a formal consultation with a dietitian since her initial diagnosis.,this plan becomes,"+2, +1, 0, -1, -2","Before invasive procedures for suspected refractory celiac disease, a thorough dietary assessment by a dietitian is essential. This new information makes immediate endoscopy less appropriate. (-1)",-1.0
Celiac_Disease,european,"A 28-year-old female was diagnosed with celiac disease two years ago based on a positive IgA anti-tissue transglutaminase (tTG) antibody test (>200 U/mL; ULN <10 U/mL) and duodenal biopsy showing Marsh 3b villous atrophy. She received counseling from a dietitian and initiated a strict gluten-free diet (GFD). For the first year, her symptoms of bloating and diarrhea resolved completely, and her tTG levels normalized. However, over the past six months, she has experienced a recurrence of intermittent abdominal cramping, fatigue, and persistent iron-deficiency anemia despite oral supplementation. She insists she is meticulously following her GFD, avoiding all sources of gluten and cross-contamination. Her current IgA-tTG level has risen to 45 U/mL. She is frustrated and concerned about the lack of response, fearing a more serious complication.","This item assesses the evaluation of non-responsive celiac disease. The key is to first rigorously exclude ongoing gluten exposure, the most frequent cause, before considering rarer and more complex diagnoses like refractory disease.",british,The item aligns perfectly with British Society of Gastroenterology guidelines. The core principle—that inadvertent gluten ingestion is the most common cause of non-responsive celiac disease—is central to UK practice. The questions correctly test the clinical pathway of confirming gluten exposure before escalating to investigations or treatments for refractory disease. The logic is sound and reflects standard care.,diagnosis,a diagnosis of refractory celiac disease.,"A detailed dietary review with a specialized dietitian reveals frequent, unintentional gluten exposure from processed foods and restaurant meals.",this hypothesis becomes,"+2, +1, 0, -1, -2",The most common cause of non-responsive celiac disease is ongoing gluten intake. Identifying this makes a rare diagnosis like refractory disease much less likely. (-2),-2.0
,,,,,,management,initiating immunosuppressive therapy such as budesonide.,"Her anti-endomysial antibody (EMA) test, which was previously negative on the diet, is now strongly positive on a repeat sample.",this action becomes,"+2, +1, 0, -1, -2","A strongly positive EMA confirms ongoing gluten exposure is the cause of her symptoms and serology, not refractory disease. Immunosuppression is contraindicated. (-2)",-2.0
,,,,,,followup,scheduling a repeat endoscopy in one year to reassess histology.,"After intensive re-education with a dietitian, her symptoms resolve and her tTG levels normalize within six months.",this plan becomes,"+2, +1, 0, -1, -2","With complete clinical and serological remission following dietary correction, an invasive follow-up endoscopy becomes less necessary and can be deferred. Routine monitoring is sufficient. (-1)",-1.0
Celiac_Disease,european,"A 24-year-old male was diagnosed with celiac disease three years ago based on highly elevated IgA anti-tissue transglutaminase (tTG) antibodies (>10x ULN), positive endomysial antibodies (EMA), and duodenal biopsies showing Marsh 3b villous atrophy. He reported complete resolution of his initial symptoms (diarrhea, fatigue) after starting a strict gluten-free diet (GFD) under the guidance of a dietitian. For the past six months, however, he has experienced a return of intermittent bloating, abdominal cramps, and two episodes of non-bloody diarrhea per week. He insists he is meticulously following his GFD. His follow-up serology shows a persistently elevated tTG-IgA at 45 U/mL (normal <10 U/mL), although lower than his initial level of 180 U/mL. His total IgA is normal. Physical examination is unremarkable, and his weight has been stable. He is concerned that the diet is no longer working.","This case focuses on the approach to non-responsive celiac disease, where the primary consideration is inadvertent gluten ingestion before investigating rarer causes like refractory disease or co-existing conditions.",british,"The item aligns well with the British Society of Gastroenterology (BSG) guideline. The scenarios correctly prioritize the investigation of inadvertent gluten ingestion, the most common cause of non-responsive celiac disease, before proceeding to rarer diagnoses like refractory disease or invasive investigations. The reasoning is clinically sound and consistent across major international guidelines.",diagnosis,refractory celiac disease (Type I or II) as the cause for his persistent symptoms.,a detailed dietary history reveals he frequently eats 'gluten-free' oats from a bulk bin at a local market.,this hypothesis becomes,"+2, +1, 0, -1, -2",Inadvertent gluten exposure is the most common cause of persistent symptoms. This finding makes a simple dietary breach far more likely than the rare diagnosis of refractory celiac disease. (-2),-2.0
,,,,,,management,initiating empiric treatment for small intestinal bacterial overgrowth (SIBO) with rifaximin.,he reports significant improvement in his bloating and cramps when he avoids lactose-containing dairy products.,this action becomes,"+2, +1, 0, -1, -2","This suggests secondary lactose intolerance, a common finding in celiac disease. Addressing this is a more logical next step than empiric antibiotic treatment for SIBO. (-1)",-1.0
,,,,,,followup,scheduling a follow-up endoscopy with repeat duodenal biopsies within the next month.,the patient agrees to a strict dietary review and will eliminate all potential sources of cross-contamination.,this plan becomes,"+2, +1, 0, -1, -2",The first step is always to re-evaluate and optimize the GFD. An invasive endoscopy is less appropriate until the effect of this intervention is assessed clinically and serologically. (-1),-1.0
Celiac_Disease,european,"A 38-year-old woman was diagnosed with celiac disease 18 months ago. The diagnosis was established with a significantly elevated IgA anti-tissue transglutaminase (tTG) antibody level (>10x ULN) and a duodenal biopsy showing Marsh 3b changes. She consulted an expert dietitian and reports strict adherence to a gluten-free diet (GFD). However, at her annual follow-up, she complains of persistent symptoms, including intermittent diarrhea, bloating, and debilitating fatigue, which significantly impact her quality of life. Repeat serology shows her IgA-tTG has decreased from its initial value but remains elevated at 45 U/mL (ULN <10 U/mL). Laboratory tests also reveal persistent iron-deficiency anemia with a hemoglobin of 10.5 g/dL and a ferritin of 12 ng/mL. She is frustrated with her lack of improvement and is concerned about long-term complications.","This case focuses on non-responsive celiac disease, a common clinical challenge. The questions explore the differential diagnosis, appropriate management steps beyond dietary review, and long-term follow-up strategies for persistent symptoms and serology.",american,"This item is clinically sound and aligns perfectly with American College of Gastroenterology (ACG) guidelines for non-responsive celiac disease. The core principle tested—that ongoing gluten exposure is the most common cause, and other conditions like SIBO must be ruled out before considering refractory disease—is fundamental. The clinical reasoning is robust and consistent between American and European guidelines for this common scenario.",diagnosis,a diagnosis of refractory celiac disease.,a detailed dietary review with a specialist dietitian reveals frequent cross-contamination from shared cooking surfaces at home.,this hypothesis becomes,"+2, +1, 0, -1, -2",The most common cause of non-responsive celiac disease is ongoing gluten exposure. Identifying a clear source of inadvertent gluten intake makes the rare diagnosis of refractory disease much less likely. (-2),-2.0
,,,,,,management,initiating an empirical trial of oral budesonide to manage persistent symptoms.,a hydrogen breath test is positive for small intestinal bacterial overgrowth (SIBO).,this action becomes,"+2, +1, 0, -1, -2","SIBO is a known cause of persistent symptoms in celiac disease, even on a strict GFD. The appropriate action is to treat the SIBO with antibiotics, making empirical steroids for presumed refractory disease inappropriate. (-2)",-2.0
,,,,,,followup,proceeding with a repeat upper endoscopy and duodenal biopsies to assess for histologic response.,the patient also mentions she has developed lactose intolerance symptoms after consuming dairy products.,this plan becomes,"+2, +1, 0, -1, -2","Secondary lactose intolerance is common in active celiac disease due to brush border enzyme deficiency. This finding does not diminish the need for repeat biopsy to assess for villous atrophy, which remains essential for evaluating non-responsive disease. (0)",0.0
Celiac_Disease,european,"A 28-year-old woman with a 10-year history of well-controlled type 1 diabetes presents with six months of progressive fatigue, intermittent abdominal bloating, and an unintentional 5 kg weight loss. Her mother has Hashimoto's thyroiditis. Initial laboratory workup by her primary care physician revealed a microcytic anemia with hemoglobin of 10.8 g/dL. Celiac serology showed a highly elevated IgA anti-tissue transglutaminase (tTG) antibody level of 250 U/mL (upper limit of normal <10 U/mL), with a normal total serum IgA. Based on these results, she was advised to start a strict gluten-free diet (GFD) one month prior to her gastroenterology consultation. She reports some reduction in bloating but continues to experience significant fatigue. She is now seeking specialist advice regarding the diagnosis and long-term management.","This case explores the nuances of managing a patient with highly suggestive celiac disease who has already initiated a GFD. It challenges the clinician to consider diagnostic confirmation, evaluate non-responsive symptoms beyond dietary adherence, and plan comprehensive follow-up for complications.",british,"This is a strong clinical item. The British (BSG) guideline differs from the European by strictly requiring duodenal biopsy for diagnosis in adults. However, the serological evidence in Q1 makes the diagnosis virtually certain (+2). For Q2 and Q3, the findings of severe iron deficiency and significant low bone density make the initial narrow hypotheses highly inappropriate (-2), as these require specific management beyond the initial plan, which aligns with BSG recommendations.",diagnosis,confirming celiac disease without performing an initial duodenal biopsy.,"a positive Endomysial antibody (EMA) test is reported from a second, separate blood sample.",this hypothesis becomes,"+2, +1, 0, -1, -2","With tTG >10x ULN and a positive EMA on a second sample, the diagnosis is virtually certain, aligning with pediatric no-biopsy criteria and strongly supporting the diagnosis in adults. (+2)",2.0
,,,,,,management,attributing her persistent fatigue solely to incomplete dietary adherence.,further blood tests reveal a low serum ferritin of 10 ng/mL and a normal TSH level.,this plan becomes,"+2, +1, 0, -1, -2","While poor adherence is common, the profound iron deficiency offers a direct, treatable explanation for her persistent fatigue. Focusing only on diet would be an incomplete management plan. (-1)",-2.0
,,,,,,followup,planning for routine annual follow-up with serology testing only.,"a baseline DXA scan, performed due to her low weight, shows a Z-score of -2.2 at the lumbar spine.",this plan becomes,"+2, +1, 0, -1, -2","The new diagnosis of significant osteopenia requires a more comprehensive follow-up plan that includes monitoring bone density and managing bone health, making serology-only follow-up less appropriate. (-1)",-2.0
Celiac_Disease,european,"A 38-year-old woman is referred for evaluation of chronic fatigue and iron deficiency anemia. She reports intermittent abdominal bloating and loose stools for the past two years, which she attributed to stress. Her past medical history is significant for autoimmune thyroiditis, well-controlled on levothyroxine. She has no other comorbidities. Initial laboratory workup reveals a hemoglobin of 10.2 g/dL and ferritin of 9 ng/mL. Celiac serology was performed, showing an IgA anti-tissue transglutaminase (tTG) level of 165 U/mL (ULN <20 U/mL), approximately 8 times the upper limit of normal. Her total serum IgA is within the normal range. An upper endoscopy was subsequently performed, and duodenal biopsies confirmed Marsh 3a changes, characterized by villous atrophy, crypt hyperplasia, and increased intraepithelial lymphocytes. The patient is anxious about the implications of these findings.","This case presents a classic diagnosis of adult celiac disease. The scenarios test understanding of diagnostic confirmation, the approach to non-responsive symptoms, and the management of complications like osteoporosis, reflecting key aspects of the European guidelines.",british,"The item is clinically valid and aligns well with the British Society of Gastroenterology (BSG) guidelines. The scenarios test core principles: confirming diagnosis on a gluten-containing diet, investigating non-responsive symptoms, and managing complications like osteoporosis. The BSG and European guidelines are concordant on these points, so my assessment mirrors the author's intent. The clinical reasoning is sound and relevant.",diagnosis,a definitive diagnosis of celiac disease.,Patient reports consuming a high-gluten diet consistently for the past year leading up to the tests.,this hypothesis becomes,"+2, +1, 0, -1, -2","The combination of positive serology (tTG >2x ULN), confirmatory histology (Marsh 3a), and a known gluten-containing diet makes the diagnosis of celiac disease certain. (+2)",2.0
,,,,,,management,initiating a strict gluten-free diet with referral to an expert dietitian.,"The patient reveals she has already been on a self-prescribed, strict gluten-free diet for 12 months with no symptom improvement.",this plan becomes,"+2, +1, 0, -1, -2","If the patient is already on a strict GFD without response, simply re-advising this is insufficient. The focus must shift to investigating non-responsive celiac disease. (-2)",-2.0
,,,,,,followup,planning for annual follow-up with serology and clinical assessment.,"A baseline bone densitometry (DXA) scan reveals a T-score of -2.8 at the lumbar spine, consistent with osteoporosis.",this plan becomes,"+2, +1, 0, -1, -2","The diagnosis of osteoporosis, a significant complication, requires more than just standard follow-up. Management of bone health becomes a primary goal. (-1)",-1.0
Celiac_Disease,european,"A 28-year-old woman presents with a six-month history of chronic, non-bloody diarrhea, abdominal bloating, and an unintentional 5 kg weight loss. She has no significant past medical history, but her mother has Crohn's disease. On examination, she appears fatigued but her abdomen is soft and non-tender. Initial laboratory tests reveal a microcytic anemia with hemoglobin of 10.8 g/dL and a low ferritin level. Her serological workup for celiac disease shows a very high IgA anti-tissue transglutaminase (tTG) level of 250 U/mL (upper limit of normal <20 U/mL). Her total serum IgA is slightly elevated at 450 mg/dL (normal range 70-400 mg/dL). She is anxious about the potential diagnosis and its implications for her lifestyle. The initial plan is to discuss the findings and next steps with her.","This item assesses the nuances of diagnosing and managing celiac disease in an adult with strongly positive serology, but with confounding factors that require strict adherence to guideline-based pathways for diagnosis and follow-up.",,,diagnosis,"a definitive diagnosis of celiac disease based on serology alone, forgoing biopsy.",The patient reports significant symptomatic improvement after two weeks on a self-initiated gluten-free diet.,this hypothesis becomes,"+2, +1, 0, -1, -2","While improvement on a GFD supports celiac disease, guidelines for adults recommend biopsy confirmation before committing to a lifelong diet. Making a diagnosis on serology alone becomes less appropriate. (-1)",
,,,,,,management,recommending immediate referral for an upper endoscopy with duodenal biopsies to confirm the diagnosis.,"Her previous medical records, just received, document a known history of selective IgA deficiency.",this action becomes,"+2, +1, 0, -1, -2",The initial high IgA-tTG result would be a false positive in the context of IgA deficiency. Proceeding to an invasive biopsy based on invalid serology is contraindicated. IgG-based serology is required first. (-2),
,,,,,,followup,scheduling a routine annual follow-up including repeat serology and a dietetic review.,"After one year on a strict GFD, her tTG remains markedly elevated and she reports persistent fatigue and bloating.",this plan becomes,"+2, +1, 0, -1, -2",Persistent symptoms and elevated serology despite a reported strict GFD suggest non-responsive celiac disease. Routine follow-up is insufficient; further investigation for inadvertent gluten exposure or alternative diagnoses is now required. (-1),
Celiac_Disease,european,"A 45-year-old woman, diagnosed with biopsy-confirmed celiac disease five years ago, returns to your clinic for evaluation of persistent symptoms. For the past year, she has experienced increasing fatigue, abdominal bloating, and intermittent non-bloody diarrhea, despite reporting strict adherence to a gluten-free diet (GFD). She has lost 4 kg in the last six months. A registered dietitian reviewed her diet initially, and she has not had a follow-up consultation since. Her current medications include levothyroxine for autoimmune thyroiditis. Initial laboratory results show a hemoglobin of 11.8 g/dL (normal 12-16 g/dL) with a normal MCV. Her tissue transglutaminase (tTG)-IgA level is 7 U/mL (normal <15 U/mL), and her total serum IgA is within the normal range. You are considering the next steps in her evaluation and management, as her quality of life is significantly impacted.","This case explores the differential diagnosis and management of non-responsive celiac disease, a common clinical challenge. It emphasizes the need to re-evaluate diet, consider refractory disease, and correctly interpret serological tests based on underlying conditions like IgA deficiency.",british,"The item is clinically sound and assesses key aspects of managing non-responsive celiac disease. The British Society of Gastroenterology guideline aligns closely with the European approach on these points. It correctly emphasizes that inadvertent gluten ingestion is the most common cause of persistent symptoms, a cornerstone of management. The questions on refractory disease and serology in IgA deficiency are also consistent with UK practice. No major discrepancies noted between the guidelines for this scenario.",diagnosis,a diagnosis of refractory celiac disease type I.,A repeat duodenal biopsy shows persistent Marsh 3c villous atrophy with a normal intraepithelial lymphocyte count and phenotype.,this hypothesis becomes,"+2, +1, 0, -1, -2","This histologic finding, combined with persistent symptoms despite a reported GFD, is the classic definition for refractory celiac disease type I. (+2)",2.0
,,,,,,management,initiating oral budesonide therapy to manage her persistent symptoms.,"A detailed dietary review with an expert dietitian reveals frequent, unintentional cross-contamination from shared cooking surfaces and condiments at home.",this plan becomes,"+2, +1, 0, -1, -2",The most common cause of non-responsive CD is gluten exposure. Identifying this makes pharmacological intervention inappropriate until strict GFD is achieved. (-2),-2.0
,,,,,,followup,planning for annual serological monitoring with tTG-IgA alone.,"A review of her initial diagnostic records confirms she has a selective IgA deficiency, which was overlooked in current labs.",this plan becomes,"+2, +1, 0, -1, -2","In selective IgA deficiency, IgA-based serology is unreliable and will always be negative. Follow-up requires IgG-based tests, making this plan inappropriate. (-2)",-2.0
Celiac_Disease,european,"A 38-year-old woman presents to your gastroenterology clinic with a six-month history of persistent fatigue, intermittent abdominal bloating, and mild cramping. She has a personal history of Hashimoto's thyroiditis, well-controlled on levothyroxine, and a family history of type 1 diabetes in her brother. She has no overt diarrhea but notes her stools are often loose. Initial laboratory investigations were prompted by her primary care physician due to her fatigue, revealing a microcytic anemia with hemoglobin of 10.8 g/dL and ferritin of 12 ng/mL. Celiac serology was performed, showing a markedly elevated IgA anti-tissue transglutaminase (tTG) level of 185 U/mL (upper limit of normal <20 U/mL), which is approximately 9 times the upper limit. Her total serum IgA level is within the normal range. She is anxious about the potential diagnosis and is scheduled for an upper endoscopy with duodenal biopsies to confirm the findings.","This item assesses clinical reasoning in an adult with highly positive celiac serology but without the extreme tTG levels that would permit a no-biopsy diagnosis in children. It explores the nuances of discordant biopsy results, the weight of clinical response, and the need for comprehensive follow-up.",american,"This is an excellent and clinically relevant SCT item. The scenarios test key decision points in celiac disease management, such as discordant biopsy results and the management of complications. The American College of Gastroenterology (ACG) guideline perspective aligns well with the author's intended reasoning, leading to the same scoring. There are no major differences in approach between the American and European guidelines for these specific clinical questions in an adult patient.",diagnosis,a definitive diagnosis of celiac disease requiring a lifelong gluten-free diet.,Duodenal biopsies show only Marsh 1 changes (increased intraepithelial lymphocytes) with normal villous architecture.,this hypothesis becomes,"+2, +1, 0, -1, -2","A Marsh 1 finding is non-specific and, despite high tTG, does not confirm active celiac disease. The diagnosis becomes less certain, possibly representing potential celiac disease. (-1)",-1.0
,,,,,,management,initiating a strict gluten-free diet and arranging for a dietitian consultation.,The patient reveals she has already started a strict gluten-free diet on her own and her bloating and fatigue have completely resolved.,this plan becomes,"+2, +1, 0, -1, -2",A dramatic clinical response to a GFD in the setting of high positive serology strongly supports the diagnosis and makes formalizing this management plan essential. (+2),2.0
,,,,,,followup,planning for annual follow-up that consists of clinical review and serology testing only.,"Baseline bone densitometry, performed due to her risk factors, reveals osteopenia with a T-score of -1.8 at the femoral neck.",this plan becomes,"+2, +1, 0, -1, -2","The presence of osteopenia, a known complication, means follow-up must be more comprehensive. Monitoring bone health and nutritional markers is now required, making a 'serology only' plan less appropriate. (-1)",-1.0
Celiac_Disease,european,"A 28-year-old woman, diagnosed with celiac disease via positive serology (tTG-IgA >200 U/mL) and Marsh 3b duodenal biopsy three years ago, returns to your clinic. She initially experienced complete symptom resolution and normalization of serology on a strict gluten-free diet (GFD). However, over the past year, she has developed persistent diarrhea, abdominal bloating, and an unintentional 5 kg weight loss. She adamantly denies any intentional or accidental gluten exposure and has consulted a dietitian multiple times to ensure her diet is secure. Current laboratory tests show a hemoglobin of 10.8 g/dL (normal 12-16), low ferritin at 12 ng/mL (normal 15-150), and a tTG-IgA of 45 U/mL (ULN < 15 U/mL). Her total IgA level is normal. She is distressed by her returning symptoms despite her best efforts.","This item focuses on the evaluation of non-responsive celiac disease (NRCD). It tests the ability to prioritize the most common cause (gluten exposure) before proceeding to investigate rarer etiologies, and emphasizes comprehensive long-term follow-up.",american,"The item aligns perfectly with the American College of Gastroenterology (ACG) guidelines. The ACG emphasizes that inadvertent gluten exposure is the most common cause of non-responsive celiac disease, making dietary review critical before invasive testing. The guideline also stresses monitoring for nutritional deficiencies, not just serology, in follow-up. The clinical reasoning is sound and reflects standard practice. No significant divergence from the European approach is noted for this specific case.",diagnosis,non-responsive celiac disease due to inadvertent gluten exposure.,A detailed dietary review with a specialist dietitian reveals multiple potential sources of cross-contamination in her home and at restaurants.,this hypothesis becomes,"+2, +1, 0, -1, -2",The most common cause of non-responsive celiac disease is ongoing gluten exposure. A thorough dietary review confirming this makes the hypothesis highly likely. (+2),2.0
,,,,,,management,proceeding directly to video capsule endoscopy to investigate for refractory celiac disease or small bowel lymphoma.,"Her symptoms completely resolve, and her tTG-IgA normalizes after three months of intensive dietary counseling and reinforcement.",this plan becomes,"+2, +1, 0, -1, -2",Resolution of symptoms and serology with dietary reinforcement confirms poor adherence was the cause. Invasive investigation for rare refractory disease is now unnecessary and inappropriate. (-2),-2.0
,,,,,,followup,"relying solely on annual tTG-IgA serology for long-term monitoring, without regular clinical or nutritional assessment.","She develops new-onset fatigue and paresthesias a year later, despite her tTG-IgA remaining within the normal range.",this plan becomes,"+2, +1, 0, -1, -2","Celiac follow-up requires a holistic approach, including monitoring for nutritional deficiencies. New neurologic symptoms suggest a complication (e.g., B12 deficiency) not captured by serology alone. (-1)",-1.0
Celiac_Disease,european,"A 28-year-old woman, diagnosed with celiac disease three years ago, returns for her annual follow-up. Her initial diagnosis was confirmed with an IgA anti-tissue transglutaminase (tTG) level >250 U/mL (normal <10 U/mL) and a duodenal biopsy showing Marsh 3b villous atrophy. She was counselled by an expert dietitian and reports strict adherence to a gluten-free diet (GFD). Despite this, she continues to experience intermittent abdominal bloating, loose stools, and persistent fatigue that impacts her work. Her weight has remained stable but low, with a BMI of 18.2 kg/m². Repeat laboratory tests are concerning: her IgA-tTG remains significantly elevated at 95 U/mL. Additionally, a complete blood count reveals a new microcytic anemia with a hemoglobin of 10.8 g/dL and a ferritin of 12 ng/mL. She is frustrated with her lack of improvement and concerned about long-term complications.","This item assesses the clinical reasoning required for a patient with non-responsive celiac disease. It tests the ability to prioritize common causes (dietary issues, comorbidities) over rare ones and to adjust follow-up based on newly identified complications.",american,"This is a strong item assessing non-responsive celiac disease. The clinical reasoning aligns well with American guidelines, which also prioritize investigating ongoing gluten exposure and common mimics (like lactose intolerance) before considering refractory disease. The discovery of osteoporosis rightly invalidates a routine follow-up plan, necessitating more intensive management of bone health. The author's provided score for the third question (+2) seems to misinterpret the scale; the new data makes the plan much less appropriate (-2).",diagnosis,inadvertent gluten ingestion is the primary cause of her persistent symptoms and serology.,"A detailed dietary review reveals no obvious gluten sources, but a hydrogen breath test for lactose intolerance is strongly positive.",this hypothesis becomes,"+2, +1, 0, -1, -2","While gluten exposure is still possible, a new diagnosis of lactose intolerance provides a strong alternative explanation for her GI symptoms. This makes gluten exposure a less certain cause. (-1)",-1.0
,,,,,,management,proceeding directly to repeat endoscopy with biopsies to investigate for refractory celiac disease.,She mentions that for the past six months she has been consuming 'gluten-free' oat products from a brand not certified gluten-free.,this plan becomes,"+2, +1, 0, -1, -2",Consumption of non-certified GF oats is a major potential source of gluten contamination. This obvious dietary issue must be addressed before investigating rare causes like refractory disease. (-2),-2.0
,,,,,,followup,scheduling a routine annual follow-up with repeat serology in 12 months.,Review of her bloodwork also reveals a low vitamin D level and a dual-energy X-ray absorptiometry (DXA) scan showing a T-score of -2.6.,this plan becomes,"+2, +1, 0, -1, -2","The new diagnosis of osteoporosis, a significant complication of malabsorption, requires more aggressive follow-up than routine annual monitoring. Management of bone health is now a priority. (+2)",-2.0
Celiac_Disease,european,"A 42-year-old woman is referred for evaluation of persistent iron-deficiency anemia. She reports several years of intermittent bloating, abdominal discomfort, and profound fatigue that she had previously attributed to her busy work schedule. Her past medical history is significant for well-controlled hypothyroidism. Her mother has autoimmune thyroiditis. She follows no specific diet. Initial laboratory workup reveals a hemoglobin of 10.8 g/dL (normal 12-16), MCV of 76 fL (normal 80-100), and a ferritin of 12 ng/mL (normal 15-150). Her celiac serology was ordered, showing a markedly elevated IgA anti-tissue transglutaminase (tTG-IgA) of 250 U/mL (normal <15 U/mL), which is over 16 times the upper limit of normal. Her total IgA level is 220 mg/dL (normal 70-400). She is anxious about the potential diagnosis and is keen to understand the next steps and long-term implications.","This case tests the application of pediatric no-biopsy criteria to an adult patient with very high celiac serology, the importance of maintaining a gluten diet pending biopsy, and the management of non-responsive disease.",american,"This is a strong SCT item. The management and follow-up questions align well with universal principles. The diagnosis question highlights a key difference between guidelines. I selected +1 (instead of the author's +2) because while the diagnosis is virtually certain, American guidelines are more conservative than European guidelines about forgoing a biopsy in adults, making the 'no-biopsy' part of the hypothesis strongly supported but not yet the standard of care for most.",diagnosis,"a definitive diagnosis of celiac disease based on serology alone, avoiding biopsy",a subsequent endomysial antibody (EMA) test from a second blood sample comes back positive,this hypothesis becomes,"+2, +1, 0, -1, -2","The ESPGHAN guidelines support a no-biopsy diagnosis in children with tTG >10x ULN and positive EMA. While controversial in adults, this combination makes the diagnosis virtually certain. (+2)",1.0
,,,,,,management,advising the patient to immediately start a strict gluten-free diet (GFD),the patient is scheduled for an upper endoscopy with duodenal biopsies in two weeks,this action becomes,"+2, +1, 0, -1, -2","Starting a GFD before confirmatory biopsy can lead to false-negative histological findings, complicating the diagnosis. A gluten-containing diet must be maintained until all diagnostic tests are complete. (-2)",-2.0
,,,,,,followup,planning annual follow-up with serology testing and a nutritional review,"one year after starting her GFD, she reports intermittent symptoms and her tTG-IgA remains moderately elevated",this plan becomes,"+2, +1, 0, -1, -2",Persistent symptoms and elevated serology define non-responsive celiac disease. Routine follow-up is inadequate; this requires further investigation for causes like poor GFD adherence or other enteropathies. (-2),-2.0
Celiac_Disease,european,"A 14-year-old boy is referred for evaluation of poor growth and intermittent abdominal cramping over the past two years. He has fallen from the 50th to the 10th percentile for height. His parents note he has always been a picky eater and seems fatigued compared to his peers. There is a maternal aunt with type 1 diabetes, but no known family history of celiac disease. On examination, he is thin with a BMI at the 5th percentile. His abdomen is soft with mild, diffuse tenderness. Initial laboratory tests show a microcytic anemia (hemoglobin 11.2 g/dL) and a highly elevated IgA anti-tissue transglutaminase (tTG) antibody level, reported as '>100 U/mL' (laboratory upper limit of normal [ULN] <15 U/mL). His total serum IgA is within the normal range. The family is anxious about the potential for an endoscopic procedure and asks about alternative diagnostic approaches.","This case focuses on the modern diagnosis and management of celiac disease in a pediatric patient, particularly the application of ESPGHAN's no-biopsy pathway and the principles of long-term follow-up beyond serology.",american,"The item is clinically sound. From an American (ACG) guideline perspective, the no-biopsy pathway is not fully confirmed without HLA-DQ2/DQ8 testing, making the hypothesis only 'more likely' (+1), a key difference from the European (ESPGHAN) approach. The management and follow-up scenarios align well with ACG recommendations, correctly identifying the need for GFD post-biopsy (+2) and the inadequacy of routine follow-up in the face of persistent anemia (-2), which requires further investigation.",diagnosis,a diagnosis of celiac disease using the no-biopsy pathway.,A repeat tTG-IgA level is 175 U/mL and a subsequent endomysial antibody (EMA) test from a second blood sample is positive.,this hypothesis becomes,"+2, +1, 0, -1, -2","The tTG-IgA is >10x the ULN and the EMA is positive on a separate sample. Per ESPGHAN guidelines for symptomatic children, this confirms the diagnosis without needing a biopsy. (+2)",1.0
,,,,,,management,referring the patient to a dietitian to initiate a strict gluten-free diet.,"An EGD with duodenal biopsy shows Marsh 3c villous atrophy, but the patient's parents report he is now completely asymptomatic.",this plan becomes,"+2, +1, 0, -1, -2","Histologic confirmation of celiac disease mandates a lifelong gluten-free diet, regardless of current symptoms, to ensure proper growth and prevent long-term complications. Dietitian referral is essential. (+2)",2.0
,,,,,,followup,planning annual follow-up with serology testing and clinical assessment only.,"After one year on a gluten-free diet, his tTG-IgA has normalized but his hemoglobin remains low at 11.5 g/dL.",this plan becomes,"+2, +1, 0, -1, -2","Persistent anemia despite serological response suggests an ongoing issue, such as poor dietary iron intake, malabsorption, or continued inflammation. This plan is less appropriate as it requires further nutritional workup. (-1)",-2.0
Celiac_Disease,european,"A 34-year-old woman, diagnosed with celiac disease three years ago via positive IgA anti-tissue transglutaminase (tTG) antibodies and Marsh 3b duodenal histology, returns for follow-up. Despite her efforts to adhere to a strict gluten-free diet (GFD), she reports persistent bloating, intermittent diarrhea, and significant fatigue for the past six months. She saw a dietitian at diagnosis but has not had a follow-up consultation. Her weight has been stable. Initial GFD adherence led to symptom resolution, but they have now returned. Current laboratory tests show a hemoglobin of 11.8 g/dL (normal 12-16 g/dL), MCV of 85 fL, and a ferritin of 30 ng/mL (normal 15-150 ng/mL). Her IgA tTG level is now 25 U/mL (ULN <15 U/mL), which is down from >200 U/mL at diagnosis but has risen from 10 U/mL last year. She is frustrated and concerned about her lack of progress.","This item assesses the clinical approach to non-responsive celiac disease. The scenarios focus on prioritizing the investigation of dietary adherence, the most frequent cause of persistent symptoms, before pursuing more complex diagnoses like refractory disease.",,,diagnosis,inadvertent gluten exposure is the primary cause of her persistent symptoms and rising tTG levels.,A detailed dietary history reveals she frequently eats oat-based products not certified as gluten-free and occasionally dines at restaurants without inquiring about cross-contamination.,this hypothesis becomes,"+2, +1, 0, -1, -2","Inadvertent gluten intake is the most common cause of non-responsive celiac disease. This dietary history provides a clear source of ongoing exposure, making the hypothesis highly probable. (+2)",
,,,,,,management,proceeding directly to repeat upper endoscopy with biopsies to evaluate for refractory celiac disease.,"The patient admits to having 'cheat days' with gluten-containing foods at least twice a month, believing small amounts are harmless.",this plan becomes,"+2, +1, 0, -1, -2","Refractory celiac disease is a diagnosis of exclusion after confirming strict GFD adherence. With known, intentional gluten intake, invasive testing is inappropriate until adherence is re-established. (-2)",
,,,,,,followup,referring her to an expert dietitian for adherence counseling and cross-contamination education.,She mentions that her first-degree relative was recently diagnosed with microscopic colitis and she is worried she may have the same condition.,this plan becomes,"+2, +1, 0, -1, -2","While another diagnosis is possible, her rising serology and uncertain adherence make dietetic referral the essential first step. This remains the most appropriate action, regardless of other concerns. (+2)",
Celiac_Disease,european,"A 42-year-old woman returns for her annual follow-up 18 months after being diagnosed with celiac disease. Her initial diagnosis was confirmed with a tissue transglutaminase (tTG)-IgA level >150 U/mL (ULN <15 U/mL) and duodenal biopsies showing Marsh 3b villous atrophy. She has been working closely with a dietitian and reports strict adherence to a gluten-free diet (GFD). Despite this, she continues to experience significant fatigue, intermittent abdominal bloating, and has had an unintentional 2 kg weight loss over the past six months. Her follow-up tTG-IgA level has decreased but remains elevated at 25 U/mL. Repeat bloodwork reveals a new normocytic anemia with a hemoglobin of 11.2 g/dL (normal 12-16 g/dL), and her ferritin is 45 ng/mL (normal 15-150 ng/mL). She is increasingly frustrated with her lack of improvement and is concerned about long-term complications.","This item assesses clinical reasoning for non-responsive celiac disease. It challenges the user to consider the differential diagnosis beyond simple non-adherence and to select appropriate diagnostic and follow-up strategies when initial management fails, aligning with ESPGHAN guidelines.",,,diagnosis,The underlying issue is inadvertent gluten exposure despite her reported adherence.,A detailed dietary review with a specialist dietitian reveals no obvious sources of gluten cross-contamination in her home or usual restaurants.,this hypothesis becomes,"+2, +1, 0, -1, -2","Inadvertent gluten intake is the most common cause of non-responsive celiac disease. However, a negative expert dietary review makes this specific cause less probable, prompting consideration of other etiologies. (-1)",
,,,,,,management,Proceeding directly to a repeat upper endoscopy with duodenal biopsies.,"The patient mentions she has also developed significant watery diarrhea and urgency, which were not features of her initial presentation.",this action becomes,"+2, +1, 0, -1, -2",The new symptoms of watery diarrhea raise suspicion for co-existing microscopic colitis. An endoscopy with biopsies is essential to evaluate for both persistent villous atrophy and this new possibility. (+2),
,,,,,,followup,Planning to primarily monitor her tTG-IgA levels every 6 months to assess for dietary adherence.,Repeat endoscopy shows persistent Marsh 3b villous atrophy despite 18 months on a gluten-free diet.,this plan becomes,"+2, +1, 0, -1, -2","Persistent villous atrophy confirms non-responsive or refractory celiac disease. Relying solely on serology is now inappropriate, as a more extensive workup for complex causes is required. (-2)",
Celiac_Disease,european,"A 34-year-old woman with a 10-year history of well-controlled type 1 diabetes presents with six months of progressive fatigue, intermittent abdominal bloating, and mild diarrhea. She has no significant family history of gastrointestinal disease. Initial laboratory investigations reveal microcytic anemia with a hemoglobin of 10.8 g/dL (normal 12-16 g/dL) and a ferritin of 12 ng/mL (normal 15-150 ng/mL). Her total serum IgA level is normal. Serological testing for celiac disease shows an elevated anti-tissue transglutaminase (tTG) IgA level of 180 U/mL (upper limit of normal <20 U/mL). An esophagogastroduodenoscopy reveals scalloping of the duodenal folds. Duodenal biopsies are taken, and the pathology report confirms Marsh 3b classification, showing subtotal villous atrophy and crypt hyperplasia. The patient is counseled on the findings and their implications for her health.","This case presents a classic diagnosis of celiac disease in a high-risk individual (type 1 diabetes) and explores the common clinical challenge of initial non-response to a gluten-free diet, emphasizing the central role of a dietitian.",american,"The item is clinically sound and aligns well with the American College of Gastroenterology guidelines. The diagnosis is confirmed by serology and biopsy, as recommended. The emphasis on dietitian consultation for management, especially after a failed self-directed diet, is a key teaching point and is strongly recommended by the ACG. The follow-up question correctly identifies that persistent symptoms necessitate a workup for non-responsive celiac disease, making routine annual follow-up inappropriate.",diagnosis,a definitive diagnosis of celiac disease.,Endomysial antibody (EMA) IgA testing on a stored serum sample comes back positive.,this hypothesis becomes,"+2, +1, 0, -1, -2","Positive tTG-IgA, EMA IgA, and confirmatory biopsy (Marsh 3b) in a symptomatic adult solidifies the diagnosis of celiac disease per European guidelines. (+2)",2.0
,,,,,,management,"initiating a strict, lifelong gluten-free diet with expert dietitian consultation.",The patient reports a prior six-month trial of a self-directed gluten-free diet without any symptomatic improvement.,this plan becomes,"+2, +1, 0, -1, -2","A self-directed diet is often inadequate. Formal dietitian consultation is essential to ensure strict adherence and rule out inadvertent gluten exposure, the most common cause of non-response. (+2)",2.0
,,,,,,followup,planning annual follow-up with tTG-IgA serology and symptom review.,"Six months later, despite dietitian-led dietary adherence, her symptoms and anemia have not improved.",this plan becomes,"+2, +1, 0, -1, -2",Persistent symptoms despite a confirmed GFD suggest non-responsive celiac disease. Relying on routine annual monitoring is insufficient; expedited further investigation is warranted. (-1),-2.0
Celiac_Disease,european,"A 34-year-old female was diagnosed with celiac disease 18 months ago based on an IgA anti-tissue transglutaminase (tTG) level >15 times the upper limit of normal and duodenal biopsies showing Marsh 3b villous atrophy. She was referred to a dietitian and reports strict adherence to a gluten-free diet (GFD). However, she presents for review with persistent symptoms of intermittent bloating, non-bloody diarrhea, and profound fatigue that impacts her work as a graphic designer. Her weight has remained stable at a BMI of 19.5 kg/m². Her most recent bloodwork shows a persistently elevated IgA-tTG at 45 U/mL (normal <10 U/mL), down from >150 U/mL at diagnosis. She also has a borderline low hemoglobin of 11.9 g/dL and a low ferritin of 12 ng/mL. She is frustrated and concerned that the diet is not working, questioning if something else is wrong.","This case focuses on the evaluation of non-responsive celiac disease. The scenarios explore the differential diagnosis, the importance of excluding ongoing gluten exposure before considering refractory disease, and managing co-existing conditions.",american,This item aligns well with ACG guidelines. The scenarios correctly prioritize excluding ongoing gluten exposure as the cause of non-responsive celiac disease before considering refractory disease. The distinction between a co-existing condition (EPI) and the need for ongoing celiac follow-up is well-tested. The clinical reasoning is sound and consistent with standard US practice.,diagnosis,a diagnosis of refractory celiac disease (RCD).,Video capsule endoscopy reveals multiple small bowel ulcerations and a focal area of mucosal thickening in the jejunum.,this hypothesis becomes,"+2, +1, 0, -1, -2","Ulceration is a significant red flag in non-responsive celiac disease, raising strong suspicion for complicated forms like RCD or associated enteropathy-associated T-cell lymphoma (EATL). (+2)",2.0
,,,,,,management,initiating a trial of oral budesonide for presumed refractory disease.,A detailed dietary review with a specialized dietitian reveals frequent unintentional cross-contamination from shared kitchen appliances at home.,this plan becomes,"+2, +1, 0, -1, -2","Inadvertent gluten ingestion is the most common cause of non-responsive celiac disease. Addressing this is the priority, making initiation of immunosuppressants like budesonide highly inappropriate. (-2)",-2.0
,,,,,,followup,scheduling a repeat upper endoscopy with duodenal biopsies in 12 months.,The patient is found to have concurrent exocrine pancreatic insufficiency on fecal elastase testing.,this plan becomes,"+2, +1, 0, -1, -2","While EPI can cause similar symptoms and needs management, it does not negate the need for histologic follow-up of her celiac disease, especially given persistent serology. The plan remains appropriate. (0)",0.0
Celiac_Disease,european,"A 15-year-old female with a 2-year history of type 1 diabetes presents with 6 months of intermittent abdominal bloating, fatigue, and poor concentration. She has fallen behind her expected growth curve over the last year. Her family history is significant for an aunt with hypothyroidism. Initial laboratory tests show a normal complete blood count and chemistry panel. Celiac serology reveals an IgA anti-tissue transglutaminase (tTG-IgA) level of 85 U/mL (ULN <10 U/mL) and a normal total IgA level. Due to the tTG-IgA being below the 10x ULN threshold for a no-biopsy diagnosis, an upper endoscopy is performed. Duodenal biopsies confirm Marsh 3a histological changes, characterized by villous atrophy, crypt hyperplasia, and increased intraepithelial lymphocytes. A diagnosis of celiac disease is made, and she is counseled on initiating a strict gluten-free diet. She is scheduled for follow-up with a dietitian and for her annual pediatric endocrinology and gastroenterology reviews.","This item assesses reasoning in a pediatric patient with celiac disease and type 1 diabetes. Scenarios focus on diagnostic certainty, management of non-response (prioritizing dietary review over investigating rare causes), and the rationale for long-term serological follow-up per ESPGHAN guidelines.",british,"This is a strong, clinically valid item. The scenarios test core principles of celiac disease management that are consistent with British Society of Gastroenterology (BSG) guidelines. The BSG guidance emphasizes reviewing for inadvertent gluten ingestion as the primary cause of non-response and recommends annual review, which includes serology. The reasoning aligns well with UK clinical practice.",diagnosis,a definitive diagnosis of celiac disease based on the serology and biopsy results.,"The patient's father, who is asymptomatic, is screened and found to have a tTG-IgA of 110 U/mL (11x ULN).",this hypothesis becomes,"+2, +1, 0, -1, -2","A confirmed diagnosis in a first-degree relative strongly reinforces the patient's own diagnosis, which was already well-supported by serology and classic histology. This new finding makes the diagnosis absolutely certain. (+2)",2.0
,,,,,,management,initiating an investigation for refractory celiac disease after 6 months of persistent symptoms.,A detailed dietary review with a specialist dietitian reveals frequent inadvertent gluten cross-contamination from a shared kitchen toaster at home.,this plan becomes,"+2, +1, 0, -1, -2",Inadvertent gluten ingestion is the most common cause of non-responsive celiac disease. Investigating for rare refractory disease is inappropriate until strict dietary adherence is achieved and confirmed. This plan is contraindicated. (-2),-2.0
,,,,,,followup,discontinuing annual serological monitoring since the patient is now asymptomatic and growing well.,Her 1-year follow-up tTG-IgA level has decreased significantly but remains elevated at 15 U/mL (ULN <10 U/mL).,this plan becomes,"+2, +1, 0, -1, -2","Guidelines recommend annual follow-up, including serology. Persistently elevated tTG-IgA, even with clinical improvement, indicates ongoing immune activity or minor gluten exposure, making continued monitoring essential. Discontinuation is inappropriate. (-2)",-2.0
Celiac_Disease,european,"A 42-year-old male with a 15-year history of well-controlled type 1 diabetes presents to his gastroenterologist with complaints of chronic fatigue, intermittent abdominal bloating, and flatulence that have worsened over the past year. He denies diarrhea, weight loss, or overt signs of malabsorption. His primary care physician recently diagnosed him with new-onset iron-deficiency anemia (Hb 11.2 g/dL, Ferritin 14 ng/mL). He has no family history of gastrointestinal diseases. Serological testing was initiated, revealing an elevated IgA tissue transglutaminase (tTG) level of 165 U/mL (upper limit of normal <20 U/mL), while his total serum IgA was within the normal range. Given his co-existing autoimmune condition and positive serology, he underwent an upper endoscopy with multiple duodenal biopsies. He is now awaiting the histology results to confirm the suspected diagnosis and discuss the next steps in his management plan.","This item assesses the diagnostic confirmation, management considerations (e.g., IgA deficiency), and appropriate long-term follow-up for an adult with celiac disease and type 1 diabetes, reflecting European guidelines.",british,"This is a strong and clinically relevant SCT item. The British Society of Gastroenterology (BSG) guidelines align with the author's reasoning. Q1: Positive serology plus classic histology confirms the diagnosis. Q2: IgA deficiency invalidates the IgA-tTG test, making it inappropriate to base management on it. Q3: Routine follow-up biopsy is not recommended by BSG for asymptomatic adults with serological and clinical remission. The reasoning is consistent across modern European and British guidelines.",diagnosis,a definitive diagnosis of celiac disease.,The duodenal biopsy report shows Marsh 3b villous atrophy with increased intraepithelial lymphocytes and crypt hyperplasia.,this hypothesis becomes,"+2, +1, 0, -1, -2",The combination of positive tTG-IgA serology and classic histological findings of significant villous atrophy confirms the diagnosis of celiac disease in an adult. (+2),2.0
,,,,,,management,"initiating a strict, lifelong gluten-free diet with dietitian counseling.","The patient's total IgA level, which was missed initially, is reported as <5 mg/dL, indicating profound IgA deficiency.",this plan becomes,"+2, +1, 0, -1, -2",Significant IgA deficiency renders the elevated IgA-tTG result unreliable. Management should not be based on this test; one must rely on biopsy or IgG-based serology. (-2),-2.0
,,,,,,followup,scheduling a follow-up endoscopy with biopsy in two years to assess for mucosal healing.,"After one year on a strict gluten-free diet, the patient is completely asymptomatic and his tTG-IgA levels have normalized.",this plan becomes,"+2, +1, 0, -1, -2",Routine follow-up biopsy is not recommended for asymptomatic adults who have shown excellent clinical and serological response to a gluten-free diet. This plan is less appropriate. (-1),-1.0
Celiac_Disease,european,"A 28-year-old woman was diagnosed with celiac disease 18 months ago based on an IgA anti-tissue transglutaminase (tTG) level >10x the upper limit of normal and a duodenal biopsy showing Marsh 3b villous atrophy. She initially reported significant improvement in her symptoms of bloating, diarrhea, and fatigue after starting a strict gluten-free diet (GFD) under dietitian guidance. For the past six months, however, her symptoms have returned despite her insistence on meticulous dietary adherence. A repeat tTG-IgA level is 85 U/mL (normal <15 U/mL), only slightly decreased from her diagnostic level of 120 U/mL. Her weight has remained stable, but she complains of persistent loose stools and abdominal cramping. She feels frustrated and is questioning the effectiveness of her diet. Her primary care physician has ruled out common infections. The patient is otherwise healthy with no other significant medical history.","This item explores the differential diagnosis and management of non-responsive celiac disease. It tests the ability to integrate new information to distinguish between poor dietary adherence, co-existing conditions, and indications for investigating long-term complications.",british,"The item is clinically sound from the British Society of Gastroenterology (BSG) guideline perspective. The BSG guidelines state inadvertent gluten ingestion is the most common cause of non-responsive celiac disease, making Q1 a clear +2. The elevated fecal calprotectin in Q2 justifies further investigation like endoscopy, making it more appropriate (+1). For Q3, the combination of ongoing malabsorption and premature ovarian insufficiency makes a DEXA scan essential (+2). The reasoning aligns closely with the author's.",diagnosis,inadvertent gluten ingestion is the most likely cause of her persistent symptoms and elevated serology.,A detailed dietary review with a specialized dietitian reveals frequent cross-contamination from shared kitchen appliances and restaurant meals.,this hypothesis becomes,"+2, +1, 0, -1, -2","This new information strongly supports inadvertent gluten exposure, which is the most common cause of non-responsive celiac disease. This makes the initial hypothesis much more likely. (+2)",2.0
,,,,,,management,proceeding with a repeat upper endoscopy and duodenal biopsies to reassess for persistent villous atrophy.,"Her fecal calprotectin level is elevated at 250 mcg/g (normal <50 mcg/g), suggesting active intestinal inflammation.",this plan becomes,"+2, +1, 0, -1, -2",An elevated fecal calprotectin confirms ongoing inflammation but does not specify the cause. This finding strengthens the indication for re-biopsy to assess for mucosal healing and rule out refractory disease. (+1),1.0
,,,,,,followup,ordering a baseline DEXA scan now to assess for osteopenia or osteoporosis.,She mentions she was recently diagnosed with premature ovarian insufficiency and is not on hormone replacement therapy.,this plan becomes,"+2, +1, 0, -1, -2","Premature ovarian insufficiency is a major independent risk factor for osteoporosis. This, combined with malabsorption from non-responsive celiac disease, makes assessing her bone density essential and urgent. (+2)",2.0
Celiac_Disease,european,"A 34-year-old woman was diagnosed with celiac disease 18 months ago. The diagnosis was established with a high anti-tissue transglutaminase (tTG-IgA) titer (>10x upper limit of normal) and a duodenal biopsy showing Marsh 3b villous atrophy. She was counselled by a dietitian and commenced a strict gluten-free diet (GFD). For the past six months, despite her reported adherence to the diet, she complains of persistent bloating, intermittent diarrhea, and significant fatigue, which impacts her daily life. Her weight has remained stable. A repeat tTG-IgA test performed last week shows a significant reduction from her diagnostic levels but remains elevated at 25 U/mL (normal <10 U/mL). She feels frustrated with her lack of progress and is questioning the effectiveness of the diet. She has no other significant past medical history.","This item focuses on the evaluation of non-responsive celiac disease. The scenarios explore the differential diagnosis, the primary importance of assessing dietary adherence, and the appropriate timing for invasive follow-up procedures, reflecting guideline-based practice.",american,The item is clinically sound and aligns well with American College of Gastroenterology guidelines for non-responsive celiac disease. The scenarios correctly prioritize investigating gluten exposure as the primary cause before considering invasive procedures or refractory disease. The differential diagnosis of microscopic colitis is also appropriately explored. No major discrepancies with the European perspective are noted for these core principles.,diagnosis,a co-existing diagnosis of microscopic colitis to explain her persistent diarrhea.,A colonoscopy with random biopsies reveals a thickened subepithelial collagen band measuring 15 micrometers.,this hypothesis becomes,"+2, +1, 0, -1, -2","This is the classic histological finding for collagenous colitis, a form of microscopic colitis, which can co-exist with celiac disease. This finding makes the diagnosis much more likely. (+2)",2.0
,,,,,,management,referring her for an intensive dietary review with an expert dietitian.,She reveals that she frequently eats at restaurants that do not have dedicated gluten-free preparation areas.,this action becomes,"+2, +1, 0, -1, -2","In non-responsive celiac disease, inadvertent gluten ingestion is the most common cause. This history of frequent cross-contamination risk makes an expert dietary review the most essential next step. (+2)",2.0
,,,,,,followup,proceeding directly to a repeat upper endoscopy to assess for refractory celiac disease.,"On further questioning, she admits to occasional 'cheat days' with small amounts of gluten-containing foods over the past year.",this plan becomes,"+2, +1, 0, -1, -2","Refractory celiac disease is a diagnosis of exclusion. Her admission of dietary non-adherence is the most likely cause of her symptoms, so an invasive procedure is less appropriate before ensuring strict adherence. (-1)",-1.0
Celiac_Disease,european,"A 42-year-old woman, diagnosed with celiac disease 18 months ago based on positive serology (tTG-IgA >10x ULN) and Marsh 3b duodenal histology, was started on a strict gluten-free diet (GFD) with dietitian consultation. Initially, her symptoms of bloating and diarrhea improved. However, for the past six months, she has experienced a recurrence of intermittent abdominal cramps, fatigue, and persistent iron deficiency anemia (Hb 10.5 g/dL). Her follow-up tTG-IgA level is 55 U/mL (ULN <15 U/mL). She insists she is meticulously adherent to her GFD, avoiding all obvious sources of gluten and checking labels carefully. She is frustrated with her persistent symptoms despite her efforts and is seeking further evaluation. Total IgA level at diagnosis was normal. She has a history of well-controlled type 1 diabetes.","This case focuses on the differential diagnosis and management of non-responsive celiac disease, a common clinical challenge. It requires differentiating between ongoing gluten exposure, co-existing conditions like SIBO, and true refractory disease.",american,"The item is clinically sound and aligns well with ACG guidelines. The scenarios correctly test the standard workup for non-responsive celiac disease, prioritizing the exclusion of ongoing gluten exposure (Q1) and co-existing conditions like SIBO (Q2) before considering a diagnosis of refractory disease and its associated treatments. The reasoning is consistent across major international guidelines, showing little divergence in this specific clinical area.",diagnosis,a diagnosis of refractory celiac disease (RCD).,A detailed dietary history with a specialized dietitian reveals multiple sources of inadvertent gluten cross-contamination in her home kitchen.,this hypothesis becomes,"+2, +1, 0, -1, -2","Inadvertent gluten intake is the most common cause of non-responsive celiac disease. Identifying this makes a diagnosis of true RCD, a much rarer condition, significantly less likely. (-2)",-2.0
,,,,,,management,initiating immunosuppressive therapy with budesonide.,"Testing for other causes of malabsorption reveals a positive hydrogen breath test, consistent with small intestinal bacterial overgrowth (SIBO).",this plan becomes,"+2, +1, 0, -1, -2","SIBO is a common, treatable cause of persistent symptoms in celiac disease. It should be addressed before considering immunosuppression for presumed refractory disease, making budesonide therapy much less appropriate. (-2)",-2.0
,,,,,,followup,relying on IgG-based serology (IgG-DGP) for future monitoring.,Repeat endoscopy and biopsy show persistent villous atrophy (Marsh 3b) despite six months of confirmed strict dietary adherence.,this plan becomes,"+2, +1, 0, -1, -2","With persistent villous atrophy despite a strict diet, serology becomes less reliable for monitoring. Histological assessment is the gold standard, making reliance on any serological marker less appropriate. (-1)",-1.0
Celiac_Disease,european,"A 28-year-old woman was diagnosed with celiac disease 18 months ago based on a high IgA tissue transglutaminase (tTG) level (>10x ULN), positive endomysial antibodies (EMA), and duodenal biopsies showing Marsh 3b villous atrophy. She consulted a dietitian and reports strict adherence to a gluten-free diet (GFD). However, she presents to your clinic with persistent symptoms, including intermittent diarrhea, bloating, and profound fatigue, which have not improved over the past year. Her follow-up serology shows her IgA-tTG level remains elevated at 85 U/mL (normal <10 U/mL), though it has decreased from an initial value of over 200 U/mL. She also has a new borderline normocytic anemia with a hemoglobin of 11.8 g/dL (normal 12-16 g/dL). She is frustrated with her lack of progress and is concerned about long-term complications. You are considering the next steps in her evaluation.","This case focuses on the evaluation of non-responsive celiac disease, a common clinical challenge. The scenarios explore the differential diagnosis, inappropriate early escalation of therapy, and appropriate triggers for invasive follow-up based on new clinical signs.",american,"This is an excellent item testing the management of non-responsive celiac disease. The American guidelines strongly support the logic presented: first, confirm inadvertent gluten exposure as the most likely cause; second, avoid premature treatment for refractory disease; and third, use new clinical signs like dermatitis herpetiformis as a strong indication for re-evaluating mucosal injury. The clinical reasoning is sound and consistent across major international guidelines.",diagnosis,inadvertent gluten exposure is the primary cause of her persistent symptoms and elevated serology.,A detailed dietary review by a specialist dietitian reveals frequent cross-contamination from shared toasters and restaurant meals labeled 'gluten-friendly'.,this hypothesis becomes,"+2, +1, 0, -1, -2","In non-responsive celiac disease, poor dietary adherence, often inadvertent, is the most common cause. The dietitian's findings strongly confirm this suspicion, making it the leading diagnosis. (+2)",2.0
,,,,,,management,initiating an empirical trial of budesonide to manage suspected refractory celiac disease type I.,"Her repeat HLA testing confirms she is positive for DQ2.5, and a capsule endoscopy shows only duodenal scalloping with no other small bowel lesions.",this plan becomes,"+2, +1, 0, -1, -2",Refractory celiac disease is a diagnosis of exclusion. Budesonide is inappropriate until poor adherence and other causes are thoroughly ruled out. This information does not change that primary step. (-2),-2.0
,,,,,,followup,scheduling a repeat upper endoscopy with duodenal biopsies to assess for persistent villous atrophy.,"She reports a new-onset, intensely itchy, blistering rash on her elbows and knees, consistent with dermatitis herpetiformis.",this plan becomes,"+2, +1, 0, -1, -2","Dermatitis herpetiformis is a specific manifestation of celiac disease, confirming ongoing gluten exposure and gut inflammation. This makes endoscopy essential to re-evaluate mucosal damage. (+2)",2.0
Celiac_Disease,european,"A 38-year-old woman with a 15-year history of type 1 diabetes and a long-standing diagnosis of irritable bowel syndrome presents with worsening symptoms over the past year. She reports increased bloating, intermittent diarrhea, profound fatigue, and an unintentional 5 kg weight loss. Her primary care physician initiated screening for celiac disease. Laboratory results show an IgA anti-tissue transglutaminase (tTG) antibody level of 95 U/mL (upper limit of normal <10 U/mL) and a total serum IgA of 210 mg/dL (normal range 70-400 mg/dL). Her hemoglobin is 11.2 g/dL with a low ferritin level. She is referred for further evaluation, and an upper endoscopy is planned to obtain duodenal biopsies to confirm the suspected diagnosis, as her tTG level is below the threshold for a no-biopsy approach. The patient is anxious about the potential for a lifelong dietary change.","This case focuses on an adult with newly diagnosed celiac disease, a common comorbidity (T1DM), and moderately high serology requiring biopsy per guidelines. The scenarios test confirmation, management of complications, and recognition of non-responsive disease.",british,"The SCT item is clinically sound and fully aligns with the British Society of Gastroenterology (BSG) guidelines. The necessity of biopsy for adult diagnosis, the increased urgency of a GFD with complications like osteoporosis, and the need for further investigation in non-responsive disease are all core tenets of UK practice. The clinical reasoning is clear and valid. There are no significant differences between the BSG guideline approach and the expected answers for these scenarios.",diagnosis,a definitive diagnosis of celiac disease.,duodenal biopsy results show a Marsh 3b classification with significant crypt hyperplasia and marked villous atrophy.,this hypothesis becomes,"+2, +1, 0, -1, -2",The combination of positive tTG-IgA serology and classic histological findings (Marsh 3b) confirms the diagnosis of celiac disease in an adult patient. (+2),2.0
,,,,,,management,initiating a strict gluten-free diet and arranging an expert dietitian consultation.,"her baseline bone densitometry scan reveals a T-score of -2.7 at the lumbar spine, consistent with osteoporosis.",this plan becomes,"+2, +1, 0, -1, -2","Osteoporosis is a known complication of malabsorption in celiac disease. This finding makes strict adherence to a GFD, guided by a dietitian, even more essential to improve mineral absorption. (+2)",2.0
,,,,,,followup,planning for annual follow-up with serology testing and a clinical review of symptoms.,"after 12 months on a dietitian-supervised GFD, her tTG-IgA levels remain elevated and she reports minimal symptom improvement.",this plan becomes,"+2, +1, 0, -1, -2",Persistent symptoms and elevated serology indicate non-responsive celiac disease. A routine annual follow-up is insufficient; further investigation into dietary adherence or other causes is required. (-2),-2.0
Celiac_Disease,european,"A 38-year-old woman with a 15-year history of type 1 diabetes presents with six months of persistent diarrhea, abdominal bloating, and fatigue. She has also noted an unintentional weight loss of 5 kg. Her primary care physician ordered initial labs, which revealed a microcytic anemia with hemoglobin of 10.8 g/dL (normal 12.0-15.5 g/dL). Celiac serology was pursued, showing an IgA anti-tissue transglutaminase (tTG) level of 95 U/mL (normal <15 U/mL), with a normal total IgA level. An upper endoscopy was performed, revealing scalloping of the duodenal folds. Subsequent duodenal biopsies were consistent with Marsh 3b classification, showing significant villous atrophy and crypt hyperplasia with increased intraepithelial lymphocytes. She has been diagnosed with celiac disease and is anxious about the long-term implications of her new condition.","This case assesses the nuanced management of celiac disease. It touches on differential diagnoses (drug-induced enteropathy), management of non-responsive disease, and controversies in long-term monitoring, reflecting challenges beyond the initial diagnosis and dietary prescription.",american,"This is a strong, clinically relevant item. From the American College of Gastroenterology (ACG) perspective, the reasoning holds. Q1: Olmesartan is a known mimicker of celiac disease, making the diagnosis less certain. Q2: For non-responsive celiac disease, the ACG recommends investigating other causes beyond just the gluten-free diet, making the initial plan insufficient. Q3: Routine repeat biopsy in asymptomatic, serologically-negative adults is not standard ACG practice, making the plan neither indicated nor contraindicated.",diagnosis,a diagnosis of celiac disease is definitive based on the serology and biopsy results.,"her medication list includes olmesartan, which she started two years ago for mild hypertension.",this hypothesis becomes,"+2, +1, 0, -1, -2","Olmesartan can cause an enteropathy mimicking celiac disease. This introduces a significant confounder, making the initial diagnosis less certain and requiring further evaluation. (-1)",-1.0
,,,,,,management,initiating a strict gluten-free diet (GFD) with formal dietitian counseling.,"after six months of adherence to the GFD, her tTG levels have normalized but her diarrhea and bloating persist.",this plan becomes,"+2, +1, 0, -1, -2",Persistent symptoms despite serological response suggest non-responsive celiac disease. The GFD plan is now insufficient; further investigation for complications or alternative diagnoses is required. (-1),-1.0
,,,,,,followup,performing a repeat endoscopy and biopsy after one year to assess for mucosal healing.,the patient is completely asymptomatic with normalized tTG levels after one year on a gluten-free diet.,this plan becomes,"+2, +1, 0, -1, -2","Routine repeat biopsy in asymptomatic adults with serological remission is not universally recommended by guidelines. The decision reflects clinical equipoise, making the plan neither indicated nor contraindicated. (0)",0.0
Celiac_Disease,european,"A 28-year-old woman presents with a one-year history of intermittent diarrhea, significant bloating, and profound fatigue. She reports an unintentional weight loss of 5 kg over the past six months. Her past medical history is notable for Hashimoto's thyroiditis, well-controlled on levothyroxine. Frustrated with her symptoms, she independently started a gluten-free diet four weeks ago after reading online articles, noting some subjective improvement. Initial lab work reveals a hemoglobin of 11.2 g/dL with low ferritin. Her total IgA level is normal, and her IgA anti-tissue transglutaminase (tTG) antibody level is 45 U/mL (upper limit of normal <15 U/mL). She is scheduled for an upper endoscopy with duodenal biopsies to clarify the diagnosis, as her serology is elevated but does not meet the >10x ULN threshold for a no-biopsy approach, especially given her recent dietary changes.","This case tests reasoning in a common scenario where a patient self-initiates a gluten-free diet before formal diagnosis, impacting serology interpretation and highlighting the need for thorough management and follow-up.",,,diagnosis,a definitive diagnosis of celiac disease.,"Duodenal biopsies show Marsh 3a changes, including villous atrophy, crypt hyperplasia, and increased intraepithelial lymphocytes.",this hypothesis becomes,"+2, +1, 0, -1, -2",The combination of positive serology (even if moderately elevated on a partial GFD) and classic histological findings strongly confirms the diagnosis of celiac disease. (+2),
,,,,,,management,advising the patient to continue her current self-directed gluten-free diet.,The patient reveals she frequently consumes standard commercial oats and uses a shared family toaster for her gluten-free bread.,this plan becomes,"+2, +1, 0, -1, -2",This reveals significant sources of gluten cross-contamination. Her current diet is inadequate. Formal consultation with an expert dietitian is essential to ensure a strict GFD. (-2),
,,,,,,followup,planning annual follow-up with serology testing and clinical review.,She has a personal history of osteopenia on a prior DEXA scan and a strong family history of osteoporosis.,this plan becomes,"+2, +1, 0, -1, -2","While annual follow-up is standard, the significant risk factors for bone disease make adding baseline and follow-up bone densitometry monitoring an essential part of her care. (+2)",
Celiac_Disease,european,"A 32-year-old woman presents to your clinic for evaluation. For the past year, she has experienced chronic bloating, intermittent diarrhea, and significant fatigue. Four months ago, based on online research, she self-initiated a strict gluten-free diet (GFD) and reports that her symptoms have improved by about 50%, but she still feels unwell. She has no other significant medical history and takes no regular medications. Her family history is notable for a mother with Hashimoto's thyroiditis. On examination, her BMI is 21 kg/m². Initial laboratory tests show a hemoglobin of 11.2 g/dL with a low ferritin of 12 ng/mL. Her IgA anti-tissue transglutaminase (tTG-IgA) level is 15 U/mL (upper limit of normal <10 U/mL), and her total IgA level is within the normal range. She is anxious to establish a definitive diagnosis and understand why she is not feeling completely better on the diet.","This case explores the common clinical challenge of evaluating a patient who has already self-initiated a gluten-free diet, complicating serological and histological diagnosis. It tests reasoning around confirming the diagnosis, managing a gluten challenge, and addressing non-response.",british,The item is clinically sound and reflects a common diagnostic challenge. The British Society of Gastroenterology (BSG) guidelines align with the author's reasoning. HLA positivity increases likelihood (+1). A severe reaction to a gluten challenge makes continuing the full plan less appropriate (-1). Identifying inadvertent gluten intake makes the mandatory dietitian referral essential (+2). The reasoning holds up well under the BSG perspective.,diagnosis,a definitive diagnosis of celiac disease.,HLA genotyping reveals the patient is positive for HLA-DQ2.5.,this hypothesis becomes,"+2, +1, 0, -1, -2","HLA-DQ2 positivity is a prerequisite for celiac disease. In a symptomatic patient with positive serology (even if low due to GFD), this finding substantially increases the likelihood of the diagnosis, though biopsy after a gluten challenge is still needed for confirmation. (+1)",1.0
,,,,,,management,advising a 6-week gluten challenge followed by endoscopy and biopsy.,The patient reports severe symptomatic relapse with abdominal pain and vomiting after only one week of reintroducing gluten.,this plan becomes,"+2, +1, 0, -1, -2","A severe symptomatic reaction makes the diagnosis highly likely and continuing the full challenge may cause undue harm. An earlier biopsy or abandoning the challenge for a clinical diagnosis should be considered, making the original plan less appropriate. (-1)",-1.0
,,,,,,followup,referring the patient to a registered dietitian for intensive gluten-free diet education.,A detailed diet history reveals she frequently consumes soy sauce and oat-based products not certified as gluten-free.,this plan becomes,"+2, +1, 0, -1, -2","This history identifies inadvertent gluten exposure as the likely cause of persistent symptoms. Expert dietitian input is the cornerstone of care to ensure strict adherence, making this referral essential and highly appropriate. (+2)",2.0
Celiac_Disease,european,"A 38-year-old woman returns for her annual follow-up, two years after being diagnosed with celiac disease. Her initial diagnosis was confirmed with a tTG-IgA level >250 U/mL (ULN <10 U/mL) and duodenal biopsies showing Marsh 3b villous atrophy. She has been consulting with a dietitian and reports strict adherence to a gluten-free diet. Despite her efforts, she continues to experience intermittent bloating, abdominal discomfort, and persistent fatigue. Her weight has remained stable. Today’s laboratory results show a tTG-IgA of 45 U/mL, which has decreased significantly from diagnosis but remains elevated. She also has a new finding of mild normocytic anemia with a hemoglobin of 11.8 g/dL (normal 12-16 g/dL). She is frustrated by her lack of complete symptomatic and serological resolution and is seeking further guidance on her management plan.","This item assesses the clinical approach to non-responsive celiac disease. It emphasizes the need to systematically investigate common causes (gluten exposure, co-existing conditions) before considering rare diagnoses and highlights pitfalls in serological monitoring.",american,"This item is clinically sound and aligns well with the American College of Gastroenterology (ACG) guidelines. The questions correctly test the core principles of managing non-responsive celiac disease: 1) identifying ongoing gluten exposure as the most common cause, 2) ruling out common co-existing conditions (lactose intolerance) before proceeding to invasive workups for rare diagnoses, and 3) adapting serological monitoring in the setting of IgA deficiency. The logic is robust and consistent with standard US practice.",diagnosis,non-responsive celiac disease due to inadvertent gluten exposure.,a detailed dietary review with a specialized dietitian reveals frequent cross-contamination from shared kitchen appliances at home.,this hypothesis becomes,"+2, +1, 0, -1, -2",Inadvertent gluten intake is the most common cause of non-responsive celiac disease. This finding provides a clear and highly probable explanation for her persistent symptoms and elevated serology. (+2),2.0
,,,,,,management,"proceeding directly to an evaluation for refractory celiac disease, including repeat endoscopy with flow cytometry.",the patient also reports significant improvement in bloating and discomfort on days she avoids dairy products.,this plan becomes,"+2, +1, 0, -1, -2","This suggests secondary lactose intolerance, a common issue in celiac disease. This should be addressed before pursuing an invasive workup for the much rarer refractory celiac disease. (-2)",-2.0
,,,,,,followup,planning to recheck her tTG-IgA serology in 3 months to monitor dietary adherence.,a total serum IgA level is checked and returns at 35 mg/dL (normal 70-400 mg/dL).,this plan becomes,"+2, +1, 0, -1, -2","The patient now has selective IgA deficiency, making tTG-IgA an unreliable marker. Continuing to monitor with this test is inappropriate; IgG-based tests (e.g., IgG-DGP) are required. (-2)",-2.0
Celiac_Disease,european,"A 28-year-old woman presents with a one-year history of intermittent, non-bloody diarrhea, abdominal bloating, and an unintentional weight loss of 5 kg. She feels persistently fatigued. Her past medical history is unremarkable, but she notes her mother was diagnosed with celiac disease ten years ago. On examination, she appears pale but her abdomen is soft and non-tender. Initial laboratory investigations reveal a mild iron deficiency anemia with a hemoglobin of 11.2 g/dL. Her celiac serology shows an elevated anti-tissue transglutaminase IgA (tTG-IgA) level of 65 U/mL (upper limit of normal <15 U/mL). Her total serum IgA level is within the normal range. An upper endoscopy with duodenal biopsies has been scheduled to confirm the suspected diagnosis. She is anxious about the potential for a lifelong dietary restriction and its impact on her social life.","This item assesses the nuances of diagnosing and managing adult celiac disease when serology is positive but not high enough for a no-biopsy pathway. It explores the impact of patient actions, borderline histology, and immunological confounders.",british,"The item is clinically sound and aligns well with British Society of Gastroenterology guidelines. The scenarios test crucial aspects of celiac disease management: the impact of a patient-initiated GFD on diagnosis, interpretation of mild histology (Marsh 1), and the critical pitfall of IgA deficiency in serological monitoring. The reasoning is consistent across international guidelines, and the item effectively assesses clinical judgment.",diagnosis,a definitive diagnosis of celiac disease requiring duodenal biopsy for confirmation.,The patient reports significant symptom improvement after self-initiating a strict gluten-free diet two weeks prior to the scheduled endoscopy.,this hypothesis becomes,"+2, +1, 0, -1, -2",Symptom improvement on a GFD strongly supports the underlying diagnosis. This reinforces the need for a definitive histological confirmation via biopsy before committing the patient to a lifelong diet. (+1),1.0
,,,,,,management,"initiating a strict, lifelong gluten-free diet with dietitian consultation immediately after diagnosis.",Duodenal biopsies show only increased intraepithelial lymphocytes (Marsh 1 lesion) with preserved villous architecture.,this plan becomes,"+2, +1, 0, -1, -2","A Marsh 1 lesion with positive serology is consistent with celiac disease, but is less specific than villous atrophy. This finding reduces certainty, making the immediate commitment to a lifelong GFD slightly less appropriate without further discussion. (-1)",-1.0
,,,,,,followup,annual follow-up with serology testing (tTG-IgA) to monitor dietary adherence.,"Subsequent review reveals her baseline total IgA was actually low, consistent with selective IgA deficiency.",this plan becomes,"+2, +1, 0, -1, -2","In selective IgA deficiency, tTG-IgA levels are unreliable and can be falsely negative. Monitoring must be done using IgG-based assays (e.g., IgG-DGP), making this specific plan inappropriate and potentially misleading. (-2)",-2.0
Celiac Disease,american,"A 28-year-old woman, diagnosed with celiac disease two years ago via positive IgA-tTG antibodies and Marsh 3b villous atrophy, returns for follow-up. She reports strict adherence to a gluten-free diet (GFD) after extensive counseling with a registered dietitian. Despite her efforts, she continues to experience intermittent abdominal cramping, bloating, and 2-3 loose stools daily. She has not regained her pre-illness weight and feels persistent fatigue. Her repeat IgA-tTG level, checked last week, remains elevated at 85 U/mL (normal <15 U/mL). She expresses significant frustration, stating she meticulously checks all food labels and avoids cross-contamination at home. Her initial workup at diagnosis was negative for other autoimmune conditions, and her total IgA level was normal. She is otherwise healthy and takes no regular medications besides an iron supplement. The situation presents a classic case of non-responsive celiac disease, requiring further investigation into the cause.","This item explores the differential diagnosis and management of non-responsive celiac disease, emphasizing that persistent gluten exposure is the most common cause, and other etiologies must be considered before diagnosing refractory disease.",british,"This SCT item is clinically sound and aligns with British guidelines. It correctly emphasizes that inadvertent gluten exposure is the most common cause of non-responsive celiac disease, a principle shared with American guidelines. The questions logically follow a stepwise investigation, ruling out common causes (gluten exposure, infection) before considering refractory disease or invasive procedures. The clinical reasoning is appropriate and reflects standard gastroenterology practice.",diagnosis,"a diagnosis of refractory celiac disease, type 1",A detailed 7-day food diary reviewed by a dietitian reveals several instances of unintentional gluten cross-contamination from shared condiments and restaurant meals.,this hypothesis becomes,"+2, +1, 0, -1, -2","Ongoing gluten exposure is the most common cause of non-responsive celiac disease. Identifying this makes a diagnosis of refractory celiac disease, a diagnosis of exclusion, highly unlikely. (-2)",-2.0
,,,,,,management,proceeding with video capsule endoscopy to assess for complications like ulcerative jejunitis,Stool testing reveals a positive result for giardiasis antigen.,this plan becomes,"+2, +1, 0, -1, -2","Giardiasis can cause persistent malabsorptive symptoms mimicking non-responsive celiac disease. The appropriate next step is to treat the infection, making an immediate invasive investigation less appropriate. (-2)",-2.0
,,,,,,followup,scheduling a repeat duodenal biopsy in the next month to assess for histologic non-response,"After another intensive dietary review, her repeat IgA-tTG level decreases by over 50% in three months.",this plan becomes,"+2, +1, 0, -1, -2","A significant serological response suggests improved dietary adherence is working. An invasive repeat biopsy can likely be deferred, making the immediate plan less appropriate. (-1)",-1.0
Celiac Disease,american,"A 28-year-old woman, diagnosed with celiac disease two years ago via positive IgA-tTG antibodies and Marsh 3b villous atrophy, returns for follow-up. She reports strict adherence to a gluten-free diet (GFD) after extensive counseling with a registered dietitian. Despite her efforts, she continues to experience intermittent abdominal cramping, bloating, and 2-3 loose stools daily. She has not regained her pre-illness weight and feels persistent fatigue. Her repeat IgA-tTG level, checked last week, remains elevated at 85 U/mL (normal <15 U/mL). She expresses significant frustration, stating she meticulously checks all food labels and avoids cross-contamination at home. Her initial workup at diagnosis was negative for other autoimmune conditions, and her total IgA level was normal. She is otherwise healthy and takes no regular medications besides an iron supplement. The situation presents a classic case of non-responsive celiac disease, requiring further investigation into the cause.","This item explores the differential diagnosis and management of non-responsive celiac disease, emphasizing that persistent gluten exposure is the most common cause, and other etiologies must be considered before diagnosing refractory disease.",british,"This SCT item is clinically sound and aligns with British guidelines. It correctly emphasizes that inadvertent gluten exposure is the most common cause of non-responsive celiac disease, a principle shared with American guidelines. The questions logically follow a stepwise investigation, ruling out common causes (gluten exposure, infection) before considering refractory disease or invasive procedures. The clinical reasoning is appropriate and reflects standard gastroenterology practice.",diagnosis,"a diagnosis of refractory celiac disease, type 1",A detailed 7-day food diary reviewed by a dietitian reveals several instances of unintentional gluten cross-contamination from shared condiments and restaurant meals.,this hypothesis becomes,"+2, +1, 0, -1, -2","Ongoing gluten exposure is the most common cause of non-responsive celiac disease. Identifying this makes a diagnosis of refractory celiac disease, a diagnosis of exclusion, highly unlikely. (-2)",-2.0
,,,,,,management,proceeding with video capsule endoscopy to assess for complications like ulcerative jejunitis,Stool testing reveals a positive result for giardiasis antigen.,this plan becomes,"+2, +1, 0, -1, -2","Giardiasis can cause persistent malabsorptive symptoms mimicking non-responsive celiac disease. The appropriate next step is to treat the infection, making an immediate invasive investigation less appropriate. (-2)",-2.0
,,,,,,followup,scheduling a repeat duodenal biopsy in the next month to assess for histologic non-response,"After another intensive dietary review, her repeat IgA-tTG level decreases by over 50% in three months.",this plan becomes,"+2, +1, 0, -1, -2","A significant serological response suggests improved dietary adherence is working. An invasive repeat biopsy can likely be deferred, making the immediate plan less appropriate. (-1)",-1.0
Celiac Disease,american,"A 32-year-old woman presents with a one-year history of intermittent abdominal bloating, loose stools, and persistent fatigue. Her past medical history is unremarkable, but her older brother has type 1 diabetes. She mentions that for the past three months, she has been consciously avoiding bread and pasta, as she feels it worsens her symptoms. Initial laboratory workup reveals a hemoglobin of 11.2 g/dL (normal 12.0-15.5 g/dL) with a low ferritin of 12 ng/mL (normal 15-150 ng/mL). A celiac serology panel is ordered, showing a tissue transglutaminase (tTG) IgA level of 25 U/mL (upper limit of normal <20 U/mL) and a total serum IgA of 210 mg/dL (normal 70-400 mg/dL). She is anxious about a potential diagnosis of celiac disease and what the next steps should be.","This item explores diagnostic nuances in celiac disease, particularly with a low-positive serology potentially blunted by a low-gluten diet, and highlights key management and follow-up principles related to pre-biopsy diet and complication management.",european,"The item is clinically sound and aligns well with European guidelines. Q1: Positive HLA makes the diagnosis much more likely, necessitating biopsy in an adult. Q2: Proceeding to biopsy while the patient is on a gluten-free diet is contraindicated, a universal principle. Q3: The discovery of osteoporosis, a significant complication, requires specialist management beyond a primary care provider. The reasoning is consistent across American and European guidelines for these core principles.",diagnosis,a definitive diagnosis of celiac disease.,Her HLA typing is positive for the DQ2.5 haplotype.,this hypothesis becomes,"+2, +1, 0, -1, -2","HLA-DQ2 is present in about 95% of patients with celiac disease. In a symptomatic patient with positive serology (even if low), this genetic predisposition makes the diagnosis highly probable, warranting biopsy confirmation. (+2)",2.0
,,,,,,management,proceeding directly to an upper endoscopy with duodenal biopsies.,The patient reports she has been following a strict gluten-free diet for the past three weeks.,this action becomes,"+2, +1, 0, -1, -2",A biopsy performed after a patient has started a gluten-free diet can yield false-negative results as the mucosa heals. A gluten challenge is required before biopsy for an accurate diagnosis. (-2),-2.0
,,,,,,followup,advising annual follow-up with her primary care provider only.,A baseline DEXA scan reveals osteoporosis with a T-score of -2.7 at the lumbar spine.,this plan becomes,"+2, +1, 0, -1, -2","Osteoporosis is a significant complication of celiac disease. This finding necessitates specialist gastroenterology follow-up to ensure optimal dietary adherence, manage malabsorption, and monitor bone health. (-2)",-2.0
Celiac Disease,american,"A 28-year-old female with a 10-year history of type 1 diabetes presents with 18 months of intermittent diarrhea, abdominal bloating, and profound fatigue. She reports an unintentional weight loss of 7 kg over the past year. Initial labs revealed microcytic anemia with a hemoglobin of 10.1 g/dL. Celiac serology was subsequently ordered, showing a tissue transglutaminase (tTG) IgA level of 254 U/mL (normal <15 U/mL) and a positive endomysial antibody (EMA) IgA test. Her total serum IgA is normal. The patient is referred to your gastroenterology clinic to discuss the results. She seems hesitant about invasive procedures, mentioning she read online that a biopsy might not be necessary with such high antibody levels, particularly since her tTG is more than ten times the upper limit of normal. She is seeking guidance on confirming the diagnosis and starting treatment.","This item assesses reasoning in a classic celiac disease presentation. Key challenges include navigating the adult no-biopsy pathway controversy, recognizing common co-existing conditions like lactose intolerance, and adjusting follow-up based on complications like osteoporosis.",british,"The item is clinically sound. The British (BSG) guideline firmly requires biopsy for adults, making a serology-only diagnosis hypothesis unchanged by patient refusal (Q1=0). The new information correctly makes dietitian referral more appropriate due to likely lactose intolerance (Q2) and a 12-month follow-up less appropriate due to osteoporosis needing closer management (Q3). The BSG stance on adult biopsy is a key differentiator from other guidelines.",diagnosis,a definitive diagnosis of celiac disease can be made based on serology alone.,The patient expresses significant anxiety and states she will refuse an upper endoscopy with biopsy.,this hypothesis becomes,"+2, +1, 0, -1, -2","Patient preference influences the diagnostic pathway but does not alter the objective certainty of the diagnosis itself. For adults, biopsy remains the gold standard, so the hypothesis is not strengthened or weakened by this new information. (0)",0.0
,,,,,,management,initiating a strict gluten-free diet and arranging consultation with a registered dietitian.,She mentions that her symptoms of bloating and gas are noticeably worse after consuming milk or ice cream.,this plan becomes,"+2, +1, 0, -1, -2","This suggests secondary lactose intolerance, common in active celiac disease. This finding reinforces the need for expert dietetic counseling to manage both a GFD and a potential lactose restriction, making the initial plan more appropriate. (+1)",1.0
,,,,,,followup,scheduling a follow-up in 12 months with repeat serology to monitor dietary adherence.,"A baseline DEXA scan, ordered due to her risk factors, reveals osteoporosis with a T-score of -2.7 at the lumbar spine.",this plan becomes,"+2, +1, 0, -1, -2",The finding of osteoporosis is a significant complication requiring more intensive management and closer monitoring than a standard annual follow-up. A 12-month interval is now less appropriate as bone health must also be addressed. (-1),-1.0
Celiac_Disease,american,"A 34-year-old woman was diagnosed with celiac disease one year ago after presenting with bloating, chronic diarrhea, and iron deficiency anemia. Her initial workup showed a tissue transglutaminase (tTG) IgA level of 185 U/mL (normal <15 U/mL), and a duodenal biopsy confirmed Marsh 3b villous atrophy. She received counseling from a dietitian and reported strict adherence to a gluten-free diet (GFD). For the first six months, her symptoms improved significantly. However, over the past four months, she has experienced a recurrence of daily non-bloody diarrhea, fatigue, and a 5 kg weight loss. Repeat laboratory tests show her hemoglobin is now 10.2 g/dL (previously 11.5 g/dL) and her tTG-IgA remains elevated at 98 U/mL. She expresses significant frustration, insisting she is being extremely careful with her diet and cannot identify any sources of gluten exposure. The patient is otherwise healthy with no other known medical conditions.","This item assesses the evaluation of non-responsive celiac disease. It emphasizes the primacy of investigating dietary non-adherence and cross-contamination before pursuing diagnoses of refractory disease, and highlights nuances in long-term serological monitoring.",european,The item is clinically valid and aligns well with European guidelines. It correctly prioritizes investigating inadvertent gluten exposure as the primary cause of non-responsive celiac disease before considering rarer diagnoses. The questions are logical and test key clinical decision points. There are no significant disagreements between the American and European approaches for this specific clinical scenario.,diagnosis,"persistent symptoms being caused by ongoing, inadvertent gluten exposure.",A detailed dietary history reveals she regularly eats non-certified gluten-free oats and uses the same toaster as her family for gluten-containing bread.,this hypothesis becomes,"+2, +1, 0, -1, -2","This history strongly points to significant cross-contamination and non-compliant gluten sources (oats), making inadvertent exposure the most likely diagnosis. This is the most common cause of non-responsive CD. (+2)",2.0
,,,,,,management,proceeding directly to capsule endoscopy to investigate for refractory disease or lymphoma.,The patient discloses that she has been taking an over-the-counter probiotic supplement daily which contains wheat dextrin as a filler.,this action becomes,"+2, +1, 0, -1, -2",Discovering a clear source of ongoing gluten exposure makes investigating for rare complications like refractory CD premature. The immediate action should be to eliminate the gluten source. (-2),-2.0
,,,,,,followup,continuing to monitor treatment response with annual tTG-IgA serology.,"A repeat total IgA level, which was normal at diagnosis, is now profoundly low at <10 mg/dL (normal 70-400 mg/dL).",this plan becomes,"+2, +1, 0, -1, -2","With acquired IgA deficiency, tTG-IgA is no longer a reliable marker for adherence. Monitoring must switch to IgG-based serology (e.g., IgG-DGP) to accurately assess response. (-2)",-2.0
Non_Responsive_Celiac_Disease,american,"A 24-year-old woman was diagnosed with celiac disease one year ago based on positive IgA tTG antibodies (>10x ULN) and duodenal biopsies showing Marsh 3b villous atrophy. She has a history of type 1 diabetes. She was referred to a dietitian and initiated a strict gluten-free diet (GFD), reporting significant improvement in her bloating, diarrhea, and fatigue within the first three months. However, for the past six months, she has experienced a gradual return of her symptoms, including persistent loose stools, abdominal cramping, and a 5 kg weight loss, despite her insistence that she is meticulously adherent to the GFD. She denies any intentional gluten exposure and is highly knowledgeable about cross-contamination risks. Her most recent follow-up labs show a persistently elevated IgA tTG at 85 U/mL (previously >250, normal <10). Her primary care physician is concerned about non-responsive celiac disease.","This item assesses the workup of non-responsive celiac disease. The key is to first rigorously exclude ongoing gluten exposure, the most common cause, before proceeding to investigate for co-existing conditions or rare complications like refractory disease.",british,"The clinical reasoning in this item is excellent and aligns perfectly with the British Society of Gastroenterology guidelines. The step-wise approach, prioritizing the exclusion of ongoing gluten exposure before investigating for refractory disease, is standard practice. The questions are clear, and the intended answers are well-supported. No significant differences between British and American guidelines were identified for this specific clinical scenario.",diagnosis,a co-existing diagnosis of exocrine pancreatic insufficiency as the cause for her persistent symptoms.,a stool test for fecal elastase-1 comes back at 450 mcg/g (normal >200 mcg/g).,this hypothesis becomes,"+2, +1, 0, -1, -2",A normal fecal elastase-1 level effectively rules out significant exocrine pancreatic insufficiency as the cause of her malabsorptive symptoms. This makes the hypothesis much less likely. (-2),-2.0
,,,,,,management,referring her for an intensive dietary review with a dietitian specializing in gluten-free diets.,she mentions frequently eating out at restaurants that offer 'gluten-friendly' but not certified gluten-free options.,this plan becomes,"+2, +1, 0, -1, -2","This history strongly suggests ongoing gluten exposure through cross-contamination, the most common cause of non-responsive celiac disease. An intensive dietary review becomes essential. (+2)",2.0
,,,,,,followup,scheduling a repeat upper endoscopy with duodenal biopsies to evaluate for refractory celiac disease.,"after a 6-month period of verified strict adherence with a dietitian, her IgA tTG remains elevated and symptoms persist.",this plan becomes,"+2, +1, 0, -1, -2",Persistent symptoms and elevated serology despite a confirmed gluten-free diet are the key indications for repeat biopsy to rule out refractory celiac disease. This plan is now essential. (+2),2.0
Celiac Disease,american,"A 28-year-old woman, diagnosed with celiac disease two years ago via positive IgA-tTG antibodies and Marsh 3b villous atrophy, returns for follow-up. She reports strict adherence to a gluten-free diet (GFD) after extensive counseling with a registered dietitian. Despite her efforts, she continues to experience intermittent abdominal cramping, bloating, and 2-3 loose stools daily. She has not regained her pre-illness weight and feels persistent fatigue. Her repeat IgA-tTG level, checked last week, remains elevated at 85 U/mL (normal <15 U/mL). She expresses significant frustration, stating she meticulously checks all food labels and avoids cross-contamination at home. Her initial workup at diagnosis was negative for other autoimmune conditions, and her total IgA level was normal. She is otherwise healthy and takes no regular medications besides an iron supplement. The situation presents a classic case of non-responsive celiac disease, requiring further investigation into the cause.","This item explores the differential diagnosis and management of non-responsive celiac disease, emphasizing that persistent gluten exposure is the most common cause, and other etiologies must be considered before diagnosing refractory disease.",british,"This SCT item is clinically sound and aligns with British guidelines. It correctly emphasizes that inadvertent gluten exposure is the most common cause of non-responsive celiac disease, a principle shared with American guidelines. The questions logically follow a stepwise investigation, ruling out common causes (gluten exposure, infection) before considering refractory disease or invasive procedures. The clinical reasoning is appropriate and reflects standard gastroenterology practice.",diagnosis,"a diagnosis of refractory celiac disease, type 1",A detailed 7-day food diary reviewed by a dietitian reveals several instances of unintentional gluten cross-contamination from shared condiments and restaurant meals.,this hypothesis becomes,"+2, +1, 0, -1, -2","Ongoing gluten exposure is the most common cause of non-responsive celiac disease. Identifying this makes a diagnosis of refractory celiac disease, a diagnosis of exclusion, highly unlikely. (-2)",-2.0
,,,,,,management,proceeding with video capsule endoscopy to assess for complications like ulcerative jejunitis,Stool testing reveals a positive result for giardiasis antigen.,this plan becomes,"+2, +1, 0, -1, -2","Giardiasis can cause persistent malabsorptive symptoms mimicking non-responsive celiac disease. The appropriate next step is to treat the infection, making an immediate invasive investigation less appropriate. (-2)",-2.0
,,,,,,followup,scheduling a repeat duodenal biopsy in the next month to assess for histologic non-response,"After another intensive dietary review, her repeat IgA-tTG level decreases by over 50% in three months.",this plan becomes,"+2, +1, 0, -1, -2","A significant serological response suggests improved dietary adherence is working. An invasive repeat biopsy can likely be deferred, making the immediate plan less appropriate. (-1)",-1.0
Celiac Disease,american,"A 32-year-old woman presents with a one-year history of intermittent abdominal bloating, loose stools, and persistent fatigue. Her past medical history is unremarkable, but her older brother has type 1 diabetes. She mentions that for the past three months, she has been consciously avoiding bread and pasta, as she feels it worsens her symptoms. Initial laboratory workup reveals a hemoglobin of 11.2 g/dL (normal 12.0-15.5 g/dL) with a low ferritin of 12 ng/mL (normal 15-150 ng/mL). A celiac serology panel is ordered, showing a tissue transglutaminase (tTG) IgA level of 25 U/mL (upper limit of normal <20 U/mL) and a total serum IgA of 210 mg/dL (normal 70-400 mg/dL). She is anxious about a potential diagnosis of celiac disease and what the next steps should be.","This item explores diagnostic nuances in celiac disease, particularly with a low-positive serology potentially blunted by a low-gluten diet, and highlights key management and follow-up principles related to pre-biopsy diet and complication management.",european,"The item is clinically sound and aligns well with European guidelines. Q1: Positive HLA makes the diagnosis much more likely, necessitating biopsy in an adult. Q2: Proceeding to biopsy while the patient is on a gluten-free diet is contraindicated, a universal principle. Q3: The discovery of osteoporosis, a significant complication, requires specialist management beyond a primary care provider. The reasoning is consistent across American and European guidelines for these core principles.",diagnosis,a definitive diagnosis of celiac disease.,Her HLA typing is positive for the DQ2.5 haplotype.,this hypothesis becomes,"+2, +1, 0, -1, -2","HLA-DQ2 is present in about 95% of patients with celiac disease. In a symptomatic patient with positive serology (even if low), this genetic predisposition makes the diagnosis highly probable, warranting biopsy confirmation. (+2)",2.0
,,,,,,management,proceeding directly to an upper endoscopy with duodenal biopsies.,The patient reports she has been following a strict gluten-free diet for the past three weeks.,this action becomes,"+2, +1, 0, -1, -2",A biopsy performed after a patient has started a gluten-free diet can yield false-negative results as the mucosa heals. A gluten challenge is required before biopsy for an accurate diagnosis. (-2),-2.0
,,,,,,followup,advising annual follow-up with her primary care provider only.,A baseline DEXA scan reveals osteoporosis with a T-score of -2.7 at the lumbar spine.,this plan becomes,"+2, +1, 0, -1, -2","Osteoporosis is a significant complication of celiac disease. This finding necessitates specialist gastroenterology follow-up to ensure optimal dietary adherence, manage malabsorption, and monitor bone health. (-2)",-2.0
Celiac Disease,american,"A 28-year-old female with a 10-year history of type 1 diabetes presents with 18 months of intermittent diarrhea, abdominal bloating, and profound fatigue. She reports an unintentional weight loss of 7 kg over the past year. Initial labs revealed microcytic anemia with a hemoglobin of 10.1 g/dL. Celiac serology was subsequently ordered, showing a tissue transglutaminase (tTG) IgA level of 254 U/mL (normal <15 U/mL) and a positive endomysial antibody (EMA) IgA test. Her total serum IgA is normal. The patient is referred to your gastroenterology clinic to discuss the results. She seems hesitant about invasive procedures, mentioning she read online that a biopsy might not be necessary with such high antibody levels, particularly since her tTG is more than ten times the upper limit of normal. She is seeking guidance on confirming the diagnosis and starting treatment.","This item assesses reasoning in a classic celiac disease presentation. Key challenges include navigating the adult no-biopsy pathway controversy, recognizing common co-existing conditions like lactose intolerance, and adjusting follow-up based on complications like osteoporosis.",british,"The item is clinically sound. The British (BSG) guideline firmly requires biopsy for adults, making a serology-only diagnosis hypothesis unchanged by patient refusal (Q1=0). The new information correctly makes dietitian referral more appropriate due to likely lactose intolerance (Q2) and a 12-month follow-up less appropriate due to osteoporosis needing closer management (Q3). The BSG stance on adult biopsy is a key differentiator from other guidelines.",diagnosis,a definitive diagnosis of celiac disease can be made based on serology alone.,The patient expresses significant anxiety and states she will refuse an upper endoscopy with biopsy.,this hypothesis becomes,"+2, +1, 0, -1, -2","Patient preference influences the diagnostic pathway but does not alter the objective certainty of the diagnosis itself. For adults, biopsy remains the gold standard, so the hypothesis is not strengthened or weakened by this new information. (0)",0.0
,,,,,,management,initiating a strict gluten-free diet and arranging consultation with a registered dietitian.,She mentions that her symptoms of bloating and gas are noticeably worse after consuming milk or ice cream.,this plan becomes,"+2, +1, 0, -1, -2","This suggests secondary lactose intolerance, common in active celiac disease. This finding reinforces the need for expert dietetic counseling to manage both a GFD and a potential lactose restriction, making the initial plan more appropriate. (+1)",1.0
,,,,,,followup,scheduling a follow-up in 12 months with repeat serology to monitor dietary adherence.,"A baseline DEXA scan, ordered due to her risk factors, reveals osteoporosis with a T-score of -2.7 at the lumbar spine.",this plan becomes,"+2, +1, 0, -1, -2",The finding of osteoporosis is a significant complication requiring more intensive management and closer monitoring than a standard annual follow-up. A 12-month interval is now less appropriate as bone health must also be addressed. (-1),-1.0
Celiac Disease,american,"A 38-year-old woman, diagnosed with celiac disease via biopsy (Marsh 3b) and positive tTG-IgA serology five years ago, presents with persistent symptoms. For the past year, despite reporting strict adherence to a gluten-free diet and prior consultation with a dietitian, she experiences intermittent diarrhea, bloating, and fatigue. Her initial symptoms had resolved completely after starting the GFD. Her current tTG-IgA level is 15 U/mL (normal <10 U/mL), which is down from >250 U/mL at diagnosis but has not fully normalized. She denies any intentional gluten intake and is frustrated with her lack of progress. Her weight has been stable. A complete blood count and comprehensive metabolic panel are unremarkable, with normal albumin and hemoglobin levels. She is concerned about what could be wrong and asks about the next steps.","This case focuses on the common clinical challenge of non-responsive celiac disease. It tests the ability to prioritize investigating ongoing gluten exposure, the most frequent cause, over rarer diagnoses like refractory disease or complications.",british,The item is clinically valid and aligns well with British Society of Gastroenterology guidelines. The core principle—that inadvertent gluten ingestion is the most common cause of non-responsive celiac disease—is universal. The questions correctly probe the need to rule out this common cause before escalating to investigations for refractory disease or complications. The logic is sound and consistent across different guideline perspectives.,diagnosis,a diagnosis of refractory celiac disease type I.,A detailed dietary review reveals frequent consumption of 'gluten-free' oats and dining out at restaurants with high cross-contamination risk.,this hypothesis becomes,"+2, +1, 0, -1, -2","Ongoing gluten exposure is the most common cause of persistent symptoms in celiac disease. This new information strongly points to that etiology, making a diagnosis of true refractory disease much less likely. (-2)",-2.0
,,,,,,management,referring her for a video capsule endoscopy to investigate for complications.,"She mentions developing an intensely itchy, blistering rash on her elbows and knees that has not responded to topical steroids.",this plan becomes,"+2, +1, 0, -1, -2","This describes dermatitis herpetiformis, a pathognomonic sign of celiac disease activity due to gluten exposure. The management priority is reinforcing strict dietary adherence, making an investigation for rare complications less appropriate at this time. (-1)",-1.0
,,,,,,followup,repeating the duodenal biopsy now to reassess for villous atrophy.,Her repeat tTG-IgA level after three months of focused dietary education on cross-contamination comes back at 4 U/mL (normal <10 U/mL).,this plan becomes,"+2, +1, 0, -1, -2","The normalization of serology is a strong indicator of successful dietary adherence and probable mucosal healing. An invasive repeat biopsy becomes less appropriate, as continued clinical and serologic monitoring is sufficient for now. (-1)",-2.0
Celiac_Disease,american,"A 34-year-old woman was diagnosed with celiac disease one year ago after presenting with bloating, chronic diarrhea, and iron deficiency anemia. Her initial workup showed a tissue transglutaminase (tTG) IgA level of 185 U/mL (normal <15 U/mL), and a duodenal biopsy confirmed Marsh 3b villous atrophy. She received counseling from a dietitian and reported strict adherence to a gluten-free diet (GFD). For the first six months, her symptoms improved significantly. However, over the past four months, she has experienced a recurrence of daily non-bloody diarrhea, fatigue, and a 5 kg weight loss. Repeat laboratory tests show her hemoglobin is now 10.2 g/dL (previously 11.5 g/dL) and her tTG-IgA remains elevated at 98 U/mL. She expresses significant frustration, insisting she is being extremely careful with her diet and cannot identify any sources of gluten exposure. The patient is otherwise healthy with no other known medical conditions.","This item assesses the evaluation of non-responsive celiac disease. It emphasizes the primacy of investigating dietary non-adherence and cross-contamination before pursuing diagnoses of refractory disease, and highlights nuances in long-term serological monitoring.",european,The item is clinically valid and aligns well with European guidelines. It correctly prioritizes investigating inadvertent gluten exposure as the primary cause of non-responsive celiac disease before considering rarer diagnoses. The questions are logical and test key clinical decision points. There are no significant disagreements between the American and European approaches for this specific clinical scenario.,diagnosis,"persistent symptoms being caused by ongoing, inadvertent gluten exposure.",A detailed dietary history reveals she regularly eats non-certified gluten-free oats and uses the same toaster as her family for gluten-containing bread.,this hypothesis becomes,"+2, +1, 0, -1, -2","This history strongly points to significant cross-contamination and non-compliant gluten sources (oats), making inadvertent exposure the most likely diagnosis. This is the most common cause of non-responsive CD. (+2)",2.0
,,,,,,management,proceeding directly to capsule endoscopy to investigate for refractory disease or lymphoma.,The patient discloses that she has been taking an over-the-counter probiotic supplement daily which contains wheat dextrin as a filler.,this action becomes,"+2, +1, 0, -1, -2",Discovering a clear source of ongoing gluten exposure makes investigating for rare complications like refractory CD premature. The immediate action should be to eliminate the gluten source. (-2),-2.0
,,,,,,followup,continuing to monitor treatment response with annual tTG-IgA serology.,"A repeat total IgA level, which was normal at diagnosis, is now profoundly low at <10 mg/dL (normal 70-400 mg/dL).",this plan becomes,"+2, +1, 0, -1, -2","With acquired IgA deficiency, tTG-IgA is no longer a reliable marker for adherence. Monitoring must switch to IgG-based serology (e.g., IgG-DGP) to accurately assess response. (-2)",-2.0
Non_Responsive_Celiac_Disease,american,"A 24-year-old woman was diagnosed with celiac disease one year ago based on positive IgA tTG antibodies (>10x ULN) and duodenal biopsies showing Marsh 3b villous atrophy. She has a history of type 1 diabetes. She was referred to a dietitian and initiated a strict gluten-free diet (GFD), reporting significant improvement in her bloating, diarrhea, and fatigue within the first three months. However, for the past six months, she has experienced a gradual return of her symptoms, including persistent loose stools, abdominal cramping, and a 5 kg weight loss, despite her insistence that she is meticulously adherent to the GFD. She denies any intentional gluten exposure and is highly knowledgeable about cross-contamination risks. Her most recent follow-up labs show a persistently elevated IgA tTG at 85 U/mL (previously >250, normal <10). Her primary care physician is concerned about non-responsive celiac disease.","This item assesses the workup of non-responsive celiac disease. The key is to first rigorously exclude ongoing gluten exposure, the most common cause, before proceeding to investigate for co-existing conditions or rare complications like refractory disease.",british,"The clinical reasoning in this item is excellent and aligns perfectly with the British Society of Gastroenterology guidelines. The step-wise approach, prioritizing the exclusion of ongoing gluten exposure before investigating for refractory disease, is standard practice. The questions are clear, and the intended answers are well-supported. No significant differences between British and American guidelines were identified for this specific clinical scenario.",diagnosis,a co-existing diagnosis of exocrine pancreatic insufficiency as the cause for her persistent symptoms.,a stool test for fecal elastase-1 comes back at 450 mcg/g (normal >200 mcg/g).,this hypothesis becomes,"+2, +1, 0, -1, -2",A normal fecal elastase-1 level effectively rules out significant exocrine pancreatic insufficiency as the cause of her malabsorptive symptoms. This makes the hypothesis much less likely. (-2),-2.0
,,,,,,management,referring her for an intensive dietary review with a dietitian specializing in gluten-free diets.,she mentions frequently eating out at restaurants that offer 'gluten-friendly' but not certified gluten-free options.,this plan becomes,"+2, +1, 0, -1, -2","This history strongly suggests ongoing gluten exposure through cross-contamination, the most common cause of non-responsive celiac disease. An intensive dietary review becomes essential. (+2)",2.0
,,,,,,followup,scheduling a repeat upper endoscopy with duodenal biopsies to evaluate for refractory celiac disease.,"after a 6-month period of verified strict adherence with a dietitian, her IgA tTG remains elevated and symptoms persist.",this plan becomes,"+2, +1, 0, -1, -2",Persistent symptoms and elevated serology despite a confirmed gluten-free diet are the key indications for repeat biopsy to rule out refractory celiac disease. This plan is now essential. (+2),2.0
Celiac Disease,american,"A 28-year-old woman, diagnosed with celiac disease two years ago via positive IgA-tTG antibodies and Marsh 3b villous atrophy, returns for follow-up. She reports strict adherence to a gluten-free diet (GFD) after extensive counseling with a registered dietitian. Despite her efforts, she continues to experience intermittent abdominal cramping, bloating, and 2-3 loose stools daily. She has not regained her pre-illness weight and feels persistent fatigue. Her repeat IgA-tTG level, checked last week, remains elevated at 85 U/mL (normal <15 U/mL). She expresses significant frustration, stating she meticulously checks all food labels and avoids cross-contamination at home. Her initial workup at diagnosis was negative for other autoimmune conditions, and her total IgA level was normal. She is otherwise healthy and takes no regular medications besides an iron supplement. The situation presents a classic case of non-responsive celiac disease, requiring further investigation into the cause.","This item explores the differential diagnosis and management of non-responsive celiac disease, emphasizing that persistent gluten exposure is the most common cause, and other etiologies must be considered before diagnosing refractory disease.",british,"This SCT item is clinically sound and aligns with British guidelines. It correctly emphasizes that inadvertent gluten exposure is the most common cause of non-responsive celiac disease, a principle shared with American guidelines. The questions logically follow a stepwise investigation, ruling out common causes (gluten exposure, infection) before considering refractory disease or invasive procedures. The clinical reasoning is appropriate and reflects standard gastroenterology practice.",diagnosis,"a diagnosis of refractory celiac disease, type 1",A detailed 7-day food diary reviewed by a dietitian reveals several instances of unintentional gluten cross-contamination from shared condiments and restaurant meals.,this hypothesis becomes,"+2, +1, 0, -1, -2","Ongoing gluten exposure is the most common cause of non-responsive celiac disease. Identifying this makes a diagnosis of refractory celiac disease, a diagnosis of exclusion, highly unlikely. (-2)",-2.0
,,,,,,management,proceeding with video capsule endoscopy to assess for complications like ulcerative jejunitis,Stool testing reveals a positive result for giardiasis antigen.,this plan becomes,"+2, +1, 0, -1, -2","Giardiasis can cause persistent malabsorptive symptoms mimicking non-responsive celiac disease. The appropriate next step is to treat the infection, making an immediate invasive investigation less appropriate. (-2)",-2.0
,,,,,,followup,scheduling a repeat duodenal biopsy in the next month to assess for histologic non-response,"After another intensive dietary review, her repeat IgA-tTG level decreases by over 50% in three months.",this plan becomes,"+2, +1, 0, -1, -2","A significant serological response suggests improved dietary adherence is working. An invasive repeat biopsy can likely be deferred, making the immediate plan less appropriate. (-1)",-1.0
Celiac Disease,american,"A 32-year-old woman presents with a one-year history of intermittent abdominal bloating, loose stools, and persistent fatigue. Her past medical history is unremarkable, but her older brother has type 1 diabetes. She mentions that for the past three months, she has been consciously avoiding bread and pasta, as she feels it worsens her symptoms. Initial laboratory workup reveals a hemoglobin of 11.2 g/dL (normal 12.0-15.5 g/dL) with a low ferritin of 12 ng/mL (normal 15-150 ng/mL). A celiac serology panel is ordered, showing a tissue transglutaminase (tTG) IgA level of 25 U/mL (upper limit of normal <20 U/mL) and a total serum IgA of 210 mg/dL (normal 70-400 mg/dL). She is anxious about a potential diagnosis of celiac disease and what the next steps should be.","This item explores diagnostic nuances in celiac disease, particularly with a low-positive serology potentially blunted by a low-gluten diet, and highlights key management and follow-up principles related to pre-biopsy diet and complication management.",european,"The item is clinically sound and aligns well with European guidelines. Q1: Positive HLA makes the diagnosis much more likely, necessitating biopsy in an adult. Q2: Proceeding to biopsy while the patient is on a gluten-free diet is contraindicated, a universal principle. Q3: The discovery of osteoporosis, a significant complication, requires specialist management beyond a primary care provider. The reasoning is consistent across American and European guidelines for these core principles.",diagnosis,a definitive diagnosis of celiac disease.,Her HLA typing is positive for the DQ2.5 haplotype.,this hypothesis becomes,"+2, +1, 0, -1, -2","HLA-DQ2 is present in about 95% of patients with celiac disease. In a symptomatic patient with positive serology (even if low), this genetic predisposition makes the diagnosis highly probable, warranting biopsy confirmation. (+2)",2.0
,,,,,,management,proceeding directly to an upper endoscopy with duodenal biopsies.,The patient reports she has been following a strict gluten-free diet for the past three weeks.,this action becomes,"+2, +1, 0, -1, -2",A biopsy performed after a patient has started a gluten-free diet can yield false-negative results as the mucosa heals. A gluten challenge is required before biopsy for an accurate diagnosis. (-2),-2.0
,,,,,,followup,advising annual follow-up with her primary care provider only.,A baseline DEXA scan reveals osteoporosis with a T-score of -2.7 at the lumbar spine.,this plan becomes,"+2, +1, 0, -1, -2","Osteoporosis is a significant complication of celiac disease. This finding necessitates specialist gastroenterology follow-up to ensure optimal dietary adherence, manage malabsorption, and monitor bone health. (-2)",-2.0
Celiac Disease,american,"A 28-year-old female with a 10-year history of type 1 diabetes presents with 18 months of intermittent diarrhea, abdominal bloating, and profound fatigue. She reports an unintentional weight loss of 7 kg over the past year. Initial labs revealed microcytic anemia with a hemoglobin of 10.1 g/dL. Celiac serology was subsequently ordered, showing a tissue transglutaminase (tTG) IgA level of 254 U/mL (normal <15 U/mL) and a positive endomysial antibody (EMA) IgA test. Her total serum IgA is normal. The patient is referred to your gastroenterology clinic to discuss the results. She seems hesitant about invasive procedures, mentioning she read online that a biopsy might not be necessary with such high antibody levels, particularly since her tTG is more than ten times the upper limit of normal. She is seeking guidance on confirming the diagnosis and starting treatment.","This item assesses reasoning in a classic celiac disease presentation. Key challenges include navigating the adult no-biopsy pathway controversy, recognizing common co-existing conditions like lactose intolerance, and adjusting follow-up based on complications like osteoporosis.",british,"The item is clinically sound. The British (BSG) guideline firmly requires biopsy for adults, making a serology-only diagnosis hypothesis unchanged by patient refusal (Q1=0). The new information correctly makes dietitian referral more appropriate due to likely lactose intolerance (Q2) and a 12-month follow-up less appropriate due to osteoporosis needing closer management (Q3). The BSG stance on adult biopsy is a key differentiator from other guidelines.",diagnosis,a definitive diagnosis of celiac disease can be made based on serology alone.,The patient expresses significant anxiety and states she will refuse an upper endoscopy with biopsy.,this hypothesis becomes,"+2, +1, 0, -1, -2","Patient preference influences the diagnostic pathway but does not alter the objective certainty of the diagnosis itself. For adults, biopsy remains the gold standard, so the hypothesis is not strengthened or weakened by this new information. (0)",0.0
,,,,,,management,initiating a strict gluten-free diet and arranging consultation with a registered dietitian.,She mentions that her symptoms of bloating and gas are noticeably worse after consuming milk or ice cream.,this plan becomes,"+2, +1, 0, -1, -2","This suggests secondary lactose intolerance, common in active celiac disease. This finding reinforces the need for expert dietetic counseling to manage both a GFD and a potential lactose restriction, making the initial plan more appropriate. (+1)",1.0
,,,,,,followup,scheduling a follow-up in 12 months with repeat serology to monitor dietary adherence.,"A baseline DEXA scan, ordered due to her risk factors, reveals osteoporosis with a T-score of -2.7 at the lumbar spine.",this plan becomes,"+2, +1, 0, -1, -2",The finding of osteoporosis is a significant complication requiring more intensive management and closer monitoring than a standard annual follow-up. A 12-month interval is now less appropriate as bone health must also be addressed. (-1),-1.0
Celiac Disease,american,"A 38-year-old woman, diagnosed with celiac disease via biopsy (Marsh 3b) and positive tTG-IgA serology five years ago, presents with persistent symptoms. For the past year, despite reporting strict adherence to a gluten-free diet and prior consultation with a dietitian, she experiences intermittent diarrhea, bloating, and fatigue. Her initial symptoms had resolved completely after starting the GFD. Her current tTG-IgA level is 15 U/mL (normal <10 U/mL), which is down from >250 U/mL at diagnosis but has not fully normalized. She denies any intentional gluten intake and is frustrated with her lack of progress. Her weight has been stable. A complete blood count and comprehensive metabolic panel are unremarkable, with normal albumin and hemoglobin levels. She is concerned about what could be wrong and asks about the next steps.","This case focuses on the common clinical challenge of non-responsive celiac disease. It tests the ability to prioritize investigating ongoing gluten exposure, the most frequent cause, over rarer diagnoses like refractory disease or complications.",british,The item is clinically valid and aligns well with British Society of Gastroenterology guidelines. The core principle—that inadvertent gluten ingestion is the most common cause of non-responsive celiac disease—is universal. The questions correctly probe the need to rule out this common cause before escalating to investigations for refractory disease or complications. The logic is sound and consistent across different guideline perspectives.,diagnosis,a diagnosis of refractory celiac disease type I.,A detailed dietary review reveals frequent consumption of 'gluten-free' oats and dining out at restaurants with high cross-contamination risk.,this hypothesis becomes,"+2, +1, 0, -1, -2","Ongoing gluten exposure is the most common cause of persistent symptoms in celiac disease. This new information strongly points to that etiology, making a diagnosis of true refractory disease much less likely. (-2)",-2.0
,,,,,,management,referring her for a video capsule endoscopy to investigate for complications.,"She mentions developing an intensely itchy, blistering rash on her elbows and knees that has not responded to topical steroids.",this plan becomes,"+2, +1, 0, -1, -2","This describes dermatitis herpetiformis, a pathognomonic sign of celiac disease activity due to gluten exposure. The management priority is reinforcing strict dietary adherence, making an investigation for rare complications less appropriate at this time. (-1)",-1.0
,,,,,,followup,repeating the duodenal biopsy now to reassess for villous atrophy.,Her repeat tTG-IgA level after three months of focused dietary education on cross-contamination comes back at 4 U/mL (normal <10 U/mL).,this plan becomes,"+2, +1, 0, -1, -2","The normalization of serology is a strong indicator of successful dietary adherence and probable mucosal healing. An invasive repeat biopsy becomes less appropriate, as continued clinical and serologic monitoring is sufficient for now. (-1)",-2.0
Celiac Disease,american,"A 34-year-old woman was diagnosed with celiac disease one year ago based on a high IgA tissue transglutaminase (tTG) antibody level (>200 U/mL) and duodenal biopsy showing Marsh 3b villous atrophy. She was referred to a dietitian and reports adhering strictly to a gluten-free diet (GFD). Despite this, she continues to experience persistent bloating, intermittent non-bloody diarrhea, and significant fatigue, which has impacted her work. Her weight has remained stable since diagnosis. She feels frustrated and questions the effectiveness of the diet. Her initial workup at diagnosis was negative for other autoimmune conditions, and her total IgA level was normal. She brings a food diary that appears appropriately gluten-free. You are seeing her for a one-year follow-up visit to evaluate her non-responsive symptoms.",This case focuses on the common clinical challenge of non-responsive celiac disease. It tests the ability to look beyond poor dietary adherence and consider co-existing conditions and long-term complications as per guidelines.,british,"This is a high-quality item assessing a common clinical challenge. The British Society of Gastroenterology guideline aligns with the intended reasoning. It correctly highlights considering alternative diagnoses like microscopic colitis when serology normalizes but symptoms persist (Q1, Q2). The guideline's emphasis on assessing bone health, especially with a history of fractures (Q3), makes the intended answer essential. No major divergence from the American guideline approach is noted in this specific context.",diagnosis,an underlying diagnosis of microscopic colitis is contributing to her persistent diarrhea.,a flexible sigmoidoscopy with random biopsies reveals a thickened subepithelial collagen band.,this hypothesis becomes,"+2, +1, 0, -1, -2","This histological finding confirms collagenous colitis, a type of microscopic colitis, which can co-exist with celiac disease and explain persistent symptoms despite a GFD. (+2)",2.0
,,,,,,management,referring her back to the dietitian for an intensive review of hidden gluten sources.,her repeat IgA tTG antibody level has normalized to 12 U/mL (normal <15 U/mL).,this action becomes,"+2, +1, 0, -1, -2","Normalizing tTG levels strongly indicate excellent adherence to the GFD. This makes ongoing gluten exposure an unlikely cause of her symptoms, rendering intensive dietary review less appropriate. (-1)",-1.0
,,,,,,followup,scheduling a DEXA scan to screen for osteoporosis at this visit.,she mentions a history of multiple low-impact fractures as a teenager prior to her diagnosis.,this plan becomes,"+2, +1, 0, -1, -2","Patients with celiac disease are at high risk for osteoporosis. A prior history of fragility fractures significantly increases this risk, making bone density screening essential. (+2)",2.0
Celiac Disease,american,"A 24-year-old woman with a 10-year history of well-controlled type 1 diabetes presents for evaluation of persistent fatigue and microcytic anemia. Her hemoglobin is 10.2 g/dL with an MCV of 75 fL, and ferritin is low at 12 ng/mL. She reports intermittent bloating and loose stools for the past year, which she attributed to stress and her diabetes. She denies overt gastrointestinal bleeding or significant weight loss. Given her T1DM and iron deficiency anemia, you proceed with celiac serology. Her tissue transglutaminase (tTG) IgA level is 55 U/mL (upper limit of normal <20 U/mL), and her total IgA level is normal. An upper endoscopy with duodenal biopsies is performed, showing moderate villous atrophy (Marsh 3b). The patient is anxious about a potential new lifelong diagnosis and its management.","This item focuses on the initial diagnosis, management, and long-term follow-up of a patient with newly diagnosed celiac disease, particularly addressing common comorbidities and the need for comprehensive monitoring beyond serology.",british,"The item is clinically valid. The British Society of Gastroenterology (BSG) guidelines strongly support the reasoning for the management (+2) and follow-up (-2) questions, which emphasize mandatory dietitian referral and active management of complications like osteoporosis. For the diagnosis question, while the biopsy is definitive in adults per BSG, a negative EMA is discordant information that slightly weakens the certainty of a 'definitive' diagnosis, making the hypothesis less likely (-1).",diagnosis,a definitive diagnosis of celiac disease is established.,"The patient's anti-endomysial antibody (EMA) test, run concurrently, comes back negative.",this hypothesis becomes,"+2, +1, 0, -1, -2","Despite the negative EMA, the combination of high-risk comorbidity (T1DM), positive tTG, and confirmatory biopsy (Marsh 3b) still strongly supports celiac disease. The diagnosis is only slightly less certain but remains very likely. (+1)",-1.0
,,,,,,management,initiating a strict gluten-free diet and scheduling a dietitian consultation.,The patient reports a concurrent diagnosis of a severe nut allergy and has a very limited budget for groceries.,this plan becomes,"+2, +1, 0, -1, -2",A gluten-free diet is the only treatment and is non-negotiable. The patient's dietary restrictions and financial constraints make the dietitian consultation even more critical to ensure safe and adequate nutrition. (+2),2.0
,,,,,,followup,planning annual follow-up with only tTG-IgA serology to monitor dietary adherence.,"At diagnosis, her DEXA scan reveals a Z-score of -2.2 at the lumbar spine, consistent with osteoporosis.",this plan becomes,"+2, +1, 0, -1, -2","A plan limited to serology is inadequate given the significant complication of osteoporosis. Follow-up must also include monitoring bone density and managing this comorbidity, making the initial plan inappropriate. (-2)",-2.0
Celiac_Disease,american,"A 34-year-old woman was diagnosed with celiac disease one year ago after presenting with bloating, chronic diarrhea, and iron deficiency anemia. Her initial workup showed a tissue transglutaminase (tTG) IgA level of 185 U/mL (normal <15 U/mL), and a duodenal biopsy confirmed Marsh 3b villous atrophy. She received counseling from a dietitian and reported strict adherence to a gluten-free diet (GFD). For the first six months, her symptoms improved significantly. However, over the past four months, she has experienced a recurrence of daily non-bloody diarrhea, fatigue, and a 5 kg weight loss. Repeat laboratory tests show her hemoglobin is now 10.2 g/dL (previously 11.5 g/dL) and her tTG-IgA remains elevated at 98 U/mL. She expresses significant frustration, insisting she is being extremely careful with her diet and cannot identify any sources of gluten exposure. The patient is otherwise healthy with no other known medical conditions.","This item assesses the evaluation of non-responsive celiac disease. It emphasizes the primacy of investigating dietary non-adherence and cross-contamination before pursuing diagnoses of refractory disease, and highlights nuances in long-term serological monitoring.",european,The item is clinically valid and aligns well with European guidelines. It correctly prioritizes investigating inadvertent gluten exposure as the primary cause of non-responsive celiac disease before considering rarer diagnoses. The questions are logical and test key clinical decision points. There are no significant disagreements between the American and European approaches for this specific clinical scenario.,diagnosis,"persistent symptoms being caused by ongoing, inadvertent gluten exposure.",A detailed dietary history reveals she regularly eats non-certified gluten-free oats and uses the same toaster as her family for gluten-containing bread.,this hypothesis becomes,"+2, +1, 0, -1, -2","This history strongly points to significant cross-contamination and non-compliant gluten sources (oats), making inadvertent exposure the most likely diagnosis. This is the most common cause of non-responsive CD. (+2)",2.0
,,,,,,management,proceeding directly to capsule endoscopy to investigate for refractory disease or lymphoma.,The patient discloses that she has been taking an over-the-counter probiotic supplement daily which contains wheat dextrin as a filler.,this action becomes,"+2, +1, 0, -1, -2",Discovering a clear source of ongoing gluten exposure makes investigating for rare complications like refractory CD premature. The immediate action should be to eliminate the gluten source. (-2),-2.0
,,,,,,followup,continuing to monitor treatment response with annual tTG-IgA serology.,"A repeat total IgA level, which was normal at diagnosis, is now profoundly low at <10 mg/dL (normal 70-400 mg/dL).",this plan becomes,"+2, +1, 0, -1, -2","With acquired IgA deficiency, tTG-IgA is no longer a reliable marker for adherence. Monitoring must switch to IgG-based serology (e.g., IgG-DGP) to accurately assess response. (-2)",-2.0
Non_Responsive_Celiac_Disease,american,"A 24-year-old woman was diagnosed with celiac disease one year ago based on positive IgA tTG antibodies (>10x ULN) and duodenal biopsies showing Marsh 3b villous atrophy. She has a history of type 1 diabetes. She was referred to a dietitian and initiated a strict gluten-free diet (GFD), reporting significant improvement in her bloating, diarrhea, and fatigue within the first three months. However, for the past six months, she has experienced a gradual return of her symptoms, including persistent loose stools, abdominal cramping, and a 5 kg weight loss, despite her insistence that she is meticulously adherent to the GFD. She denies any intentional gluten exposure and is highly knowledgeable about cross-contamination risks. Her most recent follow-up labs show a persistently elevated IgA tTG at 85 U/mL (previously >250, normal <10). Her primary care physician is concerned about non-responsive celiac disease.","This item assesses the workup of non-responsive celiac disease. The key is to first rigorously exclude ongoing gluten exposure, the most common cause, before proceeding to investigate for co-existing conditions or rare complications like refractory disease.",british,"The clinical reasoning in this item is excellent and aligns perfectly with the British Society of Gastroenterology guidelines. The step-wise approach, prioritizing the exclusion of ongoing gluten exposure before investigating for refractory disease, is standard practice. The questions are clear, and the intended answers are well-supported. No significant differences between British and American guidelines were identified for this specific clinical scenario.",diagnosis,a co-existing diagnosis of exocrine pancreatic insufficiency as the cause for her persistent symptoms.,a stool test for fecal elastase-1 comes back at 450 mcg/g (normal >200 mcg/g).,this hypothesis becomes,"+2, +1, 0, -1, -2",A normal fecal elastase-1 level effectively rules out significant exocrine pancreatic insufficiency as the cause of her malabsorptive symptoms. This makes the hypothesis much less likely. (-2),-2.0
,,,,,,management,referring her for an intensive dietary review with a dietitian specializing in gluten-free diets.,she mentions frequently eating out at restaurants that offer 'gluten-friendly' but not certified gluten-free options.,this plan becomes,"+2, +1, 0, -1, -2","This history strongly suggests ongoing gluten exposure through cross-contamination, the most common cause of non-responsive celiac disease. An intensive dietary review becomes essential. (+2)",2.0
,,,,,,followup,scheduling a repeat upper endoscopy with duodenal biopsies to evaluate for refractory celiac disease.,"after a 6-month period of verified strict adherence with a dietitian, her IgA tTG remains elevated and symptoms persist.",this plan becomes,"+2, +1, 0, -1, -2",Persistent symptoms and elevated serology despite a confirmed gluten-free diet are the key indications for repeat biopsy to rule out refractory celiac disease. This plan is now essential. (+2),2.0
Celiac Disease,american,"A 28-year-old woman, diagnosed with celiac disease two years ago via positive IgA-tTG antibodies and Marsh 3b villous atrophy, returns for follow-up. She reports strict adherence to a gluten-free diet (GFD) after extensive counseling with a registered dietitian. Despite her efforts, she continues to experience intermittent abdominal cramping, bloating, and 2-3 loose stools daily. She has not regained her pre-illness weight and feels persistent fatigue. Her repeat IgA-tTG level, checked last week, remains elevated at 85 U/mL (normal <15 U/mL). She expresses significant frustration, stating she meticulously checks all food labels and avoids cross-contamination at home. Her initial workup at diagnosis was negative for other autoimmune conditions, and her total IgA level was normal. She is otherwise healthy and takes no regular medications besides an iron supplement. The situation presents a classic case of non-responsive celiac disease, requiring further investigation into the cause.","This item explores the differential diagnosis and management of non-responsive celiac disease, emphasizing that persistent gluten exposure is the most common cause, and other etiologies must be considered before diagnosing refractory disease.",british,"This SCT item is clinically sound and aligns with British guidelines. It correctly emphasizes that inadvertent gluten exposure is the most common cause of non-responsive celiac disease, a principle shared with American guidelines. The questions logically follow a stepwise investigation, ruling out common causes (gluten exposure, infection) before considering refractory disease or invasive procedures. The clinical reasoning is appropriate and reflects standard gastroenterology practice.",diagnosis,"a diagnosis of refractory celiac disease, type 1",A detailed 7-day food diary reviewed by a dietitian reveals several instances of unintentional gluten cross-contamination from shared condiments and restaurant meals.,this hypothesis becomes,"+2, +1, 0, -1, -2","Ongoing gluten exposure is the most common cause of non-responsive celiac disease. Identifying this makes a diagnosis of refractory celiac disease, a diagnosis of exclusion, highly unlikely. (-2)",-2.0
,,,,,,management,proceeding with video capsule endoscopy to assess for complications like ulcerative jejunitis,Stool testing reveals a positive result for giardiasis antigen.,this plan becomes,"+2, +1, 0, -1, -2","Giardiasis can cause persistent malabsorptive symptoms mimicking non-responsive celiac disease. The appropriate next step is to treat the infection, making an immediate invasive investigation less appropriate. (-2)",-2.0
,,,,,,followup,scheduling a repeat duodenal biopsy in the next month to assess for histologic non-response,"After another intensive dietary review, her repeat IgA-tTG level decreases by over 50% in three months.",this plan becomes,"+2, +1, 0, -1, -2","A significant serological response suggests improved dietary adherence is working. An invasive repeat biopsy can likely be deferred, making the immediate plan less appropriate. (-1)",-1.0
Celiac Disease,american,"A 32-year-old woman presents with a one-year history of intermittent abdominal bloating, loose stools, and persistent fatigue. Her past medical history is unremarkable, but her older brother has type 1 diabetes. She mentions that for the past three months, she has been consciously avoiding bread and pasta, as she feels it worsens her symptoms. Initial laboratory workup reveals a hemoglobin of 11.2 g/dL (normal 12.0-15.5 g/dL) with a low ferritin of 12 ng/mL (normal 15-150 ng/mL). A celiac serology panel is ordered, showing a tissue transglutaminase (tTG) IgA level of 25 U/mL (upper limit of normal <20 U/mL) and a total serum IgA of 210 mg/dL (normal 70-400 mg/dL). She is anxious about a potential diagnosis of celiac disease and what the next steps should be.","This item explores diagnostic nuances in celiac disease, particularly with a low-positive serology potentially blunted by a low-gluten diet, and highlights key management and follow-up principles related to pre-biopsy diet and complication management.",european,"The item is clinically sound and aligns well with European guidelines. Q1: Positive HLA makes the diagnosis much more likely, necessitating biopsy in an adult. Q2: Proceeding to biopsy while the patient is on a gluten-free diet is contraindicated, a universal principle. Q3: The discovery of osteoporosis, a significant complication, requires specialist management beyond a primary care provider. The reasoning is consistent across American and European guidelines for these core principles.",diagnosis,a definitive diagnosis of celiac disease.,Her HLA typing is positive for the DQ2.5 haplotype.,this hypothesis becomes,"+2, +1, 0, -1, -2","HLA-DQ2 is present in about 95% of patients with celiac disease. In a symptomatic patient with positive serology (even if low), this genetic predisposition makes the diagnosis highly probable, warranting biopsy confirmation. (+2)",2.0
,,,,,,management,proceeding directly to an upper endoscopy with duodenal biopsies.,The patient reports she has been following a strict gluten-free diet for the past three weeks.,this action becomes,"+2, +1, 0, -1, -2",A biopsy performed after a patient has started a gluten-free diet can yield false-negative results as the mucosa heals. A gluten challenge is required before biopsy for an accurate diagnosis. (-2),-2.0
,,,,,,followup,advising annual follow-up with her primary care provider only.,A baseline DEXA scan reveals osteoporosis with a T-score of -2.7 at the lumbar spine.,this plan becomes,"+2, +1, 0, -1, -2","Osteoporosis is a significant complication of celiac disease. This finding necessitates specialist gastroenterology follow-up to ensure optimal dietary adherence, manage malabsorption, and monitor bone health. (-2)",-2.0
Celiac Disease,american,"A 28-year-old female with a 10-year history of type 1 diabetes presents with 18 months of intermittent diarrhea, abdominal bloating, and profound fatigue. She reports an unintentional weight loss of 7 kg over the past year. Initial labs revealed microcytic anemia with a hemoglobin of 10.1 g/dL. Celiac serology was subsequently ordered, showing a tissue transglutaminase (tTG) IgA level of 254 U/mL (normal <15 U/mL) and a positive endomysial antibody (EMA) IgA test. Her total serum IgA is normal. The patient is referred to your gastroenterology clinic to discuss the results. She seems hesitant about invasive procedures, mentioning she read online that a biopsy might not be necessary with such high antibody levels, particularly since her tTG is more than ten times the upper limit of normal. She is seeking guidance on confirming the diagnosis and starting treatment.","This item assesses reasoning in a classic celiac disease presentation. Key challenges include navigating the adult no-biopsy pathway controversy, recognizing common co-existing conditions like lactose intolerance, and adjusting follow-up based on complications like osteoporosis.",british,"The item is clinically sound. The British (BSG) guideline firmly requires biopsy for adults, making a serology-only diagnosis hypothesis unchanged by patient refusal (Q1=0). The new information correctly makes dietitian referral more appropriate due to likely lactose intolerance (Q2) and a 12-month follow-up less appropriate due to osteoporosis needing closer management (Q3). The BSG stance on adult biopsy is a key differentiator from other guidelines.",diagnosis,a definitive diagnosis of celiac disease can be made based on serology alone.,The patient expresses significant anxiety and states she will refuse an upper endoscopy with biopsy.,this hypothesis becomes,"+2, +1, 0, -1, -2","Patient preference influences the diagnostic pathway but does not alter the objective certainty of the diagnosis itself. For adults, biopsy remains the gold standard, so the hypothesis is not strengthened or weakened by this new information. (0)",0.0
,,,,,,management,initiating a strict gluten-free diet and arranging consultation with a registered dietitian.,She mentions that her symptoms of bloating and gas are noticeably worse after consuming milk or ice cream.,this plan becomes,"+2, +1, 0, -1, -2","This suggests secondary lactose intolerance, common in active celiac disease. This finding reinforces the need for expert dietetic counseling to manage both a GFD and a potential lactose restriction, making the initial plan more appropriate. (+1)",1.0
,,,,,,followup,scheduling a follow-up in 12 months with repeat serology to monitor dietary adherence.,"A baseline DEXA scan, ordered due to her risk factors, reveals osteoporosis with a T-score of -2.7 at the lumbar spine.",this plan becomes,"+2, +1, 0, -1, -2",The finding of osteoporosis is a significant complication requiring more intensive management and closer monitoring than a standard annual follow-up. A 12-month interval is now less appropriate as bone health must also be addressed. (-1),-1.0
Celiac Disease,american,"A 38-year-old woman, diagnosed with celiac disease via biopsy (Marsh 3b) and positive tTG-IgA serology five years ago, presents with persistent symptoms. For the past year, despite reporting strict adherence to a gluten-free diet and prior consultation with a dietitian, she experiences intermittent diarrhea, bloating, and fatigue. Her initial symptoms had resolved completely after starting the GFD. Her current tTG-IgA level is 15 U/mL (normal <10 U/mL), which is down from >250 U/mL at diagnosis but has not fully normalized. She denies any intentional gluten intake and is frustrated with her lack of progress. Her weight has been stable. A complete blood count and comprehensive metabolic panel are unremarkable, with normal albumin and hemoglobin levels. She is concerned about what could be wrong and asks about the next steps.","This case focuses on the common clinical challenge of non-responsive celiac disease. It tests the ability to prioritize investigating ongoing gluten exposure, the most frequent cause, over rarer diagnoses like refractory disease or complications.",british,The item is clinically valid and aligns well with British Society of Gastroenterology guidelines. The core principle—that inadvertent gluten ingestion is the most common cause of non-responsive celiac disease—is universal. The questions correctly probe the need to rule out this common cause before escalating to investigations for refractory disease or complications. The logic is sound and consistent across different guideline perspectives.,diagnosis,a diagnosis of refractory celiac disease type I.,A detailed dietary review reveals frequent consumption of 'gluten-free' oats and dining out at restaurants with high cross-contamination risk.,this hypothesis becomes,"+2, +1, 0, -1, -2","Ongoing gluten exposure is the most common cause of persistent symptoms in celiac disease. This new information strongly points to that etiology, making a diagnosis of true refractory disease much less likely. (-2)",-2.0
,,,,,,management,referring her for a video capsule endoscopy to investigate for complications.,"She mentions developing an intensely itchy, blistering rash on her elbows and knees that has not responded to topical steroids.",this plan becomes,"+2, +1, 0, -1, -2","This describes dermatitis herpetiformis, a pathognomonic sign of celiac disease activity due to gluten exposure. The management priority is reinforcing strict dietary adherence, making an investigation for rare complications less appropriate at this time. (-1)",-1.0
,,,,,,followup,repeating the duodenal biopsy now to reassess for villous atrophy.,Her repeat tTG-IgA level after three months of focused dietary education on cross-contamination comes back at 4 U/mL (normal <10 U/mL).,this plan becomes,"+2, +1, 0, -1, -2","The normalization of serology is a strong indicator of successful dietary adherence and probable mucosal healing. An invasive repeat biopsy becomes less appropriate, as continued clinical and serologic monitoring is sufficient for now. (-1)",-2.0
Celiac Disease,american,"A 34-year-old woman was diagnosed with celiac disease one year ago based on a high IgA tissue transglutaminase (tTG) antibody level (>200 U/mL) and duodenal biopsy showing Marsh 3b villous atrophy. She was referred to a dietitian and reports adhering strictly to a gluten-free diet (GFD). Despite this, she continues to experience persistent bloating, intermittent non-bloody diarrhea, and significant fatigue, which has impacted her work. Her weight has remained stable since diagnosis. She feels frustrated and questions the effectiveness of the diet. Her initial workup at diagnosis was negative for other autoimmune conditions, and her total IgA level was normal. She brings a food diary that appears appropriately gluten-free. You are seeing her for a one-year follow-up visit to evaluate her non-responsive symptoms.",This case focuses on the common clinical challenge of non-responsive celiac disease. It tests the ability to look beyond poor dietary adherence and consider co-existing conditions and long-term complications as per guidelines.,british,"This is a high-quality item assessing a common clinical challenge. The British Society of Gastroenterology guideline aligns with the intended reasoning. It correctly highlights considering alternative diagnoses like microscopic colitis when serology normalizes but symptoms persist (Q1, Q2). The guideline's emphasis on assessing bone health, especially with a history of fractures (Q3), makes the intended answer essential. No major divergence from the American guideline approach is noted in this specific context.",diagnosis,an underlying diagnosis of microscopic colitis is contributing to her persistent diarrhea.,a flexible sigmoidoscopy with random biopsies reveals a thickened subepithelial collagen band.,this hypothesis becomes,"+2, +1, 0, -1, -2","This histological finding confirms collagenous colitis, a type of microscopic colitis, which can co-exist with celiac disease and explain persistent symptoms despite a GFD. (+2)",2.0
,,,,,,management,referring her back to the dietitian for an intensive review of hidden gluten sources.,her repeat IgA tTG antibody level has normalized to 12 U/mL (normal <15 U/mL).,this action becomes,"+2, +1, 0, -1, -2","Normalizing tTG levels strongly indicate excellent adherence to the GFD. This makes ongoing gluten exposure an unlikely cause of her symptoms, rendering intensive dietary review less appropriate. (-1)",-1.0
,,,,,,followup,scheduling a DEXA scan to screen for osteoporosis at this visit.,she mentions a history of multiple low-impact fractures as a teenager prior to her diagnosis.,this plan becomes,"+2, +1, 0, -1, -2","Patients with celiac disease are at high risk for osteoporosis. A prior history of fragility fractures significantly increases this risk, making bone density screening essential. (+2)",2.0
Celiac Disease,american,"A 24-year-old woman with a 10-year history of well-controlled type 1 diabetes presents for evaluation of persistent fatigue and microcytic anemia. Her hemoglobin is 10.2 g/dL with an MCV of 75 fL, and ferritin is low at 12 ng/mL. She reports intermittent bloating and loose stools for the past year, which she attributed to stress and her diabetes. She denies overt gastrointestinal bleeding or significant weight loss. Given her T1DM and iron deficiency anemia, you proceed with celiac serology. Her tissue transglutaminase (tTG) IgA level is 55 U/mL (upper limit of normal <20 U/mL), and her total IgA level is normal. An upper endoscopy with duodenal biopsies is performed, showing moderate villous atrophy (Marsh 3b). The patient is anxious about a potential new lifelong diagnosis and its management.","This item focuses on the initial diagnosis, management, and long-term follow-up of a patient with newly diagnosed celiac disease, particularly addressing common comorbidities and the need for comprehensive monitoring beyond serology.",british,"The item is clinically valid. The British Society of Gastroenterology (BSG) guidelines strongly support the reasoning for the management (+2) and follow-up (-2) questions, which emphasize mandatory dietitian referral and active management of complications like osteoporosis. For the diagnosis question, while the biopsy is definitive in adults per BSG, a negative EMA is discordant information that slightly weakens the certainty of a 'definitive' diagnosis, making the hypothesis less likely (-1).",diagnosis,a definitive diagnosis of celiac disease is established.,"The patient's anti-endomysial antibody (EMA) test, run concurrently, comes back negative.",this hypothesis becomes,"+2, +1, 0, -1, -2","Despite the negative EMA, the combination of high-risk comorbidity (T1DM), positive tTG, and confirmatory biopsy (Marsh 3b) still strongly supports celiac disease. The diagnosis is only slightly less certain but remains very likely. (+1)",-1.0
,,,,,,management,initiating a strict gluten-free diet and scheduling a dietitian consultation.,The patient reports a concurrent diagnosis of a severe nut allergy and has a very limited budget for groceries.,this plan becomes,"+2, +1, 0, -1, -2",A gluten-free diet is the only treatment and is non-negotiable. The patient's dietary restrictions and financial constraints make the dietitian consultation even more critical to ensure safe and adequate nutrition. (+2),2.0
,,,,,,followup,planning annual follow-up with only tTG-IgA serology to monitor dietary adherence.,"At diagnosis, her DEXA scan reveals a Z-score of -2.2 at the lumbar spine, consistent with osteoporosis.",this plan becomes,"+2, +1, 0, -1, -2","A plan limited to serology is inadequate given the significant complication of osteoporosis. Follow-up must also include monitoring bone density and managing this comorbidity, making the initial plan inappropriate. (-2)",-2.0
Celiac Disease,american,"A 34-year-old woman was diagnosed with celiac disease 18 months ago based on an elevated tTG-IgA (>100 U/mL) and duodenal biopsy showing Marsh 3b villous atrophy. She initially responded well to a strict gluten-free diet (GFD) with resolution of her symptoms and normalization of serology. For the past six months, however, she has experienced a recurrence of bloating, intermittent diarrhea, and abdominal cramping, despite reporting meticulous adherence to her GFD. She has seen a dietitian specializing in celiac disease and denies any intentional or accidental gluten intake. A recent follow-up tTG-IgA level is 15 U/mL (normal <20 U/mL), and her ferritin is 55 ng/mL (normal 15-150 ng/mL). She expresses significant frustration with her persistent symptoms, which are affecting her quality of life. An upper endoscopy with repeat duodenal biopsies is being considered to re-evaluate her condition.","This item explores the differential diagnosis and management of non-responsive celiac disease, where inadvertent gluten ingestion is common, but co-existing conditions like SIBO or refractory disease must be considered.",european,"The item effectively tests the differential diagnosis and management of non-responsive celiac disease. The European guideline perspective aligns well with the expected reasoning; prioritize investigating ongoing gluten exposure, consider co-existing conditions like SIBO, and escalate care for persistent villous atrophy. The clinical scenarios are realistic and the reasoning required is consistent across major international guidelines, making this a high-quality item.",diagnosis,a co-existing diagnosis of small intestinal bacterial overgrowth (SIBO) as the cause of her symptoms.,A glucose breath test shows an early rise in hydrogen concentration of 30 ppm over baseline within 90 minutes.,this hypothesis becomes,"+2, +1, 0, -1, -2","A positive breath test strongly supports SIBO, a common cause of persistent symptoms in celiac disease, even with a normal tTG. This makes the hypothesis much more likely. (+2)",2.0
,,,,,,management,proceeding directly to repeat upper endoscopy with duodenal biopsies to assess for histologic remission.,"She reveals she has been consuming 'gluten-free' oat milk daily, unaware that oats can be a source of cross-contamination.",this plan becomes,"+2, +1, 0, -1, -2",Ongoing gluten exposure is the most common cause of non-responsive celiac disease. Identifying a probable dietary source makes immediate invasive testing less appropriate than first eliminating oats. (-1),-1.0
,,,,,,followup,"scheduling annual follow-up with serology testing only, as long as she remains clinically well.","Repeat duodenal biopsies, performed for her symptoms, show persistent Marsh 3b villous atrophy despite a dietitian-verified GFD.",this plan becomes,"+2, +1, 0, -1, -2",Persistent villous atrophy despite a strict GFD defines non-responsive celiac disease and raises concern for refractory disease. This requires much more intensive follow-up than routine serology. (-2),-2.0
Celiac Disease,american,"A 32-year-old woman was diagnosed with celiac disease 18 months ago based on a tTG-IgA level >250 U/mL (normal <15) and a duodenal biopsy showing Marsh 3b villous atrophy. She attended a single session with a dietitian and reports strict adherence to a gluten-free diet since her diagnosis. She returns for follow-up complaining of persistent fatigue, intermittent diarrhea, and significant abdominal bloating that has not improved. Her weight has remained stable, but she has not regained the 8 kg she lost prior to diagnosis. Repeat laboratory tests today show her tTG-IgA has decreased to 45 U/mL, but remains elevated. Her hemoglobin has slightly improved from 10.5 g/dL to 11.2 g/dL (normal 12-16 g/dL). You are considering the next steps in her evaluation for non-responsive celiac disease, as her clinical and serological response has been incomplete.","This case focuses on the evaluation of non-responsive celiac disease. The key is to systematically consider the most common cause (ongoing gluten exposure) before moving to less common diagnoses or invasive procedures, as per ACG guidelines.",european,"The item is clinically valid and aligns well with European guidelines for non-responsive celiac disease (NRCD). ESPGHAN guidelines, similar to American ones, strongly prioritize investigating ongoing gluten exposure as the primary cause of NRCD. The questions logically follow this pathway. My assessment differs slightly on the final question; once non-adherence is admitted, an invasive procedure to assess for refractory disease becomes highly inappropriate (-2), not just less appropriate (-1).",diagnosis,unintentional gluten exposure is the most likely cause of her persistent symptoms and incomplete serologic response.,A detailed dietary review with a celiac-specialized dietitian reveals multiple sources of hidden gluten and cross-contamination in her diet.,this hypothesis becomes,"+2, +1, 0, -1, -2",Ongoing gluten exposure is the most common cause of non-responsive celiac disease. This finding strongly confirms the initial hypothesis. (+2),2.0
,,,,,,management,empirically treating for small intestinal bacterial overgrowth (SIBO) with a course of rifaximin.,A recent glucose breath test was performed and came back definitively negative for SIBO.,this plan becomes,"+2, +1, 0, -1, -2","SIBO is a potential cause of persistent symptoms, but treating empirically is contraindicated when a definitive test has already ruled it out. (-2)",-2.0
,,,,,,followup,repeating the upper endoscopy with duodenal biopsies now to assess for refractory disease.,The patient tearfully admits she has been non-adherent with her gluten-free diet due to social pressures and financial constraints.,this plan becomes,"+2, +1, 0, -1, -2","The cause is now clear (non-adherence), so the priority is addressing barriers to the diet, not an immediate invasive procedure. The endoscopy becomes less appropriate. (-1)",-2.0
Celiac Disease,american,"A 28-year-old woman with a history of type 1 diabetes presents with six months of bloating, intermittent diarrhea, and profound fatigue. She reports an unintentional weight loss of 5 kg. Her initial lab work is notable for iron deficiency anemia with a hemoglobin of 10.8 g/dL. Celiac serologies were ordered, revealing a markedly elevated IgA tissue transglutaminase (tTG) antibody level of 250 U/mL (normal <15 U/mL), with a normal total IgA. She is referred to a gastroenterologist for further evaluation. During the consultation, she expresses significant anxiety about undergoing an endoscopy and is worried about the potential need for lifelong dietary changes. She is seeking clarity on the certainty of the diagnosis and the necessary next steps. She currently consumes a regular diet containing gluten.","This item assesses reasoning in a classic celiac disease presentation complicated by patient factors and non-classic follow-up findings. It tests interpretation of histology, management planning beyond simple advice, and the approach to non-responsive disease.",british,The item is clinically sound and reflects common challenges in celiac disease diagnosis and management. The British Society of Gastroenterology (BSG) guideline strongly supports the reasoning. The BSG's mandate for a specialist dietitian referral makes the plan in question 2 highly inappropriate once social/financial barriers are identified. The approach to diagnosis with discordant histology/serology and to non-responsive disease aligns perfectly with the guideline's principles.,diagnosis,a high likelihood of celiac disease requiring histologic confirmation.,"An upper endoscopy with duodenal biopsies reveals only mild scalloping, and histology shows Marsh 1 changes (increased intraepithelial lymphocytes only).",this hypothesis becomes,"+2, +1, 0, -1, -2","Marsh 1 changes, while non-specific, are consistent with celiac disease, especially with very high tTG levels. This finding makes the diagnosis more likely, although not as definitively as advanced villous atrophy would have. (+1)",1.0
,,,,,,management,initiating a strict gluten-free diet and providing the patient with general educational handouts.,The patient mentions she lives with roommates who cook frequently and has a very limited budget for groceries.,this plan becomes,"+2, +1, 0, -1, -2","These factors pose significant barriers to maintaining a strict GFD (cross-contamination, cost). A referral to a dietitian is strongly recommended by guidelines, making a plan without this specialized support less appropriate. (-1)",-2.0
,,,,,,followup,monitoring dietary adherence solely with annual tTG-IgA serology testing.,"At her one-year follow-up, her tTG-IgA remains elevated, but she insists she is being strictly gluten-free.",this plan becomes,"+2, +1, 0, -1, -2",Persistently elevated serology despite a reported GFD defines non-responsive disease. The plan is now inappropriate as it fails to investigate common causes like inadvertent gluten exposure or alternative diagnoses. (-2),-2.0
Celiac_Disease,american,"A 34-year-old woman was diagnosed with celiac disease one year ago after presenting with bloating, chronic diarrhea, and iron deficiency anemia. Her initial workup showed a tissue transglutaminase (tTG) IgA level of 185 U/mL (normal <15 U/mL), and a duodenal biopsy confirmed Marsh 3b villous atrophy. She received counseling from a dietitian and reported strict adherence to a gluten-free diet (GFD). For the first six months, her symptoms improved significantly. However, over the past four months, she has experienced a recurrence of daily non-bloody diarrhea, fatigue, and a 5 kg weight loss. Repeat laboratory tests show her hemoglobin is now 10.2 g/dL (previously 11.5 g/dL) and her tTG-IgA remains elevated at 98 U/mL. She expresses significant frustration, insisting she is being extremely careful with her diet and cannot identify any sources of gluten exposure. The patient is otherwise healthy with no other known medical conditions.","This item assesses the evaluation of non-responsive celiac disease. It emphasizes the primacy of investigating dietary non-adherence and cross-contamination before pursuing diagnoses of refractory disease, and highlights nuances in long-term serological monitoring.",european,The item is clinically valid and aligns well with European guidelines. It correctly prioritizes investigating inadvertent gluten exposure as the primary cause of non-responsive celiac disease before considering rarer diagnoses. The questions are logical and test key clinical decision points. There are no significant disagreements between the American and European approaches for this specific clinical scenario.,diagnosis,"persistent symptoms being caused by ongoing, inadvertent gluten exposure.",A detailed dietary history reveals she regularly eats non-certified gluten-free oats and uses the same toaster as her family for gluten-containing bread.,this hypothesis becomes,"+2, +1, 0, -1, -2","This history strongly points to significant cross-contamination and non-compliant gluten sources (oats), making inadvertent exposure the most likely diagnosis. This is the most common cause of non-responsive CD. (+2)",2.0
,,,,,,management,proceeding directly to capsule endoscopy to investigate for refractory disease or lymphoma.,The patient discloses that she has been taking an over-the-counter probiotic supplement daily which contains wheat dextrin as a filler.,this action becomes,"+2, +1, 0, -1, -2",Discovering a clear source of ongoing gluten exposure makes investigating for rare complications like refractory CD premature. The immediate action should be to eliminate the gluten source. (-2),-2.0
,,,,,,followup,continuing to monitor treatment response with annual tTG-IgA serology.,"A repeat total IgA level, which was normal at diagnosis, is now profoundly low at <10 mg/dL (normal 70-400 mg/dL).",this plan becomes,"+2, +1, 0, -1, -2","With acquired IgA deficiency, tTG-IgA is no longer a reliable marker for adherence. Monitoring must switch to IgG-based serology (e.g., IgG-DGP) to accurately assess response. (-2)",-2.0
Celiac Disease,british,"A 28-year-old male was diagnosed with celiac disease one year ago following an investigation for chronic iron deficiency anemia and bloating. His initial serology showed an IgA tTG of 150 U/mL (normal <10 U/mL) with a normal total IgA. An upper endoscopy revealed scalloped duodenal folds, and biopsies confirmed Marsh 3b villous atrophy. He was referred to a specialist dietitian and has been on a strict gluten-free diet (GFD) for the past 12 months. On review, his anemia has resolved, and his tTG has normalized to 8 U/mL. However, he continues to experience intermittent abdominal bloating and occasional loose stools, which he feels are only partially improved. He is frustrated with his persistent symptoms despite his best efforts to maintain the GFD. He has no other significant past medical history and takes no regular medications. He is now being seen in the gastroenterology clinic for his annual review.","This SCT item assesses clinical reasoning in a patient with non-responsive celiac disease, a common clinical challenge. It focuses on differentiating between poor dietary adherence, co-existing functional disorders, and the need for investigation for refractory disease.",american,"This is a high-quality SCT item assessing non-responsive celiac disease. The American College of Gastroenterology (ACG) guidelines align with the author's reasoning. The approach of first re-evaluating gluten exposure, then considering co-existing functional disorders (like IBS/FODMAP intolerance), and finally investigating for refractory disease with repeat endoscopy for worsening symptoms is standard practice. The item is clinically sound and relevant across both British and American guidelines.",diagnosis,inadvertent gluten ingestion as the primary cause of his persistent symptoms.,A detailed dietary recall with the specialist dietitian reveals no obvious sources of gluten contamination.,this hypothesis becomes,"+2, +1, 0, -1, -2","While inadvertent gluten is the most common cause of non-responsive symptoms, a thorough negative dietary review makes it less likely, prompting consideration of other causes. (-1)",-1.0
,,,,,,management,initiating a trial of a low FODMAP diet under dietitian supervision.,"His persistent symptoms include significant bloating and flatulence, which worsen after eating certain fruits and dairy products.",this plan becomes,"+2, +1, 0, -1, -2","Co-existent IBS is common in celiac disease, and symptoms suggestive of FODMAP sensitivity make this a highly appropriate next management step. (+2)",2.0
,,,,,,followup,scheduling a repeat upper endoscopy with duodenal biopsies.,"Despite dietary adherence and normal serology, his symptoms of bloating and diarrhea have worsened over the last three months.",this plan becomes,"+2, +1, 0, -1, -2","Worsening symptoms in a patient with known celiac disease, even with normal serology, warrants re-evaluation for persistent villous atrophy or refractory disease. (+2)",2.0
Gastroenterology_Celiac_Disease,british,"A 45-year-old woman is referred for evaluation of persistently elevated liver enzymes discovered during a routine check-up six months ago. Her ALT is 85 U/L (normal <40) and AST is 72 U/L (normal <40). She has a history of well-controlled Hashimoto's thyroiditis on levothyroxine. She denies significant alcohol consumption or use of hepatotoxic medications. On review of systems, she admits to intermittent abdominal bloating and persistent fatigue, which she attributes to her busy work schedule. Her viral hepatitis panel, ANA, and ASMA are all negative. An abdominal ultrasound shows mild hepatic steatosis but is otherwise unremarkable. Her BMI is 23 kg/m². Her ferritin is 20 ng/mL (normal 15-150 ng/mL), and hemoglobin is 12.1 g/dL. Given the association with autoimmune thyroid disease and borderline iron stores, further investigation into potential systemic causes is being considered.","This case focuses on the hepatic manifestations of celiac disease, a key non-classical presentation. It assesses interpretation of highly positive serology, the necessity of biopsy in adults for management decisions, and the importance of monitoring for extraintestinal complications like bone disease.",american,"This is a well-constructed item. The American College of Gastroenterology (ACG) guidelines align closely with the British perspective on these key points. A tTG >10x ULN is highly suggestive (+2), but a lifelong gluten-free diet is less appropriate with only non-specific Marsh 1 changes on biopsy in an adult (-1). The finding of osteopenia, a known complication, makes comprehensive annual follow-up essential (+2).",diagnosis,a diagnosis of celiac disease as the underlying cause of her transaminitis.,Her IgA tissue transglutaminase (tTG) antibody level is greater than 10 times the upper limit of normal.,this hypothesis becomes,"+2, +1, 0, -1, -2","A tTG level >10x ULN is highly specific for celiac disease and strongly supports it as the etiology for her cryptogenic liver enzyme elevation, pending biopsy confirmation. (+2)",2.0
,,,,,,management,"initiating a strict, lifelong gluten-free diet based on the clinical suspicion and serology alone.",A duodenal biopsy report shows Marsh 1 changes (increased intraepithelial lymphocytes) but intact villous architecture.,this action becomes,"+2, +1, 0, -1, -2","In adults, duodenal biopsy is essential for diagnosis. Marsh 1 changes are non-specific, so initiating a lifelong restrictive diet without definitive villous atrophy is less appropriate. (-1)",-1.0
,,,,,,followup,a plan for annual follow-up that includes monitoring her liver enzymes and celiac serology.,"At her first annual review, a DEXA scan reveals new-onset osteopenia with a T-score of -1.8.",this plan becomes,"+2, +1, 0, -1, -2",Osteopenia is a known complication of malabsorption in celiac disease. This finding reinforces the necessity of comprehensive annual reviews to manage extraintestinal manifestations. (+2),2.0
Celiac Disease,british,"A 28-year-old male was diagnosed with celiac disease one year ago following an investigation for chronic iron deficiency anemia and bloating. His initial serology showed an IgA tTG of 150 U/mL (normal <10 U/mL) with a normal total IgA. An upper endoscopy revealed scalloped duodenal folds, and biopsies confirmed Marsh 3b villous atrophy. He was referred to a specialist dietitian and has been on a strict gluten-free diet (GFD) for the past 12 months. On review, his anemia has resolved, and his tTG has normalized to 8 U/mL. However, he continues to experience intermittent abdominal bloating and occasional loose stools, which he feels are only partially improved. He is frustrated with his persistent symptoms despite his best efforts to maintain the GFD. He has no other significant past medical history and takes no regular medications. He is now being seen in the gastroenterology clinic for his annual review.","This SCT item assesses clinical reasoning in a patient with non-responsive celiac disease, a common clinical challenge. It focuses on differentiating between poor dietary adherence, co-existing functional disorders, and the need for investigation for refractory disease.",american,"This is a high-quality SCT item assessing non-responsive celiac disease. The American College of Gastroenterology (ACG) guidelines align with the author's reasoning. The approach of first re-evaluating gluten exposure, then considering co-existing functional disorders (like IBS/FODMAP intolerance), and finally investigating for refractory disease with repeat endoscopy for worsening symptoms is standard practice. The item is clinically sound and relevant across both British and American guidelines.",diagnosis,inadvertent gluten ingestion as the primary cause of his persistent symptoms.,A detailed dietary recall with the specialist dietitian reveals no obvious sources of gluten contamination.,this hypothesis becomes,"+2, +1, 0, -1, -2","While inadvertent gluten is the most common cause of non-responsive symptoms, a thorough negative dietary review makes it less likely, prompting consideration of other causes. (-1)",-1.0
,,,,,,management,initiating a trial of a low FODMAP diet under dietitian supervision.,"His persistent symptoms include significant bloating and flatulence, which worsen after eating certain fruits and dairy products.",this plan becomes,"+2, +1, 0, -1, -2","Co-existent IBS is common in celiac disease, and symptoms suggestive of FODMAP sensitivity make this a highly appropriate next management step. (+2)",2.0
,,,,,,followup,scheduling a repeat upper endoscopy with duodenal biopsies.,"Despite dietary adherence and normal serology, his symptoms of bloating and diarrhea have worsened over the last three months.",this plan becomes,"+2, +1, 0, -1, -2","Worsening symptoms in a patient with known celiac disease, even with normal serology, warrants re-evaluation for persistent villous atrophy or refractory disease. (+2)",2.0
Celiac Disease,british,"A 32-year-old woman with a 10-year history of well-controlled type 1 diabetes presents with a one-year history of intermittent diarrhea, abdominal bloating, and fatigue. She has also noted an unintentional weight loss of 5 kg over the last six months. She has no significant family history of gastrointestinal disease. Her initial blood tests show a new microcytic anemia with a hemoglobin of 10.8 g/dL (normal 12-16 g/dL) and a ferritin of 12 ng/mL (normal 15-150 ng/mL). Her liver function tests are normal. Given her autoimmune history and symptoms, celiac serology is performed. The results show a tissue transglutaminase (tTG) IgA level of 95 U/mL (upper limit of normal <10 U/mL), and her total IgA level is within the normal range. She is anxious about the potential need for further investigation and lifestyle changes.","This SCT item assesses the diagnosis, management, and follow-up of a typical adult presentation of celiac disease, aligning with BSG guidelines. It tests the confirmation of diagnosis, urgency of management in the face of complications, and adaptation of follow-up to new findings.",american,"The item is clinically valid and aligns well with the American College of Gastroenterology guidelines. The progression from diagnosis (serology + biopsy), to management (dietitian referral, addressing osteoporosis), and follow-up (adapting to new findings like hyposplenism) is logical. The reasoning is robust and reflects standard practice in both the US and UK, with no significant guideline-based conflicts identified for these specific scenarios.",diagnosis,a definitive diagnosis of celiac disease.,her duodenal biopsy confirms Marsh 3b villous atrophy and crypt hyperplasia.,this hypothesis becomes,"+2, +1, 0, -1, -2","In an adult with positive tTG serology, characteristic histological findings on duodenal biopsy are the gold standard for confirming celiac disease diagnosis. (+2)",2.0
,,,,,,management,referral to a specialist dietitian for education on a gluten-free diet.,her baseline bone mineral density scan (DEXA) shows a lumbar spine T-score of -2.8.,this action becomes,"+2, +1, 0, -1, -2","This finding of significant osteoporosis, a common complication of malabsorptive celiac disease, makes immediate and expert dietary intervention even more critical to improve bone health. (+2)",2.0
,,,,,,followup,planning a routine annual review with repeat serology and nutritional screening.,"a review of her peripheral blood film shows features of hyposplenism, such as Howell-Jolly bodies.",this plan becomes,"+2, +1, 0, -1, -2","Hyposplenism increases infection risk. The follow-up plan must be expanded to include pneumococcal vaccination, making the 'routine' plan less appropriate as it is incomplete. (-1)",-1.0
Gastroenterology_Celiac_Disease,british,"A 45-year-old woman is referred for evaluation of persistently elevated liver enzymes discovered during a routine check-up six months ago. Her ALT is 85 U/L (normal <40) and AST is 72 U/L (normal <40). She has a history of well-controlled Hashimoto's thyroiditis on levothyroxine. She denies significant alcohol consumption or use of hepatotoxic medications. On review of systems, she admits to intermittent abdominal bloating and persistent fatigue, which she attributes to her busy work schedule. Her viral hepatitis panel, ANA, and ASMA are all negative. An abdominal ultrasound shows mild hepatic steatosis but is otherwise unremarkable. Her BMI is 23 kg/m². Her ferritin is 20 ng/mL (normal 15-150 ng/mL), and hemoglobin is 12.1 g/dL. Given the association with autoimmune thyroid disease and borderline iron stores, further investigation into potential systemic causes is being considered.","This case focuses on the hepatic manifestations of celiac disease, a key non-classical presentation. It assesses interpretation of highly positive serology, the necessity of biopsy in adults for management decisions, and the importance of monitoring for extraintestinal complications like bone disease.",american,"This is a well-constructed item. The American College of Gastroenterology (ACG) guidelines align closely with the British perspective on these key points. A tTG >10x ULN is highly suggestive (+2), but a lifelong gluten-free diet is less appropriate with only non-specific Marsh 1 changes on biopsy in an adult (-1). The finding of osteopenia, a known complication, makes comprehensive annual follow-up essential (+2).",diagnosis,a diagnosis of celiac disease as the underlying cause of her transaminitis.,Her IgA tissue transglutaminase (tTG) antibody level is greater than 10 times the upper limit of normal.,this hypothesis becomes,"+2, +1, 0, -1, -2","A tTG level >10x ULN is highly specific for celiac disease and strongly supports it as the etiology for her cryptogenic liver enzyme elevation, pending biopsy confirmation. (+2)",2.0
,,,,,,management,"initiating a strict, lifelong gluten-free diet based on the clinical suspicion and serology alone.",A duodenal biopsy report shows Marsh 1 changes (increased intraepithelial lymphocytes) but intact villous architecture.,this action becomes,"+2, +1, 0, -1, -2","In adults, duodenal biopsy is essential for diagnosis. Marsh 1 changes are non-specific, so initiating a lifelong restrictive diet without definitive villous atrophy is less appropriate. (-1)",-1.0
,,,,,,followup,a plan for annual follow-up that includes monitoring her liver enzymes and celiac serology.,"At her first annual review, a DEXA scan reveals new-onset osteopenia with a T-score of -1.8.",this plan becomes,"+2, +1, 0, -1, -2",Osteopenia is a known complication of malabsorption in celiac disease. This finding reinforces the necessity of comprehensive annual reviews to manage extraintestinal manifestations. (+2),2.0
Celiac Disease,british,"A 28-year-old male was diagnosed with celiac disease one year ago following an investigation for chronic iron deficiency anemia and bloating. His initial serology showed an IgA tTG of 150 U/mL (normal <10 U/mL) with a normal total IgA. An upper endoscopy revealed scalloped duodenal folds, and biopsies confirmed Marsh 3b villous atrophy. He was referred to a specialist dietitian and has been on a strict gluten-free diet (GFD) for the past 12 months. On review, his anemia has resolved, and his tTG has normalized to 8 U/mL. However, he continues to experience intermittent abdominal bloating and occasional loose stools, which he feels are only partially improved. He is frustrated with his persistent symptoms despite his best efforts to maintain the GFD. He has no other significant past medical history and takes no regular medications. He is now being seen in the gastroenterology clinic for his annual review.","This SCT item assesses clinical reasoning in a patient with non-responsive celiac disease, a common clinical challenge. It focuses on differentiating between poor dietary adherence, co-existing functional disorders, and the need for investigation for refractory disease.",american,"This is a high-quality SCT item assessing non-responsive celiac disease. The American College of Gastroenterology (ACG) guidelines align with the author's reasoning. The approach of first re-evaluating gluten exposure, then considering co-existing functional disorders (like IBS/FODMAP intolerance), and finally investigating for refractory disease with repeat endoscopy for worsening symptoms is standard practice. The item is clinically sound and relevant across both British and American guidelines.",diagnosis,inadvertent gluten ingestion as the primary cause of his persistent symptoms.,A detailed dietary recall with the specialist dietitian reveals no obvious sources of gluten contamination.,this hypothesis becomes,"+2, +1, 0, -1, -2","While inadvertent gluten is the most common cause of non-responsive symptoms, a thorough negative dietary review makes it less likely, prompting consideration of other causes. (-1)",-1.0
,,,,,,management,initiating a trial of a low FODMAP diet under dietitian supervision.,"His persistent symptoms include significant bloating and flatulence, which worsen after eating certain fruits and dairy products.",this plan becomes,"+2, +1, 0, -1, -2","Co-existent IBS is common in celiac disease, and symptoms suggestive of FODMAP sensitivity make this a highly appropriate next management step. (+2)",2.0
,,,,,,followup,scheduling a repeat upper endoscopy with duodenal biopsies.,"Despite dietary adherence and normal serology, his symptoms of bloating and diarrhea have worsened over the last three months.",this plan becomes,"+2, +1, 0, -1, -2","Worsening symptoms in a patient with known celiac disease, even with normal serology, warrants re-evaluation for persistent villous atrophy or refractory disease. (+2)",2.0
Celiac Disease,british,"A 32-year-old woman with a 10-year history of well-controlled type 1 diabetes presents with a one-year history of intermittent diarrhea, abdominal bloating, and fatigue. She has also noted an unintentional weight loss of 5 kg over the last six months. She has no significant family history of gastrointestinal disease. Her initial blood tests show a new microcytic anemia with a hemoglobin of 10.8 g/dL (normal 12-16 g/dL) and a ferritin of 12 ng/mL (normal 15-150 ng/mL). Her liver function tests are normal. Given her autoimmune history and symptoms, celiac serology is performed. The results show a tissue transglutaminase (tTG) IgA level of 95 U/mL (upper limit of normal <10 U/mL), and her total IgA level is within the normal range. She is anxious about the potential need for further investigation and lifestyle changes.","This SCT item assesses the diagnosis, management, and follow-up of a typical adult presentation of celiac disease, aligning with BSG guidelines. It tests the confirmation of diagnosis, urgency of management in the face of complications, and adaptation of follow-up to new findings.",american,"The item is clinically valid and aligns well with the American College of Gastroenterology guidelines. The progression from diagnosis (serology + biopsy), to management (dietitian referral, addressing osteoporosis), and follow-up (adapting to new findings like hyposplenism) is logical. The reasoning is robust and reflects standard practice in both the US and UK, with no significant guideline-based conflicts identified for these specific scenarios.",diagnosis,a definitive diagnosis of celiac disease.,her duodenal biopsy confirms Marsh 3b villous atrophy and crypt hyperplasia.,this hypothesis becomes,"+2, +1, 0, -1, -2","In an adult with positive tTG serology, characteristic histological findings on duodenal biopsy are the gold standard for confirming celiac disease diagnosis. (+2)",2.0
,,,,,,management,referral to a specialist dietitian for education on a gluten-free diet.,her baseline bone mineral density scan (DEXA) shows a lumbar spine T-score of -2.8.,this action becomes,"+2, +1, 0, -1, -2","This finding of significant osteoporosis, a common complication of malabsorptive celiac disease, makes immediate and expert dietary intervention even more critical to improve bone health. (+2)",2.0
,,,,,,followup,planning a routine annual review with repeat serology and nutritional screening.,"a review of her peripheral blood film shows features of hyposplenism, such as Howell-Jolly bodies.",this plan becomes,"+2, +1, 0, -1, -2","Hyposplenism increases infection risk. The follow-up plan must be expanded to include pneumococcal vaccination, making the 'routine' plan less appropriate as it is incomplete. (-1)",-1.0
Celiac Disease,british,"A 32-year-old woman presents with an 18-month history of intermittent bloating, abdominal cramping, and loose stools. She has also experienced progressive fatigue and notes an unintentional weight loss of 7 kg over the past year. Her past medical history is significant for type 1 diabetes, diagnosed in adolescence. A full blood count reveals a microcytic anemia with a hemoglobin of 10.8 g/dL and a low ferritin of 12 ng/mL. Initial serological testing for celiac disease shows a weakly positive IgA tissue transglutaminase (tTG) antibody level of 15 U/mL (reference <10 U/mL), with a normal total IgA level. An upper endoscopy is performed, and duodenal biopsies are taken, which subsequently show subtotal villous atrophy, crypt hyperplasia, and increased intraepithelial lymphocytes, consistent with Marsh 3b classification. The patient is anxious about receiving a lifelong diagnosis.","This SCT item assesses reasoning in a new celiac disease diagnosis with discordant serology (weak tTG, negative EMA) but classic histology. It explores management urgency based on complications (osteoporosis) and adjusting follow-up for non-responsive symptoms.",american,"This is a well-constructed SCT item. From the American College of Gastroenterology (ACG) guideline perspective, the diagnosis hinges on the definitive duodenal biopsy (Marsh 3b), making the negative EMA a minor discordant finding that slightly weakens but does not refute the diagnosis. The presence of osteoporosis, a known complication, makes a strict gluten-free diet essential (+2). Persistent symptoms despite a supervised diet indicate non-responsive celiac disease, rendering a routine annual follow-up inappropriate (-2).",diagnosis,a definitive diagnosis of celiac disease based on the available results.,"the follow-up IgA endomysial antibody (EMA) test, sent for confirmation, comes back negative.",this hypothesis becomes,"+2, +1, 0, -1, -2","A negative EMA in the context of a weakly positive tTG creates serological discordance, despite the compelling biopsy. This weakens the certainty of the diagnosis. (-1)",-1.0
,,,,,,management,initiating a strict gluten-free diet and referring to a specialist dietitian.,a DEXA scan performed at diagnosis reveals significant osteoporosis with a T-score of -2.8 at the lumbar spine.,this action becomes,"+2, +1, 0, -1, -2",Significant osteoporosis is a major complication of malabsorption in celiac disease. This finding makes prompt and strict adherence to a gluten-free diet essential. (+2),2.0
,,,,,,followup,planning for a standard annual review with repeat serology to monitor dietary adherence.,"after six months on a dietitian-supervised gluten-free diet, her diarrhea and anemia persist.",this plan becomes,"+2, +1, 0, -1, -2",Persistent symptoms despite a GFD indicate non-responsive celiac disease. A routine annual review is no longer appropriate; urgent investigation is needed. (-2),-2.0
Gastroenterology_Celiac_Disease,british,"A 45-year-old woman is referred for evaluation of persistently elevated liver enzymes discovered during a routine check-up six months ago. Her ALT is 85 U/L (normal <40) and AST is 72 U/L (normal <40). She has a history of well-controlled Hashimoto's thyroiditis on levothyroxine. She denies significant alcohol consumption or use of hepatotoxic medications. On review of systems, she admits to intermittent abdominal bloating and persistent fatigue, which she attributes to her busy work schedule. Her viral hepatitis panel, ANA, and ASMA are all negative. An abdominal ultrasound shows mild hepatic steatosis but is otherwise unremarkable. Her BMI is 23 kg/m². Her ferritin is 20 ng/mL (normal 15-150 ng/mL), and hemoglobin is 12.1 g/dL. Given the association with autoimmune thyroid disease and borderline iron stores, further investigation into potential systemic causes is being considered.","This case focuses on the hepatic manifestations of celiac disease, a key non-classical presentation. It assesses interpretation of highly positive serology, the necessity of biopsy in adults for management decisions, and the importance of monitoring for extraintestinal complications like bone disease.",american,"This is a well-constructed item. The American College of Gastroenterology (ACG) guidelines align closely with the British perspective on these key points. A tTG >10x ULN is highly suggestive (+2), but a lifelong gluten-free diet is less appropriate with only non-specific Marsh 1 changes on biopsy in an adult (-1). The finding of osteopenia, a known complication, makes comprehensive annual follow-up essential (+2).",diagnosis,a diagnosis of celiac disease as the underlying cause of her transaminitis.,Her IgA tissue transglutaminase (tTG) antibody level is greater than 10 times the upper limit of normal.,this hypothesis becomes,"+2, +1, 0, -1, -2","A tTG level >10x ULN is highly specific for celiac disease and strongly supports it as the etiology for her cryptogenic liver enzyme elevation, pending biopsy confirmation. (+2)",2.0
,,,,,,management,"initiating a strict, lifelong gluten-free diet based on the clinical suspicion and serology alone.",A duodenal biopsy report shows Marsh 1 changes (increased intraepithelial lymphocytes) but intact villous architecture.,this action becomes,"+2, +1, 0, -1, -2","In adults, duodenal biopsy is essential for diagnosis. Marsh 1 changes are non-specific, so initiating a lifelong restrictive diet without definitive villous atrophy is less appropriate. (-1)",-1.0
,,,,,,followup,a plan for annual follow-up that includes monitoring her liver enzymes and celiac serology.,"At her first annual review, a DEXA scan reveals new-onset osteopenia with a T-score of -1.8.",this plan becomes,"+2, +1, 0, -1, -2",Osteopenia is a known complication of malabsorption in celiac disease. This finding reinforces the necessity of comprehensive annual reviews to manage extraintestinal manifestations. (+2),2.0
Celiac Disease,british,"A 28-year-old male was diagnosed with celiac disease one year ago following an investigation for chronic iron deficiency anemia and bloating. His initial serology showed an IgA tTG of 150 U/mL (normal <10 U/mL) with a normal total IgA. An upper endoscopy revealed scalloped duodenal folds, and biopsies confirmed Marsh 3b villous atrophy. He was referred to a specialist dietitian and has been on a strict gluten-free diet (GFD) for the past 12 months. On review, his anemia has resolved, and his tTG has normalized to 8 U/mL. However, he continues to experience intermittent abdominal bloating and occasional loose stools, which he feels are only partially improved. He is frustrated with his persistent symptoms despite his best efforts to maintain the GFD. He has no other significant past medical history and takes no regular medications. He is now being seen in the gastroenterology clinic for his annual review.","This SCT item assesses clinical reasoning in a patient with non-responsive celiac disease, a common clinical challenge. It focuses on differentiating between poor dietary adherence, co-existing functional disorders, and the need for investigation for refractory disease.",american,"This is a high-quality SCT item assessing non-responsive celiac disease. The American College of Gastroenterology (ACG) guidelines align with the author's reasoning. The approach of first re-evaluating gluten exposure, then considering co-existing functional disorders (like IBS/FODMAP intolerance), and finally investigating for refractory disease with repeat endoscopy for worsening symptoms is standard practice. The item is clinically sound and relevant across both British and American guidelines.",diagnosis,inadvertent gluten ingestion as the primary cause of his persistent symptoms.,A detailed dietary recall with the specialist dietitian reveals no obvious sources of gluten contamination.,this hypothesis becomes,"+2, +1, 0, -1, -2","While inadvertent gluten is the most common cause of non-responsive symptoms, a thorough negative dietary review makes it less likely, prompting consideration of other causes. (-1)",-1.0
,,,,,,management,initiating a trial of a low FODMAP diet under dietitian supervision.,"His persistent symptoms include significant bloating and flatulence, which worsen after eating certain fruits and dairy products.",this plan becomes,"+2, +1, 0, -1, -2","Co-existent IBS is common in celiac disease, and symptoms suggestive of FODMAP sensitivity make this a highly appropriate next management step. (+2)",2.0
,,,,,,followup,scheduling a repeat upper endoscopy with duodenal biopsies.,"Despite dietary adherence and normal serology, his symptoms of bloating and diarrhea have worsened over the last three months.",this plan becomes,"+2, +1, 0, -1, -2","Worsening symptoms in a patient with known celiac disease, even with normal serology, warrants re-evaluation for persistent villous atrophy or refractory disease. (+2)",2.0
Celiac Disease,british,"A 32-year-old woman with a 10-year history of well-controlled type 1 diabetes presents with a one-year history of intermittent diarrhea, abdominal bloating, and fatigue. She has also noted an unintentional weight loss of 5 kg over the last six months. She has no significant family history of gastrointestinal disease. Her initial blood tests show a new microcytic anemia with a hemoglobin of 10.8 g/dL (normal 12-16 g/dL) and a ferritin of 12 ng/mL (normal 15-150 ng/mL). Her liver function tests are normal. Given her autoimmune history and symptoms, celiac serology is performed. The results show a tissue transglutaminase (tTG) IgA level of 95 U/mL (upper limit of normal <10 U/mL), and her total IgA level is within the normal range. She is anxious about the potential need for further investigation and lifestyle changes.","This SCT item assesses the diagnosis, management, and follow-up of a typical adult presentation of celiac disease, aligning with BSG guidelines. It tests the confirmation of diagnosis, urgency of management in the face of complications, and adaptation of follow-up to new findings.",american,"The item is clinically valid and aligns well with the American College of Gastroenterology guidelines. The progression from diagnosis (serology + biopsy), to management (dietitian referral, addressing osteoporosis), and follow-up (adapting to new findings like hyposplenism) is logical. The reasoning is robust and reflects standard practice in both the US and UK, with no significant guideline-based conflicts identified for these specific scenarios.",diagnosis,a definitive diagnosis of celiac disease.,her duodenal biopsy confirms Marsh 3b villous atrophy and crypt hyperplasia.,this hypothesis becomes,"+2, +1, 0, -1, -2","In an adult with positive tTG serology, characteristic histological findings on duodenal biopsy are the gold standard for confirming celiac disease diagnosis. (+2)",2.0
,,,,,,management,referral to a specialist dietitian for education on a gluten-free diet.,her baseline bone mineral density scan (DEXA) shows a lumbar spine T-score of -2.8.,this action becomes,"+2, +1, 0, -1, -2","This finding of significant osteoporosis, a common complication of malabsorptive celiac disease, makes immediate and expert dietary intervention even more critical to improve bone health. (+2)",2.0
,,,,,,followup,planning a routine annual review with repeat serology and nutritional screening.,"a review of her peripheral blood film shows features of hyposplenism, such as Howell-Jolly bodies.",this plan becomes,"+2, +1, 0, -1, -2","Hyposplenism increases infection risk. The follow-up plan must be expanded to include pneumococcal vaccination, making the 'routine' plan less appropriate as it is incomplete. (-1)",-1.0
Celiac Disease,british,"A 32-year-old woman presents with an 18-month history of intermittent bloating, abdominal cramping, and loose stools. She has also experienced progressive fatigue and notes an unintentional weight loss of 7 kg over the past year. Her past medical history is significant for type 1 diabetes, diagnosed in adolescence. A full blood count reveals a microcytic anemia with a hemoglobin of 10.8 g/dL and a low ferritin of 12 ng/mL. Initial serological testing for celiac disease shows a weakly positive IgA tissue transglutaminase (tTG) antibody level of 15 U/mL (reference <10 U/mL), with a normal total IgA level. An upper endoscopy is performed, and duodenal biopsies are taken, which subsequently show subtotal villous atrophy, crypt hyperplasia, and increased intraepithelial lymphocytes, consistent with Marsh 3b classification. The patient is anxious about receiving a lifelong diagnosis.","This SCT item assesses reasoning in a new celiac disease diagnosis with discordant serology (weak tTG, negative EMA) but classic histology. It explores management urgency based on complications (osteoporosis) and adjusting follow-up for non-responsive symptoms.",american,"This is a well-constructed SCT item. From the American College of Gastroenterology (ACG) guideline perspective, the diagnosis hinges on the definitive duodenal biopsy (Marsh 3b), making the negative EMA a minor discordant finding that slightly weakens but does not refute the diagnosis. The presence of osteoporosis, a known complication, makes a strict gluten-free diet essential (+2). Persistent symptoms despite a supervised diet indicate non-responsive celiac disease, rendering a routine annual follow-up inappropriate (-2).",diagnosis,a definitive diagnosis of celiac disease based on the available results.,"the follow-up IgA endomysial antibody (EMA) test, sent for confirmation, comes back negative.",this hypothesis becomes,"+2, +1, 0, -1, -2","A negative EMA in the context of a weakly positive tTG creates serological discordance, despite the compelling biopsy. This weakens the certainty of the diagnosis. (-1)",-1.0
,,,,,,management,initiating a strict gluten-free diet and referring to a specialist dietitian.,a DEXA scan performed at diagnosis reveals significant osteoporosis with a T-score of -2.8 at the lumbar spine.,this action becomes,"+2, +1, 0, -1, -2",Significant osteoporosis is a major complication of malabsorption in celiac disease. This finding makes prompt and strict adherence to a gluten-free diet essential. (+2),2.0
,,,,,,followup,planning for a standard annual review with repeat serology to monitor dietary adherence.,"after six months on a dietitian-supervised gluten-free diet, her diarrhea and anemia persist.",this plan becomes,"+2, +1, 0, -1, -2",Persistent symptoms despite a GFD indicate non-responsive celiac disease. A routine annual review is no longer appropriate; urgent investigation is needed. (-2),-2.0
Celiac Disease,british,"A 38-year-old female was diagnosed with celiac disease two years ago based on a high IgA tissue transglutaminase (tTG) titre (>100 U/mL) and a duodenal biopsy showing Marsh 3b villous atrophy. She was referred to a specialist dietitian and reports strict adherence to a gluten-free diet (GFD) since her diagnosis. She returns for her annual review, complaining of persistent symptoms including intermittent bloating, abdominal cramping, and 2-3 loose stools daily. She also notes ongoing fatigue and has struggled to regain her pre-illness weight. A recent full blood count reveals a persistent mild normocytic anemia with a hemoglobin of 11.2 g/dL. Her repeat IgA tTG level has decreased significantly but remains elevated at 25 U/mL (normal <10 U/mL), and her total IgA is within the normal range. She feels discouraged by her lack of complete symptomatic improvement despite her efforts.","This item explores the differential diagnosis and management of a patient with established celiac disease who has persistent symptoms despite a gluten-free diet. It assesses the ability to weigh evidence for poor adherence, co-existing conditions, and refractory disease.",american,The item is clinically sound and aligns well with the American College of Gastroenterology (ACG) guidelines. The scenarios correctly prioritize investigating ongoing gluten exposure as the primary cause of non-responsive celiac disease before considering refractory disease. The management and follow-up plans are consistent with standard practice once the underlying cause of persistent symptoms and villous atrophy is identified and corrected. No major conflicts between American and British guidelines noted for this case.,diagnosis,a diagnosis of refractory celiac disease.,A detailed dietary review with a specialist dietitian reveals significant unintentional cross-contamination from shared kitchen appliances at home.,this hypothesis becomes,"+2, +1, 0, -1, -2","Inadvertent gluten ingestion is the most common cause of non-responsive celiac disease. Identifying a clear source of cross-contamination makes a diagnosis of refractory disease, a diagnosis of exclusion, much less likely. (-2)",-2.0
,,,,,,management,initiating an empirical trial of a lactose-free diet to manage her ongoing symptoms.,An upper endoscopy with repeat duodenal biopsies confirms persistent Marsh 3b villous atrophy with high intraepithelial lymphocyte counts.,this action becomes,"+2, +1, 0, -1, -2","While secondary lactose intolerance can cause symptoms, persistent severe villous atrophy indicates significant ongoing immunological activity. This finding necessitates a more thorough investigation for gluten exposure or refractory disease, making an empirical diet change a less appropriate next step. (-1)",-1.0
,,,,,,followup,scheduling a routine annual review with serology in 12 months.,"Repeat biopsies after extensive dietary re-education show complete histological remission (Marsh 0), although she still reports some mild, intermittent bloating.",this plan becomes,"+2, +1, 0, -1, -2","Achieving histological remission is a key treatment goal. With villous atrophy resolved, the plan can transition to routine annual monitoring, and her mild residual symptoms can be addressed as likely functional (e.g., IBS). (+2)",2.0
Celiac Disease,british,"A 28-year-old female, diagnosed with celiac disease 18 months ago via strongly positive IgA tissue transglutaminase (tTG) antibodies and a duodenal biopsy showing Marsh 3b villous atrophy, returns for her annual review. She reports diligent adherence to a strict gluten-free diet (GFD) with initial symptom improvement. However, for the past six months, she has experienced a return of bloating, intermittent diarrhea, and persistent fatigue. She is frustrated, stating she ""eats exactly what the dietitian recommended"" and avoids all cross-contamination. Her repeat IgA tTG level is 45 U/mL (down from >250 U/mL at diagnosis; normal <10 U/mL). A full blood count reveals a new mild iron deficiency anemia with hemoglobin of 11.2 g/dL and ferritin of 12 ng/mL. Her total IgA level is normal. She is concerned about the lack of progress and the possibility of a more serious condition.",This item assesses the clinical approach to a patient with non-responsive celiac disease. It focuses on differentiating poor dietary adherence from refractory disease and prioritizing investigations based on British Society of Gastroenterology guidelines.,american,This item is clinically sound and aligns well with the American College of Gastroenterology (ACG) guidelines. It correctly prioritizes a thorough dietary review and investigation of inadvertent gluten exposure—the most common cause of non-responsive celiac disease—before considering invasive procedures for refractory disease. The reasoning across all questions is logical and consistent with the American approach.,diagnosis,the most likely diagnosis is inadvertent gluten ingestion despite her claims of strict adherence.,a detailed dietary review with a specialist dietitian reveals frequent consumption of 'gluten-free' oat milk that is not certified as gluten-free.,this hypothesis becomes,"+2, +1, 0, -1, -2",This is the most common cause of non-responsive celiac disease. Identifying a probable source of ongoing gluten exposure strongly confirms the initial hypothesis. (+2),2.0
,,,,,,management,proceeding directly to a repeat upper endoscopy with duodenal biopsies to investigate for refractory celiac disease.,"she mentions her new-onset symptoms coincide with starting a new job at a bakery, where flour dust is constantly in the air.",this action becomes,"+2, +1, 0, -1, -2","While a repeat biopsy is considered for refractory disease, this new information points to a significant environmental gluten source. Addressing this exposure is the priority over an immediate invasive procedure. (-1)",-1.0
,,,,,,followup,scheduling a DEXA scan to assess for osteoporosis as a complication of ongoing malabsorption.,"a DEXA scan performed at her initial diagnosis 18 months ago was entirely normal, with a T-score of +0.5.",this plan becomes,"+2, +1, 0, -1, -2","BSG guidelines recommend assessing bone health at diagnosis. Given her young age and a recent normal baseline DEXA scan, repeating it now is of low clinical yield and thus less appropriate. (-1)",-1.0
Gastroenterology_Celiac_Disease,british,"A 45-year-old woman is referred for evaluation of persistently elevated liver enzymes discovered during a routine check-up six months ago. Her ALT is 85 U/L (normal <40) and AST is 72 U/L (normal <40). She has a history of well-controlled Hashimoto's thyroiditis on levothyroxine. She denies significant alcohol consumption or use of hepatotoxic medications. On review of systems, she admits to intermittent abdominal bloating and persistent fatigue, which she attributes to her busy work schedule. Her viral hepatitis panel, ANA, and ASMA are all negative. An abdominal ultrasound shows mild hepatic steatosis but is otherwise unremarkable. Her BMI is 23 kg/m². Her ferritin is 20 ng/mL (normal 15-150 ng/mL), and hemoglobin is 12.1 g/dL. Given the association with autoimmune thyroid disease and borderline iron stores, further investigation into potential systemic causes is being considered.","This case focuses on the hepatic manifestations of celiac disease, a key non-classical presentation. It assesses interpretation of highly positive serology, the necessity of biopsy in adults for management decisions, and the importance of monitoring for extraintestinal complications like bone disease.",american,"This is a well-constructed item. The American College of Gastroenterology (ACG) guidelines align closely with the British perspective on these key points. A tTG >10x ULN is highly suggestive (+2), but a lifelong gluten-free diet is less appropriate with only non-specific Marsh 1 changes on biopsy in an adult (-1). The finding of osteopenia, a known complication, makes comprehensive annual follow-up essential (+2).",diagnosis,a diagnosis of celiac disease as the underlying cause of her transaminitis.,Her IgA tissue transglutaminase (tTG) antibody level is greater than 10 times the upper limit of normal.,this hypothesis becomes,"+2, +1, 0, -1, -2","A tTG level >10x ULN is highly specific for celiac disease and strongly supports it as the etiology for her cryptogenic liver enzyme elevation, pending biopsy confirmation. (+2)",2.0
,,,,,,management,"initiating a strict, lifelong gluten-free diet based on the clinical suspicion and serology alone.",A duodenal biopsy report shows Marsh 1 changes (increased intraepithelial lymphocytes) but intact villous architecture.,this action becomes,"+2, +1, 0, -1, -2","In adults, duodenal biopsy is essential for diagnosis. Marsh 1 changes are non-specific, so initiating a lifelong restrictive diet without definitive villous atrophy is less appropriate. (-1)",-1.0
,,,,,,followup,a plan for annual follow-up that includes monitoring her liver enzymes and celiac serology.,"At her first annual review, a DEXA scan reveals new-onset osteopenia with a T-score of -1.8.",this plan becomes,"+2, +1, 0, -1, -2",Osteopenia is a known complication of malabsorption in celiac disease. This finding reinforces the necessity of comprehensive annual reviews to manage extraintestinal manifestations. (+2),2.0
Celiac Disease,british,"A 28-year-old male was diagnosed with celiac disease one year ago following an investigation for chronic iron deficiency anemia and bloating. His initial serology showed an IgA tTG of 150 U/mL (normal <10 U/mL) with a normal total IgA. An upper endoscopy revealed scalloped duodenal folds, and biopsies confirmed Marsh 3b villous atrophy. He was referred to a specialist dietitian and has been on a strict gluten-free diet (GFD) for the past 12 months. On review, his anemia has resolved, and his tTG has normalized to 8 U/mL. However, he continues to experience intermittent abdominal bloating and occasional loose stools, which he feels are only partially improved. He is frustrated with his persistent symptoms despite his best efforts to maintain the GFD. He has no other significant past medical history and takes no regular medications. He is now being seen in the gastroenterology clinic for his annual review.","This SCT item assesses clinical reasoning in a patient with non-responsive celiac disease, a common clinical challenge. It focuses on differentiating between poor dietary adherence, co-existing functional disorders, and the need for investigation for refractory disease.",american,"This is a high-quality SCT item assessing non-responsive celiac disease. The American College of Gastroenterology (ACG) guidelines align with the author's reasoning. The approach of first re-evaluating gluten exposure, then considering co-existing functional disorders (like IBS/FODMAP intolerance), and finally investigating for refractory disease with repeat endoscopy for worsening symptoms is standard practice. The item is clinically sound and relevant across both British and American guidelines.",diagnosis,inadvertent gluten ingestion as the primary cause of his persistent symptoms.,A detailed dietary recall with the specialist dietitian reveals no obvious sources of gluten contamination.,this hypothesis becomes,"+2, +1, 0, -1, -2","While inadvertent gluten is the most common cause of non-responsive symptoms, a thorough negative dietary review makes it less likely, prompting consideration of other causes. (-1)",-1.0
,,,,,,management,initiating a trial of a low FODMAP diet under dietitian supervision.,"His persistent symptoms include significant bloating and flatulence, which worsen after eating certain fruits and dairy products.",this plan becomes,"+2, +1, 0, -1, -2","Co-existent IBS is common in celiac disease, and symptoms suggestive of FODMAP sensitivity make this a highly appropriate next management step. (+2)",2.0
,,,,,,followup,scheduling a repeat upper endoscopy with duodenal biopsies.,"Despite dietary adherence and normal serology, his symptoms of bloating and diarrhea have worsened over the last three months.",this plan becomes,"+2, +1, 0, -1, -2","Worsening symptoms in a patient with known celiac disease, even with normal serology, warrants re-evaluation for persistent villous atrophy or refractory disease. (+2)",2.0
Celiac Disease,british,"A 32-year-old woman with a 10-year history of well-controlled type 1 diabetes presents with a one-year history of intermittent diarrhea, abdominal bloating, and fatigue. She has also noted an unintentional weight loss of 5 kg over the last six months. She has no significant family history of gastrointestinal disease. Her initial blood tests show a new microcytic anemia with a hemoglobin of 10.8 g/dL (normal 12-16 g/dL) and a ferritin of 12 ng/mL (normal 15-150 ng/mL). Her liver function tests are normal. Given her autoimmune history and symptoms, celiac serology is performed. The results show a tissue transglutaminase (tTG) IgA level of 95 U/mL (upper limit of normal <10 U/mL), and her total IgA level is within the normal range. She is anxious about the potential need for further investigation and lifestyle changes.","This SCT item assesses the diagnosis, management, and follow-up of a typical adult presentation of celiac disease, aligning with BSG guidelines. It tests the confirmation of diagnosis, urgency of management in the face of complications, and adaptation of follow-up to new findings.",american,"The item is clinically valid and aligns well with the American College of Gastroenterology guidelines. The progression from diagnosis (serology + biopsy), to management (dietitian referral, addressing osteoporosis), and follow-up (adapting to new findings like hyposplenism) is logical. The reasoning is robust and reflects standard practice in both the US and UK, with no significant guideline-based conflicts identified for these specific scenarios.",diagnosis,a definitive diagnosis of celiac disease.,her duodenal biopsy confirms Marsh 3b villous atrophy and crypt hyperplasia.,this hypothesis becomes,"+2, +1, 0, -1, -2","In an adult with positive tTG serology, characteristic histological findings on duodenal biopsy are the gold standard for confirming celiac disease diagnosis. (+2)",2.0
,,,,,,management,referral to a specialist dietitian for education on a gluten-free diet.,her baseline bone mineral density scan (DEXA) shows a lumbar spine T-score of -2.8.,this action becomes,"+2, +1, 0, -1, -2","This finding of significant osteoporosis, a common complication of malabsorptive celiac disease, makes immediate and expert dietary intervention even more critical to improve bone health. (+2)",2.0
,,,,,,followup,planning a routine annual review with repeat serology and nutritional screening.,"a review of her peripheral blood film shows features of hyposplenism, such as Howell-Jolly bodies.",this plan becomes,"+2, +1, 0, -1, -2","Hyposplenism increases infection risk. The follow-up plan must be expanded to include pneumococcal vaccination, making the 'routine' plan less appropriate as it is incomplete. (-1)",-1.0
Celiac Disease,british,"A 32-year-old woman presents with an 18-month history of intermittent bloating, abdominal cramping, and loose stools. She has also experienced progressive fatigue and notes an unintentional weight loss of 7 kg over the past year. Her past medical history is significant for type 1 diabetes, diagnosed in adolescence. A full blood count reveals a microcytic anemia with a hemoglobin of 10.8 g/dL and a low ferritin of 12 ng/mL. Initial serological testing for celiac disease shows a weakly positive IgA tissue transglutaminase (tTG) antibody level of 15 U/mL (reference <10 U/mL), with a normal total IgA level. An upper endoscopy is performed, and duodenal biopsies are taken, which subsequently show subtotal villous atrophy, crypt hyperplasia, and increased intraepithelial lymphocytes, consistent with Marsh 3b classification. The patient is anxious about receiving a lifelong diagnosis.","This SCT item assesses reasoning in a new celiac disease diagnosis with discordant serology (weak tTG, negative EMA) but classic histology. It explores management urgency based on complications (osteoporosis) and adjusting follow-up for non-responsive symptoms.",american,"This is a well-constructed SCT item. From the American College of Gastroenterology (ACG) guideline perspective, the diagnosis hinges on the definitive duodenal biopsy (Marsh 3b), making the negative EMA a minor discordant finding that slightly weakens but does not refute the diagnosis. The presence of osteoporosis, a known complication, makes a strict gluten-free diet essential (+2). Persistent symptoms despite a supervised diet indicate non-responsive celiac disease, rendering a routine annual follow-up inappropriate (-2).",diagnosis,a definitive diagnosis of celiac disease based on the available results.,"the follow-up IgA endomysial antibody (EMA) test, sent for confirmation, comes back negative.",this hypothesis becomes,"+2, +1, 0, -1, -2","A negative EMA in the context of a weakly positive tTG creates serological discordance, despite the compelling biopsy. This weakens the certainty of the diagnosis. (-1)",-1.0
,,,,,,management,initiating a strict gluten-free diet and referring to a specialist dietitian.,a DEXA scan performed at diagnosis reveals significant osteoporosis with a T-score of -2.8 at the lumbar spine.,this action becomes,"+2, +1, 0, -1, -2",Significant osteoporosis is a major complication of malabsorption in celiac disease. This finding makes prompt and strict adherence to a gluten-free diet essential. (+2),2.0
,,,,,,followup,planning for a standard annual review with repeat serology to monitor dietary adherence.,"after six months on a dietitian-supervised gluten-free diet, her diarrhea and anemia persist.",this plan becomes,"+2, +1, 0, -1, -2",Persistent symptoms despite a GFD indicate non-responsive celiac disease. A routine annual review is no longer appropriate; urgent investigation is needed. (-2),-2.0
Celiac Disease,british,"A 38-year-old female was diagnosed with celiac disease two years ago based on a high IgA tissue transglutaminase (tTG) titre (>100 U/mL) and a duodenal biopsy showing Marsh 3b villous atrophy. She was referred to a specialist dietitian and reports strict adherence to a gluten-free diet (GFD) since her diagnosis. She returns for her annual review, complaining of persistent symptoms including intermittent bloating, abdominal cramping, and 2-3 loose stools daily. She also notes ongoing fatigue and has struggled to regain her pre-illness weight. A recent full blood count reveals a persistent mild normocytic anemia with a hemoglobin of 11.2 g/dL. Her repeat IgA tTG level has decreased significantly but remains elevated at 25 U/mL (normal <10 U/mL), and her total IgA is within the normal range. She feels discouraged by her lack of complete symptomatic improvement despite her efforts.","This item explores the differential diagnosis and management of a patient with established celiac disease who has persistent symptoms despite a gluten-free diet. It assesses the ability to weigh evidence for poor adherence, co-existing conditions, and refractory disease.",american,The item is clinically sound and aligns well with the American College of Gastroenterology (ACG) guidelines. The scenarios correctly prioritize investigating ongoing gluten exposure as the primary cause of non-responsive celiac disease before considering refractory disease. The management and follow-up plans are consistent with standard practice once the underlying cause of persistent symptoms and villous atrophy is identified and corrected. No major conflicts between American and British guidelines noted for this case.,diagnosis,a diagnosis of refractory celiac disease.,A detailed dietary review with a specialist dietitian reveals significant unintentional cross-contamination from shared kitchen appliances at home.,this hypothesis becomes,"+2, +1, 0, -1, -2","Inadvertent gluten ingestion is the most common cause of non-responsive celiac disease. Identifying a clear source of cross-contamination makes a diagnosis of refractory disease, a diagnosis of exclusion, much less likely. (-2)",-2.0
,,,,,,management,initiating an empirical trial of a lactose-free diet to manage her ongoing symptoms.,An upper endoscopy with repeat duodenal biopsies confirms persistent Marsh 3b villous atrophy with high intraepithelial lymphocyte counts.,this action becomes,"+2, +1, 0, -1, -2","While secondary lactose intolerance can cause symptoms, persistent severe villous atrophy indicates significant ongoing immunological activity. This finding necessitates a more thorough investigation for gluten exposure or refractory disease, making an empirical diet change a less appropriate next step. (-1)",-1.0
,,,,,,followup,scheduling a routine annual review with serology in 12 months.,"Repeat biopsies after extensive dietary re-education show complete histological remission (Marsh 0), although she still reports some mild, intermittent bloating.",this plan becomes,"+2, +1, 0, -1, -2","Achieving histological remission is a key treatment goal. With villous atrophy resolved, the plan can transition to routine annual monitoring, and her mild residual symptoms can be addressed as likely functional (e.g., IBS). (+2)",2.0
Celiac Disease,british,"A 28-year-old female, diagnosed with celiac disease 18 months ago via strongly positive IgA tissue transglutaminase (tTG) antibodies and a duodenal biopsy showing Marsh 3b villous atrophy, returns for her annual review. She reports diligent adherence to a strict gluten-free diet (GFD) with initial symptom improvement. However, for the past six months, she has experienced a return of bloating, intermittent diarrhea, and persistent fatigue. She is frustrated, stating she ""eats exactly what the dietitian recommended"" and avoids all cross-contamination. Her repeat IgA tTG level is 45 U/mL (down from >250 U/mL at diagnosis; normal <10 U/mL). A full blood count reveals a new mild iron deficiency anemia with hemoglobin of 11.2 g/dL and ferritin of 12 ng/mL. Her total IgA level is normal. She is concerned about the lack of progress and the possibility of a more serious condition.",This item assesses the clinical approach to a patient with non-responsive celiac disease. It focuses on differentiating poor dietary adherence from refractory disease and prioritizing investigations based on British Society of Gastroenterology guidelines.,american,This item is clinically sound and aligns well with the American College of Gastroenterology (ACG) guidelines. It correctly prioritizes a thorough dietary review and investigation of inadvertent gluten exposure—the most common cause of non-responsive celiac disease—before considering invasive procedures for refractory disease. The reasoning across all questions is logical and consistent with the American approach.,diagnosis,the most likely diagnosis is inadvertent gluten ingestion despite her claims of strict adherence.,a detailed dietary review with a specialist dietitian reveals frequent consumption of 'gluten-free' oat milk that is not certified as gluten-free.,this hypothesis becomes,"+2, +1, 0, -1, -2",This is the most common cause of non-responsive celiac disease. Identifying a probable source of ongoing gluten exposure strongly confirms the initial hypothesis. (+2),2.0
,,,,,,management,proceeding directly to a repeat upper endoscopy with duodenal biopsies to investigate for refractory celiac disease.,"she mentions her new-onset symptoms coincide with starting a new job at a bakery, where flour dust is constantly in the air.",this action becomes,"+2, +1, 0, -1, -2","While a repeat biopsy is considered for refractory disease, this new information points to a significant environmental gluten source. Addressing this exposure is the priority over an immediate invasive procedure. (-1)",-1.0
,,,,,,followup,scheduling a DEXA scan to assess for osteoporosis as a complication of ongoing malabsorption.,"a DEXA scan performed at her initial diagnosis 18 months ago was entirely normal, with a T-score of +0.5.",this plan becomes,"+2, +1, 0, -1, -2","BSG guidelines recommend assessing bone health at diagnosis. Given her young age and a recent normal baseline DEXA scan, repeating it now is of low clinical yield and thus less appropriate. (-1)",-1.0
Celiac Disease,british,"A 38-year-old woman presents with a six-month history of intermittent diarrhea, significant bloating, and fatigue. She has also noted an unintentional weight loss of 5 kg. Her past medical history is unremarkable, but she mentions that her older sister was diagnosed with celiac disease five years ago. She is not taking any regular medications. Initial blood tests reveal a mild normocytic anemia with a hemoglobin of 11.8 g/dL (normal 12-16 g/dL) and a low ferritin of 12 ng/mL (normal 15-150 ng/mL). Her liver and thyroid function are normal. To investigate further, celiac serology is performed. The results show a weakly positive IgA tissue transglutaminase (tTG) at 15 U/mL (upper limit of normal <10 U/mL) and a normal total IgA level of 210 mg/dL (normal 70-400 mg/dL). She is referred to a gastroenterologist for further evaluation.","This item assesses the clinical reasoning required for a common scenario: a patient with a family history and weakly positive serology for celiac disease. The questions probe the interpretation of equivocal histology, the impact of patient behaviour on management, and the importance of comorbidities.",american,"This item presents a valid and common clinical scenario. The American College of Gastroenterology (ACG) guidelines support the reasoning. The combination of weakly positive serology and Marsh 1 histology makes celiac disease more likely but not definitive. Initiating a strict gluten-free diet is less appropriate without a firm diagnosis, especially given the confounding factor of the patient's prior diet. The comorbidity of Type 1 Diabetes makes annual follow-up essential due to the strong association.",diagnosis,a definitive diagnosis of celiac disease.,The duodenal biopsy report shows Marsh 1 changes (increased intraepithelial lymphocytes) but preserved villous architecture.,this hypothesis becomes,"+2, +1, 0, -1, -2","Weakly positive tTG with Marsh 1 histology increases suspicion for celiac disease but is not diagnostic. It strengthens the hypothesis but does not confirm it, requiring further consideration. (+1)",1.0
,,,,,,management,referring the patient to a specialist dietitian to commence a strict gluten-free diet.,The patient mentions she has been following a low-gluten diet for the past three months to see if it helped her symptoms.,this action becomes,"+2, +1, 0, -1, -2","A low-gluten diet can blunt serological and histological markers, making current results unreliable. Committing to a lifelong GFD is less appropriate without a certain diagnosis. (-1)",-1.0
,,,,,,followup,planning an annual review including repeat serology and a check for nutritional deficiencies.,The patient is also found to have Type 1 Diabetes Mellitus during her initial workup.,this plan becomes,"+2, +1, 0, -1, -2","Type 1 diabetes and celiac disease are strongly associated autoimmune conditions. This comorbidity makes strict, guideline-based annual follow-up even more critical. (+2)",2.0
Celiac Disease,british,"A 28-year-old woman with a history of well-controlled type 1 diabetes presents with a one-year history of intermittent, non-bloody diarrhea, abdominal bloating, and profound fatigue. She reports an unintentional weight loss of 5 kg over the past six months despite a good appetite. She has no significant family history of gastrointestinal disease. Her primary care physician initiated investigations. Initial blood tests show a microcytic anemia with a hemoglobin of 10.8 g/dL (normal 12-16 g/dL) and a ferritin of 12 ng/mL (normal 15-150 ng/mL). Her liver function tests are normal. A celiac serology panel was ordered, revealing an IgA tissue transglutaminase (tTG) level of 3 U/mL (normal <10 U/mL). Her total serum IgA level is 45 mg/dL (normal 70-400 mg/dL). She is referred to your gastroenterology clinic for further evaluation and management of her persistent symptoms and anemia.","This item tests the approach to suspected celiac disease when initial serology is complicated by IgA deficiency, a key diagnostic pitfall. It emphasizes the need for correct serological testing, histological confirmation before treatment, and risk-stratified ancillary testing.",american,"This is a strong item testing a critical diagnostic pitfall (IgA deficiency in celiac disease). The American (ACG) guidelines align perfectly with the intended answers for diagnosis (use IgG tests) and management (biopsy before diet). The followup question on DEXA scanning is appropriately nuanced; the ACG guideline supports risk stratification, and the new information makes the scan less urgent, supporting a -1 rating. The clinical reasoning is sound and reflects standard gastroenterology practice.",diagnosis,The patient has celiac disease despite the negative IgA tTG test.,IgG deamidated gliadin peptide (DGP) and IgG tTG tests are both strongly positive.,this hypothesis becomes,"+2, +1, 0, -1, -2","In patients with IgA deficiency, IgA-based celiac tests are falsely negative. Positive IgG-based serology (DGP or tTG) is the appropriate next step and strongly supports the diagnosis. (+2)",2.0
,,,,,,management,The next appropriate step is to proceed directly to starting a strict gluten-free diet.,An upper endoscopy with duodenal biopsies has not yet been performed.,this action becomes,"+2, +1, 0, -1, -2",A duodenal biopsy is essential for diagnosis in adults before starting a lifelong gluten-free diet. Initiating the diet prematurely would compromise histological confirmation. (-2),-2.0
,,,,,,followup,The plan is to arrange a DEXA scan to assess for osteoporosis at diagnosis.,"The patient is an avid runner, has a normal BMI, regular menses, and no personal or family history of fractures.",this plan becomes,"+2, +1, 0, -1, -2","While celiac disease is a risk factor for osteoporosis, this patient is young and has no other specific risk factors. A DEXA scan is not essential at diagnosis and can be deferred. (-1)",-1.0
Gastroenterology_Celiac_Disease,british,"A 45-year-old woman is referred for evaluation of persistently elevated liver enzymes discovered during a routine check-up six months ago. Her ALT is 85 U/L (normal <40) and AST is 72 U/L (normal <40). She has a history of well-controlled Hashimoto's thyroiditis on levothyroxine. She denies significant alcohol consumption or use of hepatotoxic medications. On review of systems, she admits to intermittent abdominal bloating and persistent fatigue, which she attributes to her busy work schedule. Her viral hepatitis panel, ANA, and ASMA are all negative. An abdominal ultrasound shows mild hepatic steatosis but is otherwise unremarkable. Her BMI is 23 kg/m². Her ferritin is 20 ng/mL (normal 15-150 ng/mL), and hemoglobin is 12.1 g/dL. Given the association with autoimmune thyroid disease and borderline iron stores, further investigation into potential systemic causes is being considered.","This case focuses on the hepatic manifestations of celiac disease, a key non-classical presentation. It assesses interpretation of highly positive serology, the necessity of biopsy in adults for management decisions, and the importance of monitoring for extraintestinal complications like bone disease.",american,"This is a well-constructed item. The American College of Gastroenterology (ACG) guidelines align closely with the British perspective on these key points. A tTG >10x ULN is highly suggestive (+2), but a lifelong gluten-free diet is less appropriate with only non-specific Marsh 1 changes on biopsy in an adult (-1). The finding of osteopenia, a known complication, makes comprehensive annual follow-up essential (+2).",diagnosis,a diagnosis of celiac disease as the underlying cause of her transaminitis.,Her IgA tissue transglutaminase (tTG) antibody level is greater than 10 times the upper limit of normal.,this hypothesis becomes,"+2, +1, 0, -1, -2","A tTG level >10x ULN is highly specific for celiac disease and strongly supports it as the etiology for her cryptogenic liver enzyme elevation, pending biopsy confirmation. (+2)",2.0
,,,,,,management,"initiating a strict, lifelong gluten-free diet based on the clinical suspicion and serology alone.",A duodenal biopsy report shows Marsh 1 changes (increased intraepithelial lymphocytes) but intact villous architecture.,this action becomes,"+2, +1, 0, -1, -2","In adults, duodenal biopsy is essential for diagnosis. Marsh 1 changes are non-specific, so initiating a lifelong restrictive diet without definitive villous atrophy is less appropriate. (-1)",-1.0
,,,,,,followup,a plan for annual follow-up that includes monitoring her liver enzymes and celiac serology.,"At her first annual review, a DEXA scan reveals new-onset osteopenia with a T-score of -1.8.",this plan becomes,"+2, +1, 0, -1, -2",Osteopenia is a known complication of malabsorption in celiac disease. This finding reinforces the necessity of comprehensive annual reviews to manage extraintestinal manifestations. (+2),2.0
Celiac Disease Management,british,"A 45-year-old male architect presents with a six-month history of progressive fatigue, intermittent abdominal bloating, and weight loss of 5 kg. He has a history of well-controlled type 1 diabetes and was diagnosed with osteopenia two years ago. Initial blood work shows microcytic anemia (Hb 10.8 g/dL, MCV 76 fL) and low ferritin (12 ng/mL). Serological testing for celiac disease reveals a weakly positive IgA tissue transglutaminase (tTG) level of 15 U/mL (normal <10 U/mL), with a normal total IgA level. He is scheduled for an upper endoscopy to investigate further. He is anxious about the possibility of a lifelong dietary restriction and asks about the certainty of the diagnosis based on his current results. The patient is currently consuming a normal, gluten-containing diet.","This case presents a patient with classic risk factors for celiac disease (T1DM, anemia) but equivocal serology, testing the definitive role of histology. Scenarios probe guideline-based initial workup and the approach to non-responsive symptoms.",european,"This is a strong, clinically valid item. The European guidelines align with the author's reasoning. They mandate biopsy for diagnosis in adults with equivocal serology, recommend bone density assessment for at-risk patients at diagnosis, and require a thorough investigation (beyond symptom monitoring) for persistent symptoms, which could indicate non-responsive celiac disease. The chosen options reflect this standard of care.",diagnosis,a definitive diagnosis of celiac disease.,Duodenal biopsies show marked villous atrophy and crypt hyperplasia (Marsh 3b).,this hypothesis becomes,"+2, +1, 0, -1, -2",The presence of characteristic villous atrophy on biopsy in a symptomatic adult with positive serology (even if weakly positive) confirms the diagnosis of celiac disease according to guidelines. (+2),2.0
,,,,,,management,arranging a DEXA scan to assess for osteoporosis.,"He had a DEXA scan two years ago showing osteopenia, and he has been taking calcium and vitamin D supplements since.",this action becomes,"+2, +1, 0, -1, -2","Guidelines recommend assessing bone health at diagnosis. Even with a recent scan showing osteopenia, establishing a new baseline at the time of celiac diagnosis is essential to guide future management. (+2)",2.0
,,,,,,followup,planning to only monitor symptoms to assess response to a gluten-free diet.,"Six months after starting the diet, his anemia has resolved but he still reports significant, persistent bloating.",this plan becomes,"+2, +1, 0, -1, -2","Relying on symptoms alone is insufficient. Persistent bloating despite hematological improvement suggests non-responsive celiac disease, requiring investigation for causes like inadvertent gluten intake or alternative diagnoses. (-2)",-2.0
Celiac Disease,british,"A 28-year-old male was diagnosed with celiac disease one year ago following an investigation for chronic iron deficiency anemia and bloating. His initial serology showed an IgA tTG of 150 U/mL (normal <10 U/mL) with a normal total IgA. An upper endoscopy revealed scalloped duodenal folds, and biopsies confirmed Marsh 3b villous atrophy. He was referred to a specialist dietitian and has been on a strict gluten-free diet (GFD) for the past 12 months. On review, his anemia has resolved, and his tTG has normalized to 8 U/mL. However, he continues to experience intermittent abdominal bloating and occasional loose stools, which he feels are only partially improved. He is frustrated with his persistent symptoms despite his best efforts to maintain the GFD. He has no other significant past medical history and takes no regular medications. He is now being seen in the gastroenterology clinic for his annual review.","This SCT item assesses clinical reasoning in a patient with non-responsive celiac disease, a common clinical challenge. It focuses on differentiating between poor dietary adherence, co-existing functional disorders, and the need for investigation for refractory disease.",american,"This is a high-quality SCT item assessing non-responsive celiac disease. The American College of Gastroenterology (ACG) guidelines align with the author's reasoning. The approach of first re-evaluating gluten exposure, then considering co-existing functional disorders (like IBS/FODMAP intolerance), and finally investigating for refractory disease with repeat endoscopy for worsening symptoms is standard practice. The item is clinically sound and relevant across both British and American guidelines.",diagnosis,inadvertent gluten ingestion as the primary cause of his persistent symptoms.,A detailed dietary recall with the specialist dietitian reveals no obvious sources of gluten contamination.,this hypothesis becomes,"+2, +1, 0, -1, -2","While inadvertent gluten is the most common cause of non-responsive symptoms, a thorough negative dietary review makes it less likely, prompting consideration of other causes. (-1)",-1.0
,,,,,,management,initiating a trial of a low FODMAP diet under dietitian supervision.,"His persistent symptoms include significant bloating and flatulence, which worsen after eating certain fruits and dairy products.",this plan becomes,"+2, +1, 0, -1, -2","Co-existent IBS is common in celiac disease, and symptoms suggestive of FODMAP sensitivity make this a highly appropriate next management step. (+2)",2.0
,,,,,,followup,scheduling a repeat upper endoscopy with duodenal biopsies.,"Despite dietary adherence and normal serology, his symptoms of bloating and diarrhea have worsened over the last three months.",this plan becomes,"+2, +1, 0, -1, -2","Worsening symptoms in a patient with known celiac disease, even with normal serology, warrants re-evaluation for persistent villous atrophy or refractory disease. (+2)",2.0
Celiac Disease,british,"A 32-year-old woman with a 10-year history of well-controlled type 1 diabetes presents with a one-year history of intermittent diarrhea, abdominal bloating, and fatigue. She has also noted an unintentional weight loss of 5 kg over the last six months. She has no significant family history of gastrointestinal disease. Her initial blood tests show a new microcytic anemia with a hemoglobin of 10.8 g/dL (normal 12-16 g/dL) and a ferritin of 12 ng/mL (normal 15-150 ng/mL). Her liver function tests are normal. Given her autoimmune history and symptoms, celiac serology is performed. The results show a tissue transglutaminase (tTG) IgA level of 95 U/mL (upper limit of normal <10 U/mL), and her total IgA level is within the normal range. She is anxious about the potential need for further investigation and lifestyle changes.","This SCT item assesses the diagnosis, management, and follow-up of a typical adult presentation of celiac disease, aligning with BSG guidelines. It tests the confirmation of diagnosis, urgency of management in the face of complications, and adaptation of follow-up to new findings.",american,"The item is clinically valid and aligns well with the American College of Gastroenterology guidelines. The progression from diagnosis (serology + biopsy), to management (dietitian referral, addressing osteoporosis), and follow-up (adapting to new findings like hyposplenism) is logical. The reasoning is robust and reflects standard practice in both the US and UK, with no significant guideline-based conflicts identified for these specific scenarios.",diagnosis,a definitive diagnosis of celiac disease.,her duodenal biopsy confirms Marsh 3b villous atrophy and crypt hyperplasia.,this hypothesis becomes,"+2, +1, 0, -1, -2","In an adult with positive tTG serology, characteristic histological findings on duodenal biopsy are the gold standard for confirming celiac disease diagnosis. (+2)",2.0
,,,,,,management,referral to a specialist dietitian for education on a gluten-free diet.,her baseline bone mineral density scan (DEXA) shows a lumbar spine T-score of -2.8.,this action becomes,"+2, +1, 0, -1, -2","This finding of significant osteoporosis, a common complication of malabsorptive celiac disease, makes immediate and expert dietary intervention even more critical to improve bone health. (+2)",2.0
,,,,,,followup,planning a routine annual review with repeat serology and nutritional screening.,"a review of her peripheral blood film shows features of hyposplenism, such as Howell-Jolly bodies.",this plan becomes,"+2, +1, 0, -1, -2","Hyposplenism increases infection risk. The follow-up plan must be expanded to include pneumococcal vaccination, making the 'routine' plan less appropriate as it is incomplete. (-1)",-1.0
Celiac Disease,british,"A 32-year-old woman presents with an 18-month history of intermittent bloating, abdominal cramping, and loose stools. She has also experienced progressive fatigue and notes an unintentional weight loss of 7 kg over the past year. Her past medical history is significant for type 1 diabetes, diagnosed in adolescence. A full blood count reveals a microcytic anemia with a hemoglobin of 10.8 g/dL and a low ferritin of 12 ng/mL. Initial serological testing for celiac disease shows a weakly positive IgA tissue transglutaminase (tTG) antibody level of 15 U/mL (reference <10 U/mL), with a normal total IgA level. An upper endoscopy is performed, and duodenal biopsies are taken, which subsequently show subtotal villous atrophy, crypt hyperplasia, and increased intraepithelial lymphocytes, consistent with Marsh 3b classification. The patient is anxious about receiving a lifelong diagnosis.","This SCT item assesses reasoning in a new celiac disease diagnosis with discordant serology (weak tTG, negative EMA) but classic histology. It explores management urgency based on complications (osteoporosis) and adjusting follow-up for non-responsive symptoms.",american,"This is a well-constructed SCT item. From the American College of Gastroenterology (ACG) guideline perspective, the diagnosis hinges on the definitive duodenal biopsy (Marsh 3b), making the negative EMA a minor discordant finding that slightly weakens but does not refute the diagnosis. The presence of osteoporosis, a known complication, makes a strict gluten-free diet essential (+2). Persistent symptoms despite a supervised diet indicate non-responsive celiac disease, rendering a routine annual follow-up inappropriate (-2).",diagnosis,a definitive diagnosis of celiac disease based on the available results.,"the follow-up IgA endomysial antibody (EMA) test, sent for confirmation, comes back negative.",this hypothesis becomes,"+2, +1, 0, -1, -2","A negative EMA in the context of a weakly positive tTG creates serological discordance, despite the compelling biopsy. This weakens the certainty of the diagnosis. (-1)",-1.0
,,,,,,management,initiating a strict gluten-free diet and referring to a specialist dietitian.,a DEXA scan performed at diagnosis reveals significant osteoporosis with a T-score of -2.8 at the lumbar spine.,this action becomes,"+2, +1, 0, -1, -2",Significant osteoporosis is a major complication of malabsorption in celiac disease. This finding makes prompt and strict adherence to a gluten-free diet essential. (+2),2.0
,,,,,,followup,planning for a standard annual review with repeat serology to monitor dietary adherence.,"after six months on a dietitian-supervised gluten-free diet, her diarrhea and anemia persist.",this plan becomes,"+2, +1, 0, -1, -2",Persistent symptoms despite a GFD indicate non-responsive celiac disease. A routine annual review is no longer appropriate; urgent investigation is needed. (-2),-2.0
Celiac Disease,british,"A 38-year-old female was diagnosed with celiac disease two years ago based on a high IgA tissue transglutaminase (tTG) titre (>100 U/mL) and a duodenal biopsy showing Marsh 3b villous atrophy. She was referred to a specialist dietitian and reports strict adherence to a gluten-free diet (GFD) since her diagnosis. She returns for her annual review, complaining of persistent symptoms including intermittent bloating, abdominal cramping, and 2-3 loose stools daily. She also notes ongoing fatigue and has struggled to regain her pre-illness weight. A recent full blood count reveals a persistent mild normocytic anemia with a hemoglobin of 11.2 g/dL. Her repeat IgA tTG level has decreased significantly but remains elevated at 25 U/mL (normal <10 U/mL), and her total IgA is within the normal range. She feels discouraged by her lack of complete symptomatic improvement despite her efforts.","This item explores the differential diagnosis and management of a patient with established celiac disease who has persistent symptoms despite a gluten-free diet. It assesses the ability to weigh evidence for poor adherence, co-existing conditions, and refractory disease.",american,The item is clinically sound and aligns well with the American College of Gastroenterology (ACG) guidelines. The scenarios correctly prioritize investigating ongoing gluten exposure as the primary cause of non-responsive celiac disease before considering refractory disease. The management and follow-up plans are consistent with standard practice once the underlying cause of persistent symptoms and villous atrophy is identified and corrected. No major conflicts between American and British guidelines noted for this case.,diagnosis,a diagnosis of refractory celiac disease.,A detailed dietary review with a specialist dietitian reveals significant unintentional cross-contamination from shared kitchen appliances at home.,this hypothesis becomes,"+2, +1, 0, -1, -2","Inadvertent gluten ingestion is the most common cause of non-responsive celiac disease. Identifying a clear source of cross-contamination makes a diagnosis of refractory disease, a diagnosis of exclusion, much less likely. (-2)",-2.0
,,,,,,management,initiating an empirical trial of a lactose-free diet to manage her ongoing symptoms.,An upper endoscopy with repeat duodenal biopsies confirms persistent Marsh 3b villous atrophy with high intraepithelial lymphocyte counts.,this action becomes,"+2, +1, 0, -1, -2","While secondary lactose intolerance can cause symptoms, persistent severe villous atrophy indicates significant ongoing immunological activity. This finding necessitates a more thorough investigation for gluten exposure or refractory disease, making an empirical diet change a less appropriate next step. (-1)",-1.0
,,,,,,followup,scheduling a routine annual review with serology in 12 months.,"Repeat biopsies after extensive dietary re-education show complete histological remission (Marsh 0), although she still reports some mild, intermittent bloating.",this plan becomes,"+2, +1, 0, -1, -2","Achieving histological remission is a key treatment goal. With villous atrophy resolved, the plan can transition to routine annual monitoring, and her mild residual symptoms can be addressed as likely functional (e.g., IBS). (+2)",2.0
Celiac Disease,british,"A 28-year-old female, diagnosed with celiac disease 18 months ago via strongly positive IgA tissue transglutaminase (tTG) antibodies and a duodenal biopsy showing Marsh 3b villous atrophy, returns for her annual review. She reports diligent adherence to a strict gluten-free diet (GFD) with initial symptom improvement. However, for the past six months, she has experienced a return of bloating, intermittent diarrhea, and persistent fatigue. She is frustrated, stating she ""eats exactly what the dietitian recommended"" and avoids all cross-contamination. Her repeat IgA tTG level is 45 U/mL (down from >250 U/mL at diagnosis; normal <10 U/mL). A full blood count reveals a new mild iron deficiency anemia with hemoglobin of 11.2 g/dL and ferritin of 12 ng/mL. Her total IgA level is normal. She is concerned about the lack of progress and the possibility of a more serious condition.",This item assesses the clinical approach to a patient with non-responsive celiac disease. It focuses on differentiating poor dietary adherence from refractory disease and prioritizing investigations based on British Society of Gastroenterology guidelines.,american,This item is clinically sound and aligns well with the American College of Gastroenterology (ACG) guidelines. It correctly prioritizes a thorough dietary review and investigation of inadvertent gluten exposure—the most common cause of non-responsive celiac disease—before considering invasive procedures for refractory disease. The reasoning across all questions is logical and consistent with the American approach.,diagnosis,the most likely diagnosis is inadvertent gluten ingestion despite her claims of strict adherence.,a detailed dietary review with a specialist dietitian reveals frequent consumption of 'gluten-free' oat milk that is not certified as gluten-free.,this hypothesis becomes,"+2, +1, 0, -1, -2",This is the most common cause of non-responsive celiac disease. Identifying a probable source of ongoing gluten exposure strongly confirms the initial hypothesis. (+2),2.0
,,,,,,management,proceeding directly to a repeat upper endoscopy with duodenal biopsies to investigate for refractory celiac disease.,"she mentions her new-onset symptoms coincide with starting a new job at a bakery, where flour dust is constantly in the air.",this action becomes,"+2, +1, 0, -1, -2","While a repeat biopsy is considered for refractory disease, this new information points to a significant environmental gluten source. Addressing this exposure is the priority over an immediate invasive procedure. (-1)",-1.0
,,,,,,followup,scheduling a DEXA scan to assess for osteoporosis as a complication of ongoing malabsorption.,"a DEXA scan performed at her initial diagnosis 18 months ago was entirely normal, with a T-score of +0.5.",this plan becomes,"+2, +1, 0, -1, -2","BSG guidelines recommend assessing bone health at diagnosis. Given her young age and a recent normal baseline DEXA scan, repeating it now is of low clinical yield and thus less appropriate. (-1)",-1.0
Celiac Disease,british,"A 38-year-old woman presents with a six-month history of intermittent diarrhea, significant bloating, and fatigue. She has also noted an unintentional weight loss of 5 kg. Her past medical history is unremarkable, but she mentions that her older sister was diagnosed with celiac disease five years ago. She is not taking any regular medications. Initial blood tests reveal a mild normocytic anemia with a hemoglobin of 11.8 g/dL (normal 12-16 g/dL) and a low ferritin of 12 ng/mL (normal 15-150 ng/mL). Her liver and thyroid function are normal. To investigate further, celiac serology is performed. The results show a weakly positive IgA tissue transglutaminase (tTG) at 15 U/mL (upper limit of normal <10 U/mL) and a normal total IgA level of 210 mg/dL (normal 70-400 mg/dL). She is referred to a gastroenterologist for further evaluation.","This item assesses the clinical reasoning required for a common scenario: a patient with a family history and weakly positive serology for celiac disease. The questions probe the interpretation of equivocal histology, the impact of patient behaviour on management, and the importance of comorbidities.",american,"This item presents a valid and common clinical scenario. The American College of Gastroenterology (ACG) guidelines support the reasoning. The combination of weakly positive serology and Marsh 1 histology makes celiac disease more likely but not definitive. Initiating a strict gluten-free diet is less appropriate without a firm diagnosis, especially given the confounding factor of the patient's prior diet. The comorbidity of Type 1 Diabetes makes annual follow-up essential due to the strong association.",diagnosis,a definitive diagnosis of celiac disease.,The duodenal biopsy report shows Marsh 1 changes (increased intraepithelial lymphocytes) but preserved villous architecture.,this hypothesis becomes,"+2, +1, 0, -1, -2","Weakly positive tTG with Marsh 1 histology increases suspicion for celiac disease but is not diagnostic. It strengthens the hypothesis but does not confirm it, requiring further consideration. (+1)",1.0
,,,,,,management,referring the patient to a specialist dietitian to commence a strict gluten-free diet.,The patient mentions she has been following a low-gluten diet for the past three months to see if it helped her symptoms.,this action becomes,"+2, +1, 0, -1, -2","A low-gluten diet can blunt serological and histological markers, making current results unreliable. Committing to a lifelong GFD is less appropriate without a certain diagnosis. (-1)",-1.0
,,,,,,followup,planning an annual review including repeat serology and a check for nutritional deficiencies.,The patient is also found to have Type 1 Diabetes Mellitus during her initial workup.,this plan becomes,"+2, +1, 0, -1, -2","Type 1 diabetes and celiac disease are strongly associated autoimmune conditions. This comorbidity makes strict, guideline-based annual follow-up even more critical. (+2)",2.0
Celiac Disease,european,"A 28-year-old woman presents with a one-year history of intermittent abdominal bloating, flatulence, and 2-3 loose stools per day. She also reports persistent fatigue and has noted an unintentional 5 kg weight loss over the last six months. She has no significant past medical history but mentions her mother has Hashimoto's thyroiditis. Her physical examination is unremarkable except for mild pallor. Initial laboratory workup shows a microcytic anemia with hemoglobin of 10.8 g/dL. Celiac serology reveals an IgA anti-tissue transglutaminase (tTG) antibody level of 95 U/mL (upper limit of normal <10 U/mL), with a normal total IgA level. An upper endoscopy is performed, showing scalloping of the duodenal folds. Duodenal biopsies confirm the diagnosis, demonstrating Marsh 3b classification with significant villous atrophy, crypt hyperplasia, and increased intraepithelial lymphocytes. She is now in your clinic to discuss the results and management plan.","This item assesses the nuances of managing newly diagnosed celiac disease, including screening for comorbidities, recognizing insufficient management plans, and investigating non-responsive symptoms as per ESPGHAN guidelines.",american,"The item is clinically sound and aligns well with American College of Gastroenterology guidelines. The questions appropriately test the management of common comorbidities (autoimmune thyroiditis), complications (osteoporosis), and the crucial workup for non-responsive celiac disease. The clinical reasoning is consistent across both European and American guidelines for these specific scenarios, indicating a high-quality and universally relevant SCT item.",diagnosis,"a diagnosis of concomitant autoimmune thyroiditis, given her family history.","Her thyroid-stimulating hormone (TSH) level is 6.8 mU/L (normal 0.4-4.0), with a normal free T4 and positive anti-TPO antibodies.",this hypothesis becomes,"+2, +1, 0, -1, -2","The combination of elevated TSH (subclinical hypothyroidism) and positive anti-TPO antibodies strongly supports the diagnosis of autoimmune thyroiditis, a known association with celiac disease. (+2)",2.0
,,,,,,management,initiating a strict gluten-free diet with dietitian referral and prescribing iron supplementation.,"A baseline bone densitometry (DEXA) scan, performed due to her malabsorption risk, reveals a Z-score of -2.8 at the lumbar spine.",this plan becomes,"+2, +1, 0, -1, -2","While the initial plan is correct, the finding of severe osteoporosis (Z-score < -2.5) makes it critically insufficient. The plan now requires immediate management of bone health, including vitamin D and calcium. (-2)",-2.0
,,,,,,followup,monitoring her progress with annual clinical reviews and serology testing for tTG-IgA.,"After six months on a dietitian-supervised diet, her tTG-IgA has normalized but her bloating and diarrhea persist with minimal improvement.",this plan becomes,"+2, +1, 0, -1, -2",Persistent symptoms despite serological response suggest non-responsive celiac disease. The plan to wait for a routine annual review is inappropriate; prompt investigation for co-existing conditions is required. (-2),-2.0
Celiac_Disease,european,"A 34-year-old man was diagnosed with celiac disease 18 months ago based on a high IgA anti-tissue transglutaminase (tTG) titer (>150 U/mL) and a duodenal biopsy confirming Marsh 3b villous atrophy. He was referred to an expert dietitian and initiated a strict gluten-free diet (GFD). Despite his reported meticulous adherence, he presents with persistent symptoms, including intermittent watery diarrhea, significant abdominal bloating, and profound fatigue. He has also had an unintentional weight loss of 4 kg over the last six months. Repeat serology shows his tTG-IgA has fallen but remains elevated at 35 U/mL (ULN <15 U/mL). His hemoglobin is 10.8 g/dL with a low ferritin of 12 ng/mL, consistent with ongoing iron deficiency anemia. He feels frustrated and is questioning the effectiveness of his diet.","This item assesses the clinical reasoning for a patient with diagnosed celiac disease who fails to respond to a gluten-free diet, a common and challenging scenario requiring exclusion of comorbidities before considering refractory disease.",american,"The item presents a classic and clinically relevant case of non-responsive celiac disease. The questions logically assess the stepwise evaluation process. The American College of Gastroenterology guideline strongly supports the intended reasoning, emphasizing ruling out ongoing gluten exposure and other conditions (SIBO, microscopic colitis) before considering refractory disease. The reasoning is consistent across international guidelines for this common clinical problem.",diagnosis,a diagnosis of non-responsive celiac disease due to inadvertent gluten consumption.,A detailed dietary review with a specialized dietitian reveals no evidence of gluten exposure and impeccable label reading skills.,this hypothesis becomes,"+2, +1, 0, -1, -2","Inadvertent gluten intake is the most common cause of non-responsive celiac disease. However, an expert review making this less likely prompts investigation into other causes like SIBO or microscopic colitis. (-1)",-1.0
,,,,,,management,proceeding with a trial of oral budesonide to manage suspected refractory celiac disease.,A hydrogen breath test comes back strongly positive for small intestinal bacterial overgrowth (SIBO).,this plan becomes,"+2, +1, 0, -1, -2","Treating a specific, identified comorbidity like SIBO is the correct next step. Initiating immunosuppression for refractory disease would be inappropriate without first addressing this treatable cause of symptoms. (-2)",-2.0
,,,,,,followup,planning for a repeat upper endoscopy with duodenal biopsies to re-evaluate his histology.,The patient reports that his brother was recently diagnosed with microscopic colitis after a similar presentation.,this plan becomes,"+2, +1, 0, -1, -2",Microscopic colitis is a differential for diarrhea but is diagnosed by colonoscopy. This finding doesn't negate the need for a repeat upper endoscopy to assess for refractory disease. The plan remains necessary. (0),0.0
Celiac Disease,european,"A 28-year-old woman presents with a one-year history of intermittent abdominal bloating, flatulence, and 2-3 loose stools per day. She also reports persistent fatigue and has noted an unintentional 5 kg weight loss over the last six months. She has no significant past medical history but mentions her mother has Hashimoto's thyroiditis. Her physical examination is unremarkable except for mild pallor. Initial laboratory workup shows a microcytic anemia with hemoglobin of 10.8 g/dL. Celiac serology reveals an IgA anti-tissue transglutaminase (tTG) antibody level of 95 U/mL (upper limit of normal <10 U/mL), with a normal total IgA level. An upper endoscopy is performed, showing scalloping of the duodenal folds. Duodenal biopsies confirm the diagnosis, demonstrating Marsh 3b classification with significant villous atrophy, crypt hyperplasia, and increased intraepithelial lymphocytes. She is now in your clinic to discuss the results and management plan.","This item assesses the nuances of managing newly diagnosed celiac disease, including screening for comorbidities, recognizing insufficient management plans, and investigating non-responsive symptoms as per ESPGHAN guidelines.",american,"The item is clinically sound and aligns well with American College of Gastroenterology guidelines. The questions appropriately test the management of common comorbidities (autoimmune thyroiditis), complications (osteoporosis), and the crucial workup for non-responsive celiac disease. The clinical reasoning is consistent across both European and American guidelines for these specific scenarios, indicating a high-quality and universally relevant SCT item.",diagnosis,"a diagnosis of concomitant autoimmune thyroiditis, given her family history.","Her thyroid-stimulating hormone (TSH) level is 6.8 mU/L (normal 0.4-4.0), with a normal free T4 and positive anti-TPO antibodies.",this hypothesis becomes,"+2, +1, 0, -1, -2","The combination of elevated TSH (subclinical hypothyroidism) and positive anti-TPO antibodies strongly supports the diagnosis of autoimmune thyroiditis, a known association with celiac disease. (+2)",2.0
,,,,,,management,initiating a strict gluten-free diet with dietitian referral and prescribing iron supplementation.,"A baseline bone densitometry (DEXA) scan, performed due to her malabsorption risk, reveals a Z-score of -2.8 at the lumbar spine.",this plan becomes,"+2, +1, 0, -1, -2","While the initial plan is correct, the finding of severe osteoporosis (Z-score < -2.5) makes it critically insufficient. The plan now requires immediate management of bone health, including vitamin D and calcium. (-2)",-2.0
,,,,,,followup,monitoring her progress with annual clinical reviews and serology testing for tTG-IgA.,"After six months on a dietitian-supervised diet, her tTG-IgA has normalized but her bloating and diarrhea persist with minimal improvement.",this plan becomes,"+2, +1, 0, -1, -2",Persistent symptoms despite serological response suggest non-responsive celiac disease. The plan to wait for a routine annual review is inappropriate; prompt investigation for co-existing conditions is required. (-2),-2.0
Celiac Disease,european,"A 24-year-old male presents with a six-month history of intermittent, non-bloody diarrhea, abdominal bloating, and an unintentional 5 kg weight loss. He reports feeling constantly fatigued. His past medical history is unremarkable, but he mentions his older sister has type 1 diabetes. On examination, he appears thin but is in no acute distress. Initial laboratory investigations reveal a mild microcytic anemia with a hemoglobin of 12.8 g/dL (normal 13.5-17.5 g/dL) and a ferritin of 15 ng/mL (normal 30-400 ng/mL). Serological testing for celiac disease shows a significantly elevated IgA anti-tissue transglutaminase (tTG) antibody level of 155 U/mL (upper limit of normal <15 U/mL), which is greater than ten times the upper limit. His total serum IgA level is within the normal range. He is awaiting an appointment with a gastroenterologist to discuss the next steps, including the potential need for an endoscopy.","This case tests clinical reasoning in a young adult with classic celiac serology. Scenarios explore the interpretation of discordant histology, the primacy of medical management over psychosocial barriers, and the need to broaden follow-up based on new symptoms.",american,"This is a strong SCT item. From an American College of Gastroenterology (ACG) guideline perspective, the reasoning holds. The ACG is conservative, requiring biopsy in most adults, so a Marsh 1 lesion with very high tTG makes the diagnosis more likely (+1) but not definitively confirmed without classic atrophy. The patient's occupation makes dietetic referral essential (+2). The emergence of bone pain renders a serology-only follow-up plan highly inappropriate (-2), as it ignores a significant potential complication.",diagnosis,a definitive diagnosis of celiac disease.,An upper endoscopy with duodenal biopsies reveals a Marsh 1 lesion (increased intraepithelial lymphocytes) but no villous atrophy.,this hypothesis becomes,"+2, +1, 0, -1, -2","The extremely high tTG level (>10x ULN) is highly specific for celiac disease. While a Marsh 1 lesion is histologically mild, it is consistent with the diagnosis and does not refute it given the strong serological evidence. (+1)",1.0
,,,,,,management,initiating a strict gluten-free diet and scheduling a consultation with a specialist dietitian.,The patient is a professional baker and is extremely concerned about the financial and career implications of the diagnosis.,this action becomes,"+2, +1, 0, -1, -2","Psychosocial and occupational challenges do not alter the medical necessity of a strict GFD, which is the cornerstone of treatment. In fact, these difficulties make expert dietetic consultation even more essential to ensure success. (+2)",2.0
,,,,,,followup,checking only IgA-tTG levels annually to monitor dietary adherence and disease activity.,"After one year, his symptoms have resolved, but he reports new-onset bone pain in his lower back.",this plan becomes,"+2, +1, 0, -1, -2","New bone pain suggests a potential complication like metabolic bone disease. Follow-up must now be expanded to investigate this, for example by checking vitamin D levels and considering a bone density scan. Relying only on serology is insufficient. (-1)",-2.0
Celiac_Disease_Management,european,"A 34-year-old woman was diagnosed with celiac disease two years ago via positive IgA anti-tTG serology and duodenal biopsy showing Marsh 3b villous atrophy. She was initiated on a strict gluten-free diet (GFD) with formal dietitian consultation and reported significant improvement in her bloating and diarrhea within the first year. However, over the past six months, she has presented with a gradual return of intermittent watery diarrhea, abdominal cramping, and persistent fatigue. She insists she is meticulously adherent to her GFD, avoiding cross-contamination and reading all food labels. Repeat laboratory tests show her IgA anti-tTG level is 45 U/mL (upper limit of normal <15 U/mL), down from >250 U/mL at diagnosis but still elevated. She also has a mild iron deficiency anemia with hemoglobin of 10.8 g/dL and ferritin of 12 ng/mL. Her weight has remained stable.","This item focuses on the differential diagnosis and management of non-responsive celiac disease (NRCD). The scenarios test the ability to prioritize investigation of ongoing gluten exposure over premature consideration of refractory disease, based on European guidelines.",american,"The item is clinically excellent and valid from the American guideline perspective. The ACG guideline strongly emphasizes that ongoing gluten exposure is the most common cause of non-responsive celiac disease, making refractory disease a diagnosis of exclusion. This aligns perfectly with the reasoning in Q1 and Q2. The emergence of dermatitis herpetiformis (Q3) clearly indicates active disease requiring urgent reassessment, not routine follow-up. The reasoning is consistent across major guidelines.",diagnosis,"a diagnosis of refractory celiac disease, type 1.",A detailed dietary review reveals frequent consumption of 'gluten-free' oats and dining out at restaurants without dedicated gluten-free kitchens.,this hypothesis becomes,"+2, +1, 0, -1, -2","Ongoing gluten exposure is the most common cause of non-responsive celiac disease. This finding makes refractory celiac disease, a diagnosis of exclusion, much less likely. (-2)",-2.0
,,,,,,management,proceeding directly to immunosuppressive therapy with budesonide or azathioprine.,"Endoscopy and repeat duodenal biopsies are performed, which confirm persistent Marsh 3b villous atrophy.",this action becomes,"+2, +1, 0, -1, -2","Immunosuppressants are for true refractory disease. Before considering them, one must re-verify dietary adherence and exclude other causes of non-response, even with persistent atrophy. (-2)",-2.0
,,,,,,followup,arranging a follow-up appointment in one year for routine clinical and serological review.,"The patient mentions a new, intensely itchy, blistering rash on her elbows and knees, consistent with dermatitis herpetiformis.",this plan becomes,"+2, +1, 0, -1, -2",Dermatitis herpetiformis is an active manifestation of uncontrolled celiac disease. A routine annual follow-up is inadequate; more urgent re-evaluation and management are essential. (-2),-2.0
Celiac_Disease,european,"A 34-year-old man was diagnosed with celiac disease 18 months ago based on a high IgA anti-tissue transglutaminase (tTG) titer (>150 U/mL) and a duodenal biopsy confirming Marsh 3b villous atrophy. He was referred to an expert dietitian and initiated a strict gluten-free diet (GFD). Despite his reported meticulous adherence, he presents with persistent symptoms, including intermittent watery diarrhea, significant abdominal bloating, and profound fatigue. He has also had an unintentional weight loss of 4 kg over the last six months. Repeat serology shows his tTG-IgA has fallen but remains elevated at 35 U/mL (ULN <15 U/mL). His hemoglobin is 10.8 g/dL with a low ferritin of 12 ng/mL, consistent with ongoing iron deficiency anemia. He feels frustrated and is questioning the effectiveness of his diet.","This item assesses the clinical reasoning for a patient with diagnosed celiac disease who fails to respond to a gluten-free diet, a common and challenging scenario requiring exclusion of comorbidities before considering refractory disease.",american,"The item presents a classic and clinically relevant case of non-responsive celiac disease. The questions logically assess the stepwise evaluation process. The American College of Gastroenterology guideline strongly supports the intended reasoning, emphasizing ruling out ongoing gluten exposure and other conditions (SIBO, microscopic colitis) before considering refractory disease. The reasoning is consistent across international guidelines for this common clinical problem.",diagnosis,a diagnosis of non-responsive celiac disease due to inadvertent gluten consumption.,A detailed dietary review with a specialized dietitian reveals no evidence of gluten exposure and impeccable label reading skills.,this hypothesis becomes,"+2, +1, 0, -1, -2","Inadvertent gluten intake is the most common cause of non-responsive celiac disease. However, an expert review making this less likely prompts investigation into other causes like SIBO or microscopic colitis. (-1)",-1.0
,,,,,,management,proceeding with a trial of oral budesonide to manage suspected refractory celiac disease.,A hydrogen breath test comes back strongly positive for small intestinal bacterial overgrowth (SIBO).,this plan becomes,"+2, +1, 0, -1, -2","Treating a specific, identified comorbidity like SIBO is the correct next step. Initiating immunosuppression for refractory disease would be inappropriate without first addressing this treatable cause of symptoms. (-2)",-2.0
,,,,,,followup,planning for a repeat upper endoscopy with duodenal biopsies to re-evaluate his histology.,The patient reports that his brother was recently diagnosed with microscopic colitis after a similar presentation.,this plan becomes,"+2, +1, 0, -1, -2",Microscopic colitis is a differential for diarrhea but is diagnosed by colonoscopy. This finding doesn't negate the need for a repeat upper endoscopy to assess for refractory disease. The plan remains necessary. (0),0.0
Celiac Disease,european,"A 28-year-old woman presents with a one-year history of intermittent abdominal bloating, flatulence, and 2-3 loose stools per day. She also reports persistent fatigue and has noted an unintentional 5 kg weight loss over the last six months. She has no significant past medical history but mentions her mother has Hashimoto's thyroiditis. Her physical examination is unremarkable except for mild pallor. Initial laboratory workup shows a microcytic anemia with hemoglobin of 10.8 g/dL. Celiac serology reveals an IgA anti-tissue transglutaminase (tTG) antibody level of 95 U/mL (upper limit of normal <10 U/mL), with a normal total IgA level. An upper endoscopy is performed, showing scalloping of the duodenal folds. Duodenal biopsies confirm the diagnosis, demonstrating Marsh 3b classification with significant villous atrophy, crypt hyperplasia, and increased intraepithelial lymphocytes. She is now in your clinic to discuss the results and management plan.","This item assesses the nuances of managing newly diagnosed celiac disease, including screening for comorbidities, recognizing insufficient management plans, and investigating non-responsive symptoms as per ESPGHAN guidelines.",american,"The item is clinically sound and aligns well with American College of Gastroenterology guidelines. The questions appropriately test the management of common comorbidities (autoimmune thyroiditis), complications (osteoporosis), and the crucial workup for non-responsive celiac disease. The clinical reasoning is consistent across both European and American guidelines for these specific scenarios, indicating a high-quality and universally relevant SCT item.",diagnosis,"a diagnosis of concomitant autoimmune thyroiditis, given her family history.","Her thyroid-stimulating hormone (TSH) level is 6.8 mU/L (normal 0.4-4.0), with a normal free T4 and positive anti-TPO antibodies.",this hypothesis becomes,"+2, +1, 0, -1, -2","The combination of elevated TSH (subclinical hypothyroidism) and positive anti-TPO antibodies strongly supports the diagnosis of autoimmune thyroiditis, a known association with celiac disease. (+2)",2.0
,,,,,,management,initiating a strict gluten-free diet with dietitian referral and prescribing iron supplementation.,"A baseline bone densitometry (DEXA) scan, performed due to her malabsorption risk, reveals a Z-score of -2.8 at the lumbar spine.",this plan becomes,"+2, +1, 0, -1, -2","While the initial plan is correct, the finding of severe osteoporosis (Z-score < -2.5) makes it critically insufficient. The plan now requires immediate management of bone health, including vitamin D and calcium. (-2)",-2.0
,,,,,,followup,monitoring her progress with annual clinical reviews and serology testing for tTG-IgA.,"After six months on a dietitian-supervised diet, her tTG-IgA has normalized but her bloating and diarrhea persist with minimal improvement.",this plan becomes,"+2, +1, 0, -1, -2",Persistent symptoms despite serological response suggest non-responsive celiac disease. The plan to wait for a routine annual review is inappropriate; prompt investigation for co-existing conditions is required. (-2),-2.0
Celiac Disease,european,"A 24-year-old male presents with a six-month history of intermittent, non-bloody diarrhea, abdominal bloating, and an unintentional 5 kg weight loss. He reports feeling constantly fatigued. His past medical history is unremarkable, but he mentions his older sister has type 1 diabetes. On examination, he appears thin but is in no acute distress. Initial laboratory investigations reveal a mild microcytic anemia with a hemoglobin of 12.8 g/dL (normal 13.5-17.5 g/dL) and a ferritin of 15 ng/mL (normal 30-400 ng/mL). Serological testing for celiac disease shows a significantly elevated IgA anti-tissue transglutaminase (tTG) antibody level of 155 U/mL (upper limit of normal <15 U/mL), which is greater than ten times the upper limit. His total serum IgA level is within the normal range. He is awaiting an appointment with a gastroenterologist to discuss the next steps, including the potential need for an endoscopy.","This case tests clinical reasoning in a young adult with classic celiac serology. Scenarios explore the interpretation of discordant histology, the primacy of medical management over psychosocial barriers, and the need to broaden follow-up based on new symptoms.",american,"This is a strong SCT item. From an American College of Gastroenterology (ACG) guideline perspective, the reasoning holds. The ACG is conservative, requiring biopsy in most adults, so a Marsh 1 lesion with very high tTG makes the diagnosis more likely (+1) but not definitively confirmed without classic atrophy. The patient's occupation makes dietetic referral essential (+2). The emergence of bone pain renders a serology-only follow-up plan highly inappropriate (-2), as it ignores a significant potential complication.",diagnosis,a definitive diagnosis of celiac disease.,An upper endoscopy with duodenal biopsies reveals a Marsh 1 lesion (increased intraepithelial lymphocytes) but no villous atrophy.,this hypothesis becomes,"+2, +1, 0, -1, -2","The extremely high tTG level (>10x ULN) is highly specific for celiac disease. While a Marsh 1 lesion is histologically mild, it is consistent with the diagnosis and does not refute it given the strong serological evidence. (+1)",1.0
,,,,,,management,initiating a strict gluten-free diet and scheduling a consultation with a specialist dietitian.,The patient is a professional baker and is extremely concerned about the financial and career implications of the diagnosis.,this action becomes,"+2, +1, 0, -1, -2","Psychosocial and occupational challenges do not alter the medical necessity of a strict GFD, which is the cornerstone of treatment. In fact, these difficulties make expert dietetic consultation even more essential to ensure success. (+2)",2.0
,,,,,,followup,checking only IgA-tTG levels annually to monitor dietary adherence and disease activity.,"After one year, his symptoms have resolved, but he reports new-onset bone pain in his lower back.",this plan becomes,"+2, +1, 0, -1, -2","New bone pain suggests a potential complication like metabolic bone disease. Follow-up must now be expanded to investigate this, for example by checking vitamin D levels and considering a bone density scan. Relying only on serology is insufficient. (-1)",-2.0
Celiac Disease,european,"A 28-year-old female was diagnosed with celiac disease three years ago via positive tTG-IgA serology (>250 U/mL; ULN <10 U/mL) and duodenal biopsy showing Marsh 3b villous atrophy. She was counselled by a dietitian and initiated a strict gluten-free diet (GFD), with initial improvement in her symptoms of bloating and diarrhea. Over the past year, however, she reports a recurrence of intermittent diarrhea, significant bloating, and persistent fatigue despite her self-reported strict adherence to the GFD. Her follow-up labs show a hemoglobin of 11.2 g/dL (normal 12-16 g/dL) with a low ferritin of 12 ng/mL (normal 15-150 ng/mL). Her current IgA tissue transglutaminase (tTG) antibody level is 25 U/mL, which is significantly lower than her diagnostic level but has not fully normalized. She is frustrated and seeking further evaluation for her persistent symptoms, which are impacting her quality of life.","This item explores the differential diagnosis and management of non-responsive celiac disease, focusing on distinguishing poor dietary adherence from refractory disease and addressing testing limitations.",american,"This is an excellent, clinically valid item. The American College of Gastroenterology (ACG) guideline strongly supports the intended answers. The ACG guideline emphasizes that ongoing gluten exposure is the most common cause of non-response (-2), that RCD requires a specific workup before treatment (+2), and that IgG-based tests must be used in IgA deficiency (-2). The clinical reasoning is sound and consistent with US practice.",diagnosis,a diagnosis of refractory celiac disease (RCD) as the cause of her symptoms.,"A detailed dietary history with a specialist dietitian reveals frequent, unintentional cross-contamination from shared kitchen appliances at her home.",this hypothesis becomes,"+2, +1, 0, -1, -2","The most common cause of non-responsive celiac disease is ongoing gluten intake. Identifying a clear source of inadvertent exposure makes RCD, a rare diagnosis of exclusion, much less likely. (-2)",-2.0
,,,,,,management,initiating empiric treatment with oral budesonide for suspected refractory disease.,"Repeat endoscopy shows persistent villous atrophy, but flow cytometry of intraepithelial lymphocytes is normal, consistent with RCD Type I.",this plan becomes,"+2, +1, 0, -1, -2",Budesonide is a recognized first-line therapy for RCD Type I after ruling out gluten exposure and other causes. This finding makes initiating this treatment highly appropriate. (+2),2.0
,,,,,,followup,relying solely on annual tTG-IgA serology for long-term monitoring.,"Her initial total IgA level, checked at original diagnosis, was found to be very low at 15 mg/dL (normal 70-400 mg/dL).",this plan becomes,"+2, +1, 0, -1, -2","In selective IgA deficiency, IgA-based tests like tTG-IgA are unreliable. Monitoring should use IgG-based assays (e.g., IgG-DGP), making reliance on tTG-IgA alone inappropriate. (-2)",-2.0
Celiac_Disease_Management,european,"A 34-year-old woman was diagnosed with celiac disease two years ago via positive IgA anti-tTG serology and duodenal biopsy showing Marsh 3b villous atrophy. She was initiated on a strict gluten-free diet (GFD) with formal dietitian consultation and reported significant improvement in her bloating and diarrhea within the first year. However, over the past six months, she has presented with a gradual return of intermittent watery diarrhea, abdominal cramping, and persistent fatigue. She insists she is meticulously adherent to her GFD, avoiding cross-contamination and reading all food labels. Repeat laboratory tests show her IgA anti-tTG level is 45 U/mL (upper limit of normal <15 U/mL), down from >250 U/mL at diagnosis but still elevated. She also has a mild iron deficiency anemia with hemoglobin of 10.8 g/dL and ferritin of 12 ng/mL. Her weight has remained stable.","This item focuses on the differential diagnosis and management of non-responsive celiac disease (NRCD). The scenarios test the ability to prioritize investigation of ongoing gluten exposure over premature consideration of refractory disease, based on European guidelines.",american,"The item is clinically excellent and valid from the American guideline perspective. The ACG guideline strongly emphasizes that ongoing gluten exposure is the most common cause of non-responsive celiac disease, making refractory disease a diagnosis of exclusion. This aligns perfectly with the reasoning in Q1 and Q2. The emergence of dermatitis herpetiformis (Q3) clearly indicates active disease requiring urgent reassessment, not routine follow-up. The reasoning is consistent across major guidelines.",diagnosis,"a diagnosis of refractory celiac disease, type 1.",A detailed dietary review reveals frequent consumption of 'gluten-free' oats and dining out at restaurants without dedicated gluten-free kitchens.,this hypothesis becomes,"+2, +1, 0, -1, -2","Ongoing gluten exposure is the most common cause of non-responsive celiac disease. This finding makes refractory celiac disease, a diagnosis of exclusion, much less likely. (-2)",-2.0
,,,,,,management,proceeding directly to immunosuppressive therapy with budesonide or azathioprine.,"Endoscopy and repeat duodenal biopsies are performed, which confirm persistent Marsh 3b villous atrophy.",this action becomes,"+2, +1, 0, -1, -2","Immunosuppressants are for true refractory disease. Before considering them, one must re-verify dietary adherence and exclude other causes of non-response, even with persistent atrophy. (-2)",-2.0
,,,,,,followup,arranging a follow-up appointment in one year for routine clinical and serological review.,"The patient mentions a new, intensely itchy, blistering rash on her elbows and knees, consistent with dermatitis herpetiformis.",this plan becomes,"+2, +1, 0, -1, -2",Dermatitis herpetiformis is an active manifestation of uncontrolled celiac disease. A routine annual follow-up is inadequate; more urgent re-evaluation and management are essential. (-2),-2.0
Celiac_Disease_Management,european,"A 28-year-old woman, diagnosed with celiac disease 18 months ago based on positive IgA anti-tTG antibodies (>10x ULN) and Marsh 3b villous atrophy on duodenal biopsy, returns for follow-up. She was counseled by an expert dietitian and initiated a strict gluten-free diet (GFD). For the first six months, her symptoms of bloating and intermittent diarrhea improved significantly. However, over the last nine months, she has experienced a gradual return of symptoms, including daily abdominal cramping, loose stools, and profound fatigue, despite insisting she is meticulously avoiding all gluten. Her current labs show a persistently elevated IgA anti-tTG of 98 U/mL (ULN <15 U/mL), though lower than her initial >250 U/mL. She also has a new mild normocytic anemia with hemoglobin of 11.2 g/dL. Her total IgA level is normal. She is frustrated and feels her condition is not being managed effectively.","This case assesses the differential diagnosis and management of non-responsive celiac disease, where the challenge is distinguishing between inadvertent gluten exposure, co-existing conditions, and refractory disease.",british,"This is a strong and clinically relevant SCT item. The British Society of Gastroenterology (BSG) guideline aligns closely with the author's reasoning. The BSG guideline clearly prioritizes investigating inadvertent gluten exposure as the primary cause of non-responsive symptoms, making the diagnosis of refractory disease much less likely in Q1. It also supports investigating alternative diagnoses like SIBO when histology normalizes (Q2), and recommends comprehensive annual review beyond just serology (Q3).",diagnosis,a diagnosis of refractory celiac disease type 1.,a detailed dietary review with a specialist dietitian reveals frequent cross-contamination from shared cooking surfaces at her apartment.,this hypothesis becomes,"+2, +1, 0, -1, -2",Inadvertent gluten intake is the most common cause of non-responsive celiac disease. Identifying a clear source of gluten makes a rare diagnosis like refractory disease much less likely. (-2),-2.0
,,,,,,management,initiating an investigation for small intestinal bacterial overgrowth (SIBO) with a glucose breath test.,her follow-up duodenal biopsies show complete normalization of villous architecture (Marsh 0) despite the ongoing symptoms and serology.,this plan becomes,"+2, +1, 0, -1, -2","Histologic remission indicates the GFD is effective. Persistent symptoms with normal histology strongly suggest an alternative diagnosis like IBS or SIBO, making this investigation highly appropriate. (+2)",2.0
,,,,,,followup,relying solely on annual serology testing for long-term monitoring.,she also has a diagnosis of Type 1 Diabetes and reports inconsistent glycemic control over the past year.,this plan becomes,"+2, +1, 0, -1, -2","Patients with comorbid autoimmune conditions like T1DM require more comprehensive monitoring beyond serology, including nutritional status and bone health, making serology alone less appropriate. (-1)",-1.0
Celiac_Disease,european,"A 34-year-old man was diagnosed with celiac disease 18 months ago based on a high IgA anti-tissue transglutaminase (tTG) titer (>150 U/mL) and a duodenal biopsy confirming Marsh 3b villous atrophy. He was referred to an expert dietitian and initiated a strict gluten-free diet (GFD). Despite his reported meticulous adherence, he presents with persistent symptoms, including intermittent watery diarrhea, significant abdominal bloating, and profound fatigue. He has also had an unintentional weight loss of 4 kg over the last six months. Repeat serology shows his tTG-IgA has fallen but remains elevated at 35 U/mL (ULN <15 U/mL). His hemoglobin is 10.8 g/dL with a low ferritin of 12 ng/mL, consistent with ongoing iron deficiency anemia. He feels frustrated and is questioning the effectiveness of his diet.","This item assesses the clinical reasoning for a patient with diagnosed celiac disease who fails to respond to a gluten-free diet, a common and challenging scenario requiring exclusion of comorbidities before considering refractory disease.",american,"The item presents a classic and clinically relevant case of non-responsive celiac disease. The questions logically assess the stepwise evaluation process. The American College of Gastroenterology guideline strongly supports the intended reasoning, emphasizing ruling out ongoing gluten exposure and other conditions (SIBO, microscopic colitis) before considering refractory disease. The reasoning is consistent across international guidelines for this common clinical problem.",diagnosis,a diagnosis of non-responsive celiac disease due to inadvertent gluten consumption.,A detailed dietary review with a specialized dietitian reveals no evidence of gluten exposure and impeccable label reading skills.,this hypothesis becomes,"+2, +1, 0, -1, -2","Inadvertent gluten intake is the most common cause of non-responsive celiac disease. However, an expert review making this less likely prompts investigation into other causes like SIBO or microscopic colitis. (-1)",-1.0
,,,,,,management,proceeding with a trial of oral budesonide to manage suspected refractory celiac disease.,A hydrogen breath test comes back strongly positive for small intestinal bacterial overgrowth (SIBO).,this plan becomes,"+2, +1, 0, -1, -2","Treating a specific, identified comorbidity like SIBO is the correct next step. Initiating immunosuppression for refractory disease would be inappropriate without first addressing this treatable cause of symptoms. (-2)",-2.0
,,,,,,followup,planning for a repeat upper endoscopy with duodenal biopsies to re-evaluate his histology.,The patient reports that his brother was recently diagnosed with microscopic colitis after a similar presentation.,this plan becomes,"+2, +1, 0, -1, -2",Microscopic colitis is a differential for diarrhea but is diagnosed by colonoscopy. This finding doesn't negate the need for a repeat upper endoscopy to assess for refractory disease. The plan remains necessary. (0),0.0
Celiac Disease,european,"A 28-year-old woman presents with a one-year history of intermittent abdominal bloating, flatulence, and 2-3 loose stools per day. She also reports persistent fatigue and has noted an unintentional 5 kg weight loss over the last six months. She has no significant past medical history but mentions her mother has Hashimoto's thyroiditis. Her physical examination is unremarkable except for mild pallor. Initial laboratory workup shows a microcytic anemia with hemoglobin of 10.8 g/dL. Celiac serology reveals an IgA anti-tissue transglutaminase (tTG) antibody level of 95 U/mL (upper limit of normal <10 U/mL), with a normal total IgA level. An upper endoscopy is performed, showing scalloping of the duodenal folds. Duodenal biopsies confirm the diagnosis, demonstrating Marsh 3b classification with significant villous atrophy, crypt hyperplasia, and increased intraepithelial lymphocytes. She is now in your clinic to discuss the results and management plan.","This item assesses the nuances of managing newly diagnosed celiac disease, including screening for comorbidities, recognizing insufficient management plans, and investigating non-responsive symptoms as per ESPGHAN guidelines.",american,"The item is clinically sound and aligns well with American College of Gastroenterology guidelines. The questions appropriately test the management of common comorbidities (autoimmune thyroiditis), complications (osteoporosis), and the crucial workup for non-responsive celiac disease. The clinical reasoning is consistent across both European and American guidelines for these specific scenarios, indicating a high-quality and universally relevant SCT item.",diagnosis,"a diagnosis of concomitant autoimmune thyroiditis, given her family history.","Her thyroid-stimulating hormone (TSH) level is 6.8 mU/L (normal 0.4-4.0), with a normal free T4 and positive anti-TPO antibodies.",this hypothesis becomes,"+2, +1, 0, -1, -2","The combination of elevated TSH (subclinical hypothyroidism) and positive anti-TPO antibodies strongly supports the diagnosis of autoimmune thyroiditis, a known association with celiac disease. (+2)",2.0
,,,,,,management,initiating a strict gluten-free diet with dietitian referral and prescribing iron supplementation.,"A baseline bone densitometry (DEXA) scan, performed due to her malabsorption risk, reveals a Z-score of -2.8 at the lumbar spine.",this plan becomes,"+2, +1, 0, -1, -2","While the initial plan is correct, the finding of severe osteoporosis (Z-score < -2.5) makes it critically insufficient. The plan now requires immediate management of bone health, including vitamin D and calcium. (-2)",-2.0
,,,,,,followup,monitoring her progress with annual clinical reviews and serology testing for tTG-IgA.,"After six months on a dietitian-supervised diet, her tTG-IgA has normalized but her bloating and diarrhea persist with minimal improvement.",this plan becomes,"+2, +1, 0, -1, -2",Persistent symptoms despite serological response suggest non-responsive celiac disease. The plan to wait for a routine annual review is inappropriate; prompt investigation for co-existing conditions is required. (-2),-2.0
Celiac Disease,european,"A 24-year-old male presents with a six-month history of intermittent, non-bloody diarrhea, abdominal bloating, and an unintentional 5 kg weight loss. He reports feeling constantly fatigued. His past medical history is unremarkable, but he mentions his older sister has type 1 diabetes. On examination, he appears thin but is in no acute distress. Initial laboratory investigations reveal a mild microcytic anemia with a hemoglobin of 12.8 g/dL (normal 13.5-17.5 g/dL) and a ferritin of 15 ng/mL (normal 30-400 ng/mL). Serological testing for celiac disease shows a significantly elevated IgA anti-tissue transglutaminase (tTG) antibody level of 155 U/mL (upper limit of normal <15 U/mL), which is greater than ten times the upper limit. His total serum IgA level is within the normal range. He is awaiting an appointment with a gastroenterologist to discuss the next steps, including the potential need for an endoscopy.","This case tests clinical reasoning in a young adult with classic celiac serology. Scenarios explore the interpretation of discordant histology, the primacy of medical management over psychosocial barriers, and the need to broaden follow-up based on new symptoms.",american,"This is a strong SCT item. From an American College of Gastroenterology (ACG) guideline perspective, the reasoning holds. The ACG is conservative, requiring biopsy in most adults, so a Marsh 1 lesion with very high tTG makes the diagnosis more likely (+1) but not definitively confirmed without classic atrophy. The patient's occupation makes dietetic referral essential (+2). The emergence of bone pain renders a serology-only follow-up plan highly inappropriate (-2), as it ignores a significant potential complication.",diagnosis,a definitive diagnosis of celiac disease.,An upper endoscopy with duodenal biopsies reveals a Marsh 1 lesion (increased intraepithelial lymphocytes) but no villous atrophy.,this hypothesis becomes,"+2, +1, 0, -1, -2","The extremely high tTG level (>10x ULN) is highly specific for celiac disease. While a Marsh 1 lesion is histologically mild, it is consistent with the diagnosis and does not refute it given the strong serological evidence. (+1)",1.0
,,,,,,management,initiating a strict gluten-free diet and scheduling a consultation with a specialist dietitian.,The patient is a professional baker and is extremely concerned about the financial and career implications of the diagnosis.,this action becomes,"+2, +1, 0, -1, -2","Psychosocial and occupational challenges do not alter the medical necessity of a strict GFD, which is the cornerstone of treatment. In fact, these difficulties make expert dietetic consultation even more essential to ensure success. (+2)",2.0
,,,,,,followup,checking only IgA-tTG levels annually to monitor dietary adherence and disease activity.,"After one year, his symptoms have resolved, but he reports new-onset bone pain in his lower back.",this plan becomes,"+2, +1, 0, -1, -2","New bone pain suggests a potential complication like metabolic bone disease. Follow-up must now be expanded to investigate this, for example by checking vitamin D levels and considering a bone density scan. Relying only on serology is insufficient. (-1)",-2.0
Celiac Disease,european,"A 28-year-old female was diagnosed with celiac disease three years ago via positive tTG-IgA serology (>250 U/mL; ULN <10 U/mL) and duodenal biopsy showing Marsh 3b villous atrophy. She was counselled by a dietitian and initiated a strict gluten-free diet (GFD), with initial improvement in her symptoms of bloating and diarrhea. Over the past year, however, she reports a recurrence of intermittent diarrhea, significant bloating, and persistent fatigue despite her self-reported strict adherence to the GFD. Her follow-up labs show a hemoglobin of 11.2 g/dL (normal 12-16 g/dL) with a low ferritin of 12 ng/mL (normal 15-150 ng/mL). Her current IgA tissue transglutaminase (tTG) antibody level is 25 U/mL, which is significantly lower than her diagnostic level but has not fully normalized. She is frustrated and seeking further evaluation for her persistent symptoms, which are impacting her quality of life.","This item explores the differential diagnosis and management of non-responsive celiac disease, focusing on distinguishing poor dietary adherence from refractory disease and addressing testing limitations.",american,"This is an excellent, clinically valid item. The American College of Gastroenterology (ACG) guideline strongly supports the intended answers. The ACG guideline emphasizes that ongoing gluten exposure is the most common cause of non-response (-2), that RCD requires a specific workup before treatment (+2), and that IgG-based tests must be used in IgA deficiency (-2). The clinical reasoning is sound and consistent with US practice.",diagnosis,a diagnosis of refractory celiac disease (RCD) as the cause of her symptoms.,"A detailed dietary history with a specialist dietitian reveals frequent, unintentional cross-contamination from shared kitchen appliances at her home.",this hypothesis becomes,"+2, +1, 0, -1, -2","The most common cause of non-responsive celiac disease is ongoing gluten intake. Identifying a clear source of inadvertent exposure makes RCD, a rare diagnosis of exclusion, much less likely. (-2)",-2.0
,,,,,,management,initiating empiric treatment with oral budesonide for suspected refractory disease.,"Repeat endoscopy shows persistent villous atrophy, but flow cytometry of intraepithelial lymphocytes is normal, consistent with RCD Type I.",this plan becomes,"+2, +1, 0, -1, -2",Budesonide is a recognized first-line therapy for RCD Type I after ruling out gluten exposure and other causes. This finding makes initiating this treatment highly appropriate. (+2),2.0
,,,,,,followup,relying solely on annual tTG-IgA serology for long-term monitoring.,"Her initial total IgA level, checked at original diagnosis, was found to be very low at 15 mg/dL (normal 70-400 mg/dL).",this plan becomes,"+2, +1, 0, -1, -2","In selective IgA deficiency, IgA-based tests like tTG-IgA are unreliable. Monitoring should use IgG-based assays (e.g., IgG-DGP), making reliance on tTG-IgA alone inappropriate. (-2)",-2.0
Celiac_Disease_Management,european,"A 34-year-old woman was diagnosed with celiac disease two years ago via positive IgA anti-tTG serology and duodenal biopsy showing Marsh 3b villous atrophy. She was initiated on a strict gluten-free diet (GFD) with formal dietitian consultation and reported significant improvement in her bloating and diarrhea within the first year. However, over the past six months, she has presented with a gradual return of intermittent watery diarrhea, abdominal cramping, and persistent fatigue. She insists she is meticulously adherent to her GFD, avoiding cross-contamination and reading all food labels. Repeat laboratory tests show her IgA anti-tTG level is 45 U/mL (upper limit of normal <15 U/mL), down from >250 U/mL at diagnosis but still elevated. She also has a mild iron deficiency anemia with hemoglobin of 10.8 g/dL and ferritin of 12 ng/mL. Her weight has remained stable.","This item focuses on the differential diagnosis and management of non-responsive celiac disease (NRCD). The scenarios test the ability to prioritize investigation of ongoing gluten exposure over premature consideration of refractory disease, based on European guidelines.",american,"The item is clinically excellent and valid from the American guideline perspective. The ACG guideline strongly emphasizes that ongoing gluten exposure is the most common cause of non-responsive celiac disease, making refractory disease a diagnosis of exclusion. This aligns perfectly with the reasoning in Q1 and Q2. The emergence of dermatitis herpetiformis (Q3) clearly indicates active disease requiring urgent reassessment, not routine follow-up. The reasoning is consistent across major guidelines.",diagnosis,"a diagnosis of refractory celiac disease, type 1.",A detailed dietary review reveals frequent consumption of 'gluten-free' oats and dining out at restaurants without dedicated gluten-free kitchens.,this hypothesis becomes,"+2, +1, 0, -1, -2","Ongoing gluten exposure is the most common cause of non-responsive celiac disease. This finding makes refractory celiac disease, a diagnosis of exclusion, much less likely. (-2)",-2.0
,,,,,,management,proceeding directly to immunosuppressive therapy with budesonide or azathioprine.,"Endoscopy and repeat duodenal biopsies are performed, which confirm persistent Marsh 3b villous atrophy.",this action becomes,"+2, +1, 0, -1, -2","Immunosuppressants are for true refractory disease. Before considering them, one must re-verify dietary adherence and exclude other causes of non-response, even with persistent atrophy. (-2)",-2.0
,,,,,,followup,arranging a follow-up appointment in one year for routine clinical and serological review.,"The patient mentions a new, intensely itchy, blistering rash on her elbows and knees, consistent with dermatitis herpetiformis.",this plan becomes,"+2, +1, 0, -1, -2",Dermatitis herpetiformis is an active manifestation of uncontrolled celiac disease. A routine annual follow-up is inadequate; more urgent re-evaluation and management are essential. (-2),-2.0
Celiac_Disease_Management,european,"A 28-year-old woman, diagnosed with celiac disease 18 months ago based on positive IgA anti-tTG antibodies (>10x ULN) and Marsh 3b villous atrophy on duodenal biopsy, returns for follow-up. She was counseled by an expert dietitian and initiated a strict gluten-free diet (GFD). For the first six months, her symptoms of bloating and intermittent diarrhea improved significantly. However, over the last nine months, she has experienced a gradual return of symptoms, including daily abdominal cramping, loose stools, and profound fatigue, despite insisting she is meticulously avoiding all gluten. Her current labs show a persistently elevated IgA anti-tTG of 98 U/mL (ULN <15 U/mL), though lower than her initial >250 U/mL. She also has a new mild normocytic anemia with hemoglobin of 11.2 g/dL. Her total IgA level is normal. She is frustrated and feels her condition is not being managed effectively.","This case assesses the differential diagnosis and management of non-responsive celiac disease, where the challenge is distinguishing between inadvertent gluten exposure, co-existing conditions, and refractory disease.",british,"This is a strong and clinically relevant SCT item. The British Society of Gastroenterology (BSG) guideline aligns closely with the author's reasoning. The BSG guideline clearly prioritizes investigating inadvertent gluten exposure as the primary cause of non-responsive symptoms, making the diagnosis of refractory disease much less likely in Q1. It also supports investigating alternative diagnoses like SIBO when histology normalizes (Q2), and recommends comprehensive annual review beyond just serology (Q3).",diagnosis,a diagnosis of refractory celiac disease type 1.,a detailed dietary review with a specialist dietitian reveals frequent cross-contamination from shared cooking surfaces at her apartment.,this hypothesis becomes,"+2, +1, 0, -1, -2",Inadvertent gluten intake is the most common cause of non-responsive celiac disease. Identifying a clear source of gluten makes a rare diagnosis like refractory disease much less likely. (-2),-2.0
,,,,,,management,initiating an investigation for small intestinal bacterial overgrowth (SIBO) with a glucose breath test.,her follow-up duodenal biopsies show complete normalization of villous architecture (Marsh 0) despite the ongoing symptoms and serology.,this plan becomes,"+2, +1, 0, -1, -2","Histologic remission indicates the GFD is effective. Persistent symptoms with normal histology strongly suggest an alternative diagnosis like IBS or SIBO, making this investigation highly appropriate. (+2)",2.0
,,,,,,followup,relying solely on annual serology testing for long-term monitoring.,she also has a diagnosis of Type 1 Diabetes and reports inconsistent glycemic control over the past year.,this plan becomes,"+2, +1, 0, -1, -2","Patients with comorbid autoimmune conditions like T1DM require more comprehensive monitoring beyond serology, including nutritional status and bone health, making serology alone less appropriate. (-1)",-1.0
Celiac_Disease,european,"A 34-year-old man was diagnosed with celiac disease 18 months ago based on a high IgA anti-tissue transglutaminase (tTG) titer (>150 U/mL) and a duodenal biopsy confirming Marsh 3b villous atrophy. He was referred to an expert dietitian and initiated a strict gluten-free diet (GFD). Despite his reported meticulous adherence, he presents with persistent symptoms, including intermittent watery diarrhea, significant abdominal bloating, and profound fatigue. He has also had an unintentional weight loss of 4 kg over the last six months. Repeat serology shows his tTG-IgA has fallen but remains elevated at 35 U/mL (ULN <15 U/mL). His hemoglobin is 10.8 g/dL with a low ferritin of 12 ng/mL, consistent with ongoing iron deficiency anemia. He feels frustrated and is questioning the effectiveness of his diet.","This item assesses the clinical reasoning for a patient with diagnosed celiac disease who fails to respond to a gluten-free diet, a common and challenging scenario requiring exclusion of comorbidities before considering refractory disease.",american,"The item presents a classic and clinically relevant case of non-responsive celiac disease. The questions logically assess the stepwise evaluation process. The American College of Gastroenterology guideline strongly supports the intended reasoning, emphasizing ruling out ongoing gluten exposure and other conditions (SIBO, microscopic colitis) before considering refractory disease. The reasoning is consistent across international guidelines for this common clinical problem.",diagnosis,a diagnosis of non-responsive celiac disease due to inadvertent gluten consumption.,A detailed dietary review with a specialized dietitian reveals no evidence of gluten exposure and impeccable label reading skills.,this hypothesis becomes,"+2, +1, 0, -1, -2","Inadvertent gluten intake is the most common cause of non-responsive celiac disease. However, an expert review making this less likely prompts investigation into other causes like SIBO or microscopic colitis. (-1)",-1.0
,,,,,,management,proceeding with a trial of oral budesonide to manage suspected refractory celiac disease.,A hydrogen breath test comes back strongly positive for small intestinal bacterial overgrowth (SIBO).,this plan becomes,"+2, +1, 0, -1, -2","Treating a specific, identified comorbidity like SIBO is the correct next step. Initiating immunosuppression for refractory disease would be inappropriate without first addressing this treatable cause of symptoms. (-2)",-2.0
,,,,,,followup,planning for a repeat upper endoscopy with duodenal biopsies to re-evaluate his histology.,The patient reports that his brother was recently diagnosed with microscopic colitis after a similar presentation.,this plan becomes,"+2, +1, 0, -1, -2",Microscopic colitis is a differential for diarrhea but is diagnosed by colonoscopy. This finding doesn't negate the need for a repeat upper endoscopy to assess for refractory disease. The plan remains necessary. (0),0.0
Celiac_Disease,european,"A 10-year-old boy is brought to your pediatric gastroenterology clinic due to poor growth and persistent abdominal bloating for the past year. He often appears fatigued and has intermittent loose stools. His growth chart shows his height falling from the 25th to the 5th percentile over 18 months. There is a maternal aunt with celiac disease. Initial laboratory workup was ordered by his primary care physician and reveals a positive IgA anti-tissue transglutaminase (tTG) antibody level of 92 U/mL (upper limit of normal [ULN] <10 U/mL), placing it at approximately 9x ULN. His total serum IgA level is within the normal range. The family is anxious about the potential diagnosis and the necessity of an invasive endoscopic procedure. They are hoping to confirm the diagnosis with as little intervention as possible, given his age.","This case focuses on the nuances of diagnosing and managing pediatric celiac disease, particularly the application of the ESPGHAN no-biopsy criteria and troubleshooting non-responsive cases, which requires careful clinical judgment.",american,"This item is clinically sound. The primary difference from the American guideline perspective is in the diagnosis. ACG guidelines for a no-biopsy pathway in children often include positive HLA typing in addition to high tTG and positive EMA, making the hypothesis 'more likely' (+1), but not fully confirmed. Management and followup reasoning are logical, though the need for biopsy in Q2 is arguably essential (+2) given unreliable serology, and the routine plan in Q3 is highly inappropriate (-2) given non-response.",diagnosis,a diagnosis of celiac disease using the no-biopsy pathway is now appropriate.,a repeat blood test confirms IgA-tTG is 115 U/mL and a positive Endomysial Antibody (EMA) test from this new sample is reported.,this hypothesis becomes,"+2, +1, 0, -1, -2","The ESPGHAN guidelines allow a no-biopsy diagnosis in children with tTG >10x ULN plus a positive EMA on a separate blood draw. This new information fulfills those criteria, making the diagnosis highly likely and the pathway appropriate. (+2)",1.0
,,,,,,management,proceeding directly to an upper endoscopy with duodenal biopsies to confirm the diagnosis.,the boy's total IgA level is found to be profoundly deficient at <7 mg/dL.,this plan becomes,"+2, +1, 0, -1, -2","IgA-based serology (like tTG-IgA) is unreliable in selective IgA deficiency, often yielding false negatives. However, this patient has a positive tTG, making the finding less impactful on the decision for biopsy which remains the gold standard. The plan is neither more nor less appropriate. (0)",2.0
,,,,,,followup,scheduling annual follow-up with serology and a dietitian review.,"after 12 months on a gluten-free diet, his growth has not improved and he has developed iron deficiency anemia.",this plan becomes,"+2, +1, 0, -1, -2","Persistent symptoms and new deficiencies despite a GFD suggest non-responsive celiac disease. This necessitates a more intensive workup beyond routine follow-up to assess dietary adherence and exclude other conditions, making the original plan less appropriate. (-1)",-2.0
Celiac Disease,european,"A 28-year-old woman presents with a one-year history of intermittent abdominal bloating, flatulence, and 2-3 loose stools per day. She also reports persistent fatigue and has noted an unintentional 5 kg weight loss over the last six months. She has no significant past medical history but mentions her mother has Hashimoto's thyroiditis. Her physical examination is unremarkable except for mild pallor. Initial laboratory workup shows a microcytic anemia with hemoglobin of 10.8 g/dL. Celiac serology reveals an IgA anti-tissue transglutaminase (tTG) antibody level of 95 U/mL (upper limit of normal <10 U/mL), with a normal total IgA level. An upper endoscopy is performed, showing scalloping of the duodenal folds. Duodenal biopsies confirm the diagnosis, demonstrating Marsh 3b classification with significant villous atrophy, crypt hyperplasia, and increased intraepithelial lymphocytes. She is now in your clinic to discuss the results and management plan.","This item assesses the nuances of managing newly diagnosed celiac disease, including screening for comorbidities, recognizing insufficient management plans, and investigating non-responsive symptoms as per ESPGHAN guidelines.",american,"The item is clinically sound and aligns well with American College of Gastroenterology guidelines. The questions appropriately test the management of common comorbidities (autoimmune thyroiditis), complications (osteoporosis), and the crucial workup for non-responsive celiac disease. The clinical reasoning is consistent across both European and American guidelines for these specific scenarios, indicating a high-quality and universally relevant SCT item.",diagnosis,"a diagnosis of concomitant autoimmune thyroiditis, given her family history.","Her thyroid-stimulating hormone (TSH) level is 6.8 mU/L (normal 0.4-4.0), with a normal free T4 and positive anti-TPO antibodies.",this hypothesis becomes,"+2, +1, 0, -1, -2","The combination of elevated TSH (subclinical hypothyroidism) and positive anti-TPO antibodies strongly supports the diagnosis of autoimmune thyroiditis, a known association with celiac disease. (+2)",2.0
,,,,,,management,initiating a strict gluten-free diet with dietitian referral and prescribing iron supplementation.,"A baseline bone densitometry (DEXA) scan, performed due to her malabsorption risk, reveals a Z-score of -2.8 at the lumbar spine.",this plan becomes,"+2, +1, 0, -1, -2","While the initial plan is correct, the finding of severe osteoporosis (Z-score < -2.5) makes it critically insufficient. The plan now requires immediate management of bone health, including vitamin D and calcium. (-2)",-2.0
,,,,,,followup,monitoring her progress with annual clinical reviews and serology testing for tTG-IgA.,"After six months on a dietitian-supervised diet, her tTG-IgA has normalized but her bloating and diarrhea persist with minimal improvement.",this plan becomes,"+2, +1, 0, -1, -2",Persistent symptoms despite serological response suggest non-responsive celiac disease. The plan to wait for a routine annual review is inappropriate; prompt investigation for co-existing conditions is required. (-2),-2.0
Celiac Disease,european,"A 24-year-old male presents with a six-month history of intermittent, non-bloody diarrhea, abdominal bloating, and an unintentional 5 kg weight loss. He reports feeling constantly fatigued. His past medical history is unremarkable, but he mentions his older sister has type 1 diabetes. On examination, he appears thin but is in no acute distress. Initial laboratory investigations reveal a mild microcytic anemia with a hemoglobin of 12.8 g/dL (normal 13.5-17.5 g/dL) and a ferritin of 15 ng/mL (normal 30-400 ng/mL). Serological testing for celiac disease shows a significantly elevated IgA anti-tissue transglutaminase (tTG) antibody level of 155 U/mL (upper limit of normal <15 U/mL), which is greater than ten times the upper limit. His total serum IgA level is within the normal range. He is awaiting an appointment with a gastroenterologist to discuss the next steps, including the potential need for an endoscopy.","This case tests clinical reasoning in a young adult with classic celiac serology. Scenarios explore the interpretation of discordant histology, the primacy of medical management over psychosocial barriers, and the need to broaden follow-up based on new symptoms.",american,"This is a strong SCT item. From an American College of Gastroenterology (ACG) guideline perspective, the reasoning holds. The ACG is conservative, requiring biopsy in most adults, so a Marsh 1 lesion with very high tTG makes the diagnosis more likely (+1) but not definitively confirmed without classic atrophy. The patient's occupation makes dietetic referral essential (+2). The emergence of bone pain renders a serology-only follow-up plan highly inappropriate (-2), as it ignores a significant potential complication.",diagnosis,a definitive diagnosis of celiac disease.,An upper endoscopy with duodenal biopsies reveals a Marsh 1 lesion (increased intraepithelial lymphocytes) but no villous atrophy.,this hypothesis becomes,"+2, +1, 0, -1, -2","The extremely high tTG level (>10x ULN) is highly specific for celiac disease. While a Marsh 1 lesion is histologically mild, it is consistent with the diagnosis and does not refute it given the strong serological evidence. (+1)",1.0
,,,,,,management,initiating a strict gluten-free diet and scheduling a consultation with a specialist dietitian.,The patient is a professional baker and is extremely concerned about the financial and career implications of the diagnosis.,this action becomes,"+2, +1, 0, -1, -2","Psychosocial and occupational challenges do not alter the medical necessity of a strict GFD, which is the cornerstone of treatment. In fact, these difficulties make expert dietetic consultation even more essential to ensure success. (+2)",2.0
,,,,,,followup,checking only IgA-tTG levels annually to monitor dietary adherence and disease activity.,"After one year, his symptoms have resolved, but he reports new-onset bone pain in his lower back.",this plan becomes,"+2, +1, 0, -1, -2","New bone pain suggests a potential complication like metabolic bone disease. Follow-up must now be expanded to investigate this, for example by checking vitamin D levels and considering a bone density scan. Relying only on serology is insufficient. (-1)",-2.0
Celiac Disease,european,"A 28-year-old female was diagnosed with celiac disease three years ago via positive tTG-IgA serology (>250 U/mL; ULN <10 U/mL) and duodenal biopsy showing Marsh 3b villous atrophy. She was counselled by a dietitian and initiated a strict gluten-free diet (GFD), with initial improvement in her symptoms of bloating and diarrhea. Over the past year, however, she reports a recurrence of intermittent diarrhea, significant bloating, and persistent fatigue despite her self-reported strict adherence to the GFD. Her follow-up labs show a hemoglobin of 11.2 g/dL (normal 12-16 g/dL) with a low ferritin of 12 ng/mL (normal 15-150 ng/mL). Her current IgA tissue transglutaminase (tTG) antibody level is 25 U/mL, which is significantly lower than her diagnostic level but has not fully normalized. She is frustrated and seeking further evaluation for her persistent symptoms, which are impacting her quality of life.","This item explores the differential diagnosis and management of non-responsive celiac disease, focusing on distinguishing poor dietary adherence from refractory disease and addressing testing limitations.",american,"This is an excellent, clinically valid item. The American College of Gastroenterology (ACG) guideline strongly supports the intended answers. The ACG guideline emphasizes that ongoing gluten exposure is the most common cause of non-response (-2), that RCD requires a specific workup before treatment (+2), and that IgG-based tests must be used in IgA deficiency (-2). The clinical reasoning is sound and consistent with US practice.",diagnosis,a diagnosis of refractory celiac disease (RCD) as the cause of her symptoms.,"A detailed dietary history with a specialist dietitian reveals frequent, unintentional cross-contamination from shared kitchen appliances at her home.",this hypothesis becomes,"+2, +1, 0, -1, -2","The most common cause of non-responsive celiac disease is ongoing gluten intake. Identifying a clear source of inadvertent exposure makes RCD, a rare diagnosis of exclusion, much less likely. (-2)",-2.0
,,,,,,management,initiating empiric treatment with oral budesonide for suspected refractory disease.,"Repeat endoscopy shows persistent villous atrophy, but flow cytometry of intraepithelial lymphocytes is normal, consistent with RCD Type I.",this plan becomes,"+2, +1, 0, -1, -2",Budesonide is a recognized first-line therapy for RCD Type I after ruling out gluten exposure and other causes. This finding makes initiating this treatment highly appropriate. (+2),2.0
,,,,,,followup,relying solely on annual tTG-IgA serology for long-term monitoring.,"Her initial total IgA level, checked at original diagnosis, was found to be very low at 15 mg/dL (normal 70-400 mg/dL).",this plan becomes,"+2, +1, 0, -1, -2","In selective IgA deficiency, IgA-based tests like tTG-IgA are unreliable. Monitoring should use IgG-based assays (e.g., IgG-DGP), making reliance on tTG-IgA alone inappropriate. (-2)",-2.0
Celiac Disease,european,"A 38-year-old woman, diagnosed with celiac disease three years prior based on strongly positive tTG-IgA antibodies and duodenal biopsies showing Marsh 3b villous atrophy, returns for consultation. She initially experienced a complete resolution of her bloating, anemia, and fatigue after adopting a strict gluten-free diet (GFD). However, for the past nine months, she has reported a gradual return of intermittent diarrhea, abdominal cramping, and profound fatigue, despite her insistence on maintaining a strict GFD. She has also noted an unintended 4 kg weight loss. A recent blood test confirms her tTG-IgA levels are now undetectable (<2 U/mL), but she has developed a new mild normocytic anemia (hemoglobin 11.8 g/dL) and her ferritin is low at 12 ng/mL. She is anxious about the possibility of her condition worsening and is seeking advice on the next steps in her management.","This item assesses the clinical approach to non-responsive celiac disease. The key is to systematically exclude more common causes (poor adherence, co-existing conditions like lactose intolerance or other autoimmune diseases) before considering rare diagnoses like refractory disease.",american,"Excellent item. The American (ACG) guidelines align perfectly with the expected reasoning. The approach to non-responsive celiac disease—first ruling out ongoing gluten exposure, then co-morbidities like lactose intolerance or other autoimmune issues—is standard in both US and European practice. The scenarios are clinically realistic and test key decision points effectively. The reasoning is sound across guidelines.",diagnosis,a diagnosis of refractory celiac disease type I.,"A detailed dietary review with a specialist dietitian reveals frequent, unintentional cross-contamination from shared kitchen appliances.",this hypothesis becomes,"+2, +1, 0, -1, -2","The most common cause of non-responsive celiac disease is ongoing gluten exposure. This finding makes inadvertent gluten intake the likely culprit, rendering a diagnosis of true refractory disease much less likely. (-2)",-2.0
,,,,,,management,initiating an empirical trial of oral budesonide for symptom control.,Further evaluation reveals a markedly elevated thyroid-stimulating hormone (TSH) and positive anti-thyroid peroxidase antibodies.,this plan becomes,"+2, +1, 0, -1, -2","This new information suggests concurrent autoimmune hypothyroidism, which can cause fatigue and GI symptoms. Treating the hypothyroidism is the priority, making empirical steroids for presumed refractory disease inappropriate. (-2)",-2.0
,,,,,,followup,scheduling an immediate repeat upper endoscopy with duodenal biopsies.,Hydrogen breath testing performed to evaluate her symptoms is strongly positive for lactose malabsorption.,this plan becomes,"+2, +1, 0, -1, -2","This provides a clear, treatable alternative explanation for her symptoms. A trial of a lactose-free diet is the next logical step, making an immediate invasive procedure less appropriate. (-1)",-1.0
Celiac Disease,european,"A 24-year-old female was diagnosed with celiac disease 18 months ago. The diagnosis was based on elevated IgA anti-tissue transglutaminase (tTG) antibodies (>10x ULN), positive endomysial antibodies (EMA), and duodenal biopsies showing Marsh 3b villous atrophy. She has a history of type 1 diabetes. Since her diagnosis, she has been following what she describes as a strict gluten-free diet with guidance from a dietitian. However, she returns to your clinic complaining of persistent fatigue, intermittent bloating, and loose stools. Repeat laboratory tests show a persistently low hemoglobin of 10.8 g/dL with low ferritin at 12 ng/mL. Her IgA-tTG level has decreased significantly but remains slightly elevated at 25 U/mL (normal <15 U/mL). She is frustrated with her lack of improvement and is questioning her diagnosis and the effectiveness of the diet. Her weight has remained stable since her last visit six months ago.","This item assesses the evaluation of non-responsive celiac disease. It explores the differential diagnosis beyond dietary non-adherence, appropriate management steps when initial therapy fails, and the rationale for long-term monitoring strategies.",british,"The item is clinically sound and aligns well with British Society of Gastroenterology guidelines. The reasoning for each question is robust. The primary cause of non-responsive celiac disease is correctly identified as gluten exposure. The management and follow-up plans are consistent with standard practice, showing no significant deviation from the European guideline perspective in these core areas.",diagnosis,inadvertent gluten ingestion is the primary cause of her persistent symptoms.,A detailed dietary review with a specialist dietitian reveals multiple sources of potential cross-contamination in her home kitchen and weekly restaurant meals.,this hypothesis becomes,"+2, +1, 0, -1, -2","In non-responsive celiac disease, ongoing gluten exposure is the most common cause. This new information strongly supports that hypothesis. (+2)",2.0
,,,,,,management,"ordering a comprehensive screen for micronutrient deficiencies, including iron, vitamin D, and B12.",She mentions experiencing recent paresthesias in her feet and increased fatigue despite taking an oral iron supplement for three months.,this plan becomes,"+2, +1, 0, -1, -2","Paresthesias could suggest B12 deficiency, a complication of malabsorption in celiac disease. The plan to screen for this and other deficiencies is now essential. (+2)",2.0
,,,,,,followup,scheduling a repeat upper endoscopy with duodenal biopsies in the near future.,Her IgA-tTG levels have now completely normalized and her gastrointestinal symptoms have fully resolved after intensive dietary counseling.,this plan becomes,"+2, +1, 0, -1, -2","With serological and clinical remission, an invasive procedure like repeat endoscopy becomes much less appropriate and can be deferred. It's not indicated for routine follow-up. (-2)",-2.0
Celiac_Disease_Management,european,"A 34-year-old woman was diagnosed with celiac disease two years ago via positive IgA anti-tTG serology and duodenal biopsy showing Marsh 3b villous atrophy. She was initiated on a strict gluten-free diet (GFD) with formal dietitian consultation and reported significant improvement in her bloating and diarrhea within the first year. However, over the past six months, she has presented with a gradual return of intermittent watery diarrhea, abdominal cramping, and persistent fatigue. She insists she is meticulously adherent to her GFD, avoiding cross-contamination and reading all food labels. Repeat laboratory tests show her IgA anti-tTG level is 45 U/mL (upper limit of normal <15 U/mL), down from >250 U/mL at diagnosis but still elevated. She also has a mild iron deficiency anemia with hemoglobin of 10.8 g/dL and ferritin of 12 ng/mL. Her weight has remained stable.","This item focuses on the differential diagnosis and management of non-responsive celiac disease (NRCD). The scenarios test the ability to prioritize investigation of ongoing gluten exposure over premature consideration of refractory disease, based on European guidelines.",american,"The item is clinically excellent and valid from the American guideline perspective. The ACG guideline strongly emphasizes that ongoing gluten exposure is the most common cause of non-responsive celiac disease, making refractory disease a diagnosis of exclusion. This aligns perfectly with the reasoning in Q1 and Q2. The emergence of dermatitis herpetiformis (Q3) clearly indicates active disease requiring urgent reassessment, not routine follow-up. The reasoning is consistent across major guidelines.",diagnosis,"a diagnosis of refractory celiac disease, type 1.",A detailed dietary review reveals frequent consumption of 'gluten-free' oats and dining out at restaurants without dedicated gluten-free kitchens.,this hypothesis becomes,"+2, +1, 0, -1, -2","Ongoing gluten exposure is the most common cause of non-responsive celiac disease. This finding makes refractory celiac disease, a diagnosis of exclusion, much less likely. (-2)",-2.0
,,,,,,management,proceeding directly to immunosuppressive therapy with budesonide or azathioprine.,"Endoscopy and repeat duodenal biopsies are performed, which confirm persistent Marsh 3b villous atrophy.",this action becomes,"+2, +1, 0, -1, -2","Immunosuppressants are for true refractory disease. Before considering them, one must re-verify dietary adherence and exclude other causes of non-response, even with persistent atrophy. (-2)",-2.0
,,,,,,followup,arranging a follow-up appointment in one year for routine clinical and serological review.,"The patient mentions a new, intensely itchy, blistering rash on her elbows and knees, consistent with dermatitis herpetiformis.",this plan becomes,"+2, +1, 0, -1, -2",Dermatitis herpetiformis is an active manifestation of uncontrolled celiac disease. A routine annual follow-up is inadequate; more urgent re-evaluation and management are essential. (-2),-2.0
Celiac_Disease_Management,european,"A 28-year-old woman, diagnosed with celiac disease 18 months ago based on positive IgA anti-tTG antibodies (>10x ULN) and Marsh 3b villous atrophy on duodenal biopsy, returns for follow-up. She was counseled by an expert dietitian and initiated a strict gluten-free diet (GFD). For the first six months, her symptoms of bloating and intermittent diarrhea improved significantly. However, over the last nine months, she has experienced a gradual return of symptoms, including daily abdominal cramping, loose stools, and profound fatigue, despite insisting she is meticulously avoiding all gluten. Her current labs show a persistently elevated IgA anti-tTG of 98 U/mL (ULN <15 U/mL), though lower than her initial >250 U/mL. She also has a new mild normocytic anemia with hemoglobin of 11.2 g/dL. Her total IgA level is normal. She is frustrated and feels her condition is not being managed effectively.","This case assesses the differential diagnosis and management of non-responsive celiac disease, where the challenge is distinguishing between inadvertent gluten exposure, co-existing conditions, and refractory disease.",british,"This is a strong and clinically relevant SCT item. The British Society of Gastroenterology (BSG) guideline aligns closely with the author's reasoning. The BSG guideline clearly prioritizes investigating inadvertent gluten exposure as the primary cause of non-responsive symptoms, making the diagnosis of refractory disease much less likely in Q1. It also supports investigating alternative diagnoses like SIBO when histology normalizes (Q2), and recommends comprehensive annual review beyond just serology (Q3).",diagnosis,a diagnosis of refractory celiac disease type 1.,a detailed dietary review with a specialist dietitian reveals frequent cross-contamination from shared cooking surfaces at her apartment.,this hypothesis becomes,"+2, +1, 0, -1, -2",Inadvertent gluten intake is the most common cause of non-responsive celiac disease. Identifying a clear source of gluten makes a rare diagnosis like refractory disease much less likely. (-2),-2.0
,,,,,,management,initiating an investigation for small intestinal bacterial overgrowth (SIBO) with a glucose breath test.,her follow-up duodenal biopsies show complete normalization of villous architecture (Marsh 0) despite the ongoing symptoms and serology.,this plan becomes,"+2, +1, 0, -1, -2","Histologic remission indicates the GFD is effective. Persistent symptoms with normal histology strongly suggest an alternative diagnosis like IBS or SIBO, making this investigation highly appropriate. (+2)",2.0
,,,,,,followup,relying solely on annual serology testing for long-term monitoring.,she also has a diagnosis of Type 1 Diabetes and reports inconsistent glycemic control over the past year.,this plan becomes,"+2, +1, 0, -1, -2","Patients with comorbid autoimmune conditions like T1DM require more comprehensive monitoring beyond serology, including nutritional status and bone health, making serology alone less appropriate. (-1)",-1.0
Celiac_Disease,european,"A 34-year-old man was diagnosed with celiac disease 18 months ago based on a high IgA anti-tissue transglutaminase (tTG) titer (>150 U/mL) and a duodenal biopsy confirming Marsh 3b villous atrophy. He was referred to an expert dietitian and initiated a strict gluten-free diet (GFD). Despite his reported meticulous adherence, he presents with persistent symptoms, including intermittent watery diarrhea, significant abdominal bloating, and profound fatigue. He has also had an unintentional weight loss of 4 kg over the last six months. Repeat serology shows his tTG-IgA has fallen but remains elevated at 35 U/mL (ULN <15 U/mL). His hemoglobin is 10.8 g/dL with a low ferritin of 12 ng/mL, consistent with ongoing iron deficiency anemia. He feels frustrated and is questioning the effectiveness of his diet.","This item assesses the clinical reasoning for a patient with diagnosed celiac disease who fails to respond to a gluten-free diet, a common and challenging scenario requiring exclusion of comorbidities before considering refractory disease.",american,"The item presents a classic and clinically relevant case of non-responsive celiac disease. The questions logically assess the stepwise evaluation process. The American College of Gastroenterology guideline strongly supports the intended reasoning, emphasizing ruling out ongoing gluten exposure and other conditions (SIBO, microscopic colitis) before considering refractory disease. The reasoning is consistent across international guidelines for this common clinical problem.",diagnosis,a diagnosis of non-responsive celiac disease due to inadvertent gluten consumption.,A detailed dietary review with a specialized dietitian reveals no evidence of gluten exposure and impeccable label reading skills.,this hypothesis becomes,"+2, +1, 0, -1, -2","Inadvertent gluten intake is the most common cause of non-responsive celiac disease. However, an expert review making this less likely prompts investigation into other causes like SIBO or microscopic colitis. (-1)",-1.0
,,,,,,management,proceeding with a trial of oral budesonide to manage suspected refractory celiac disease.,A hydrogen breath test comes back strongly positive for small intestinal bacterial overgrowth (SIBO).,this plan becomes,"+2, +1, 0, -1, -2","Treating a specific, identified comorbidity like SIBO is the correct next step. Initiating immunosuppression for refractory disease would be inappropriate without first addressing this treatable cause of symptoms. (-2)",-2.0
,,,,,,followup,planning for a repeat upper endoscopy with duodenal biopsies to re-evaluate his histology.,The patient reports that his brother was recently diagnosed with microscopic colitis after a similar presentation.,this plan becomes,"+2, +1, 0, -1, -2",Microscopic colitis is a differential for diarrhea but is diagnosed by colonoscopy. This finding doesn't negate the need for a repeat upper endoscopy to assess for refractory disease. The plan remains necessary. (0),0.0
Celiac_Disease,european,"A 10-year-old boy is brought to your pediatric gastroenterology clinic due to poor growth and persistent abdominal bloating for the past year. He often appears fatigued and has intermittent loose stools. His growth chart shows his height falling from the 25th to the 5th percentile over 18 months. There is a maternal aunt with celiac disease. Initial laboratory workup was ordered by his primary care physician and reveals a positive IgA anti-tissue transglutaminase (tTG) antibody level of 92 U/mL (upper limit of normal [ULN] <10 U/mL), placing it at approximately 9x ULN. His total serum IgA level is within the normal range. The family is anxious about the potential diagnosis and the necessity of an invasive endoscopic procedure. They are hoping to confirm the diagnosis with as little intervention as possible, given his age.","This case focuses on the nuances of diagnosing and managing pediatric celiac disease, particularly the application of the ESPGHAN no-biopsy criteria and troubleshooting non-responsive cases, which requires careful clinical judgment.",american,"This item is clinically sound. The primary difference from the American guideline perspective is in the diagnosis. ACG guidelines for a no-biopsy pathway in children often include positive HLA typing in addition to high tTG and positive EMA, making the hypothesis 'more likely' (+1), but not fully confirmed. Management and followup reasoning are logical, though the need for biopsy in Q2 is arguably essential (+2) given unreliable serology, and the routine plan in Q3 is highly inappropriate (-2) given non-response.",diagnosis,a diagnosis of celiac disease using the no-biopsy pathway is now appropriate.,a repeat blood test confirms IgA-tTG is 115 U/mL and a positive Endomysial Antibody (EMA) test from this new sample is reported.,this hypothesis becomes,"+2, +1, 0, -1, -2","The ESPGHAN guidelines allow a no-biopsy diagnosis in children with tTG >10x ULN plus a positive EMA on a separate blood draw. This new information fulfills those criteria, making the diagnosis highly likely and the pathway appropriate. (+2)",1.0
,,,,,,management,proceeding directly to an upper endoscopy with duodenal biopsies to confirm the diagnosis.,the boy's total IgA level is found to be profoundly deficient at <7 mg/dL.,this plan becomes,"+2, +1, 0, -1, -2","IgA-based serology (like tTG-IgA) is unreliable in selective IgA deficiency, often yielding false negatives. However, this patient has a positive tTG, making the finding less impactful on the decision for biopsy which remains the gold standard. The plan is neither more nor less appropriate. (0)",2.0
,,,,,,followup,scheduling annual follow-up with serology and a dietitian review.,"after 12 months on a gluten-free diet, his growth has not improved and he has developed iron deficiency anemia.",this plan becomes,"+2, +1, 0, -1, -2","Persistent symptoms and new deficiencies despite a GFD suggest non-responsive celiac disease. This necessitates a more intensive workup beyond routine follow-up to assess dietary adherence and exclude other conditions, making the original plan less appropriate. (-1)",-2.0
Celiac Disease,european,"A 28-year-old woman presents with a one-year history of intermittent abdominal bloating, flatulence, and 2-3 loose stools per day. She also reports persistent fatigue and has noted an unintentional 5 kg weight loss over the last six months. She has no significant past medical history but mentions her mother has Hashimoto's thyroiditis. Her physical examination is unremarkable except for mild pallor. Initial laboratory workup shows a microcytic anemia with hemoglobin of 10.8 g/dL. Celiac serology reveals an IgA anti-tissue transglutaminase (tTG) antibody level of 95 U/mL (upper limit of normal <10 U/mL), with a normal total IgA level. An upper endoscopy is performed, showing scalloping of the duodenal folds. Duodenal biopsies confirm the diagnosis, demonstrating Marsh 3b classification with significant villous atrophy, crypt hyperplasia, and increased intraepithelial lymphocytes. She is now in your clinic to discuss the results and management plan.","This item assesses the nuances of managing newly diagnosed celiac disease, including screening for comorbidities, recognizing insufficient management plans, and investigating non-responsive symptoms as per ESPGHAN guidelines.",american,"The item is clinically sound and aligns well with American College of Gastroenterology guidelines. The questions appropriately test the management of common comorbidities (autoimmune thyroiditis), complications (osteoporosis), and the crucial workup for non-responsive celiac disease. The clinical reasoning is consistent across both European and American guidelines for these specific scenarios, indicating a high-quality and universally relevant SCT item.",diagnosis,"a diagnosis of concomitant autoimmune thyroiditis, given her family history.","Her thyroid-stimulating hormone (TSH) level is 6.8 mU/L (normal 0.4-4.0), with a normal free T4 and positive anti-TPO antibodies.",this hypothesis becomes,"+2, +1, 0, -1, -2","The combination of elevated TSH (subclinical hypothyroidism) and positive anti-TPO antibodies strongly supports the diagnosis of autoimmune thyroiditis, a known association with celiac disease. (+2)",2.0
,,,,,,management,initiating a strict gluten-free diet with dietitian referral and prescribing iron supplementation.,"A baseline bone densitometry (DEXA) scan, performed due to her malabsorption risk, reveals a Z-score of -2.8 at the lumbar spine.",this plan becomes,"+2, +1, 0, -1, -2","While the initial plan is correct, the finding of severe osteoporosis (Z-score < -2.5) makes it critically insufficient. The plan now requires immediate management of bone health, including vitamin D and calcium. (-2)",-2.0
,,,,,,followup,monitoring her progress with annual clinical reviews and serology testing for tTG-IgA.,"After six months on a dietitian-supervised diet, her tTG-IgA has normalized but her bloating and diarrhea persist with minimal improvement.",this plan becomes,"+2, +1, 0, -1, -2",Persistent symptoms despite serological response suggest non-responsive celiac disease. The plan to wait for a routine annual review is inappropriate; prompt investigation for co-existing conditions is required. (-2),-2.0
Celiac Disease,european,"A 24-year-old male presents with a six-month history of intermittent, non-bloody diarrhea, abdominal bloating, and an unintentional 5 kg weight loss. He reports feeling constantly fatigued. His past medical history is unremarkable, but he mentions his older sister has type 1 diabetes. On examination, he appears thin but is in no acute distress. Initial laboratory investigations reveal a mild microcytic anemia with a hemoglobin of 12.8 g/dL (normal 13.5-17.5 g/dL) and a ferritin of 15 ng/mL (normal 30-400 ng/mL). Serological testing for celiac disease shows a significantly elevated IgA anti-tissue transglutaminase (tTG) antibody level of 155 U/mL (upper limit of normal <15 U/mL), which is greater than ten times the upper limit. His total serum IgA level is within the normal range. He is awaiting an appointment with a gastroenterologist to discuss the next steps, including the potential need for an endoscopy.","This case tests clinical reasoning in a young adult with classic celiac serology. Scenarios explore the interpretation of discordant histology, the primacy of medical management over psychosocial barriers, and the need to broaden follow-up based on new symptoms.",american,"This is a strong SCT item. From an American College of Gastroenterology (ACG) guideline perspective, the reasoning holds. The ACG is conservative, requiring biopsy in most adults, so a Marsh 1 lesion with very high tTG makes the diagnosis more likely (+1) but not definitively confirmed without classic atrophy. The patient's occupation makes dietetic referral essential (+2). The emergence of bone pain renders a serology-only follow-up plan highly inappropriate (-2), as it ignores a significant potential complication.",diagnosis,a definitive diagnosis of celiac disease.,An upper endoscopy with duodenal biopsies reveals a Marsh 1 lesion (increased intraepithelial lymphocytes) but no villous atrophy.,this hypothesis becomes,"+2, +1, 0, -1, -2","The extremely high tTG level (>10x ULN) is highly specific for celiac disease. While a Marsh 1 lesion is histologically mild, it is consistent with the diagnosis and does not refute it given the strong serological evidence. (+1)",1.0
,,,,,,management,initiating a strict gluten-free diet and scheduling a consultation with a specialist dietitian.,The patient is a professional baker and is extremely concerned about the financial and career implications of the diagnosis.,this action becomes,"+2, +1, 0, -1, -2","Psychosocial and occupational challenges do not alter the medical necessity of a strict GFD, which is the cornerstone of treatment. In fact, these difficulties make expert dietetic consultation even more essential to ensure success. (+2)",2.0
,,,,,,followup,checking only IgA-tTG levels annually to monitor dietary adherence and disease activity.,"After one year, his symptoms have resolved, but he reports new-onset bone pain in his lower back.",this plan becomes,"+2, +1, 0, -1, -2","New bone pain suggests a potential complication like metabolic bone disease. Follow-up must now be expanded to investigate this, for example by checking vitamin D levels and considering a bone density scan. Relying only on serology is insufficient. (-1)",-2.0
